{"timestamp":"2020-01-26T16:35:26.584Z","videoElapsedSeconds":990.700172,"metrics":{"time":[[0,0],[0.49998841700005414,0.49998841700005414],[0.9995989590000818,0.49961054200002764],[1.4999281670000073,0.5003292079999255],[1.9999313340000526,0.5000031670000453],[2.499937917000011,0.5000065829999585],[2.9999531250000473,0.5000152080000362],[3.499013583000078,0.49906045800003085],[3.9999319580000474,0.5009183749999693],[4.499748418000081,0.49981646000003366],[4.999923585000033,0.5001751669999521],[5.499820917000079,0.49989733200004594],[6.000013500000023,0.5001925829999436],[6.499927043000071,0.49991354300004787],[6.999936043000048,0.5000089999999773],[7.499916250000069,0.49998020700002144],[7.999924875000033,0.500008624999964],[8.499933166999995,0.5000082919999613],[8.999928375000081,0.4999952080000867],[9.299827999999934,0.2998996249998527]],"bpm":[[0,128],[0.49998841700005414,128],[0.9995989590000818,131],[1.4999281670000073,131],[1.9999313340000526,131],[2.499937917000011,131],[2.9999531250000473,131],[3.499013583000078,131],[3.9999319580000474,131],[4.499748418000081,131],[4.999923585000033,131],[5.499820917000079,131],[6.000013500000023,131],[6.499927043000071,137],[6.999936043000048,137],[7.499916250000069,137],[7.999924875000033,137],[8.499933166999995,137],[8.999928375000081,137],[9.299827999999934,137]],"kcal":[[0,0.09710887228685665],[0.49998841700005414,0.09710289216383967],[0.9995989590000818,0.09969950775393063],[1.4999281670000073,0.09984292075346919],[1.9999313340000526,0.0997778578205184],[2.499937917000011,0.09977853949850796],[2.9999531250000473,0.09978026065566904],[3.499013583000078,0.09958973604294263],[3.9999319580000474,0.09996049165110092],[4.499748418000081,0.0997405996075094],[4.999923585000033,0.09981218118618587],[5.499820917000079,0.09975673797512677],[6.000013500000023,0.09981565662651433],[6.499927043000071,0.10510321713087128],[6.999936043000048,0.10512328627668806],[7.499916250000069,0.10511723275609718],[7.999924875000033,0.1051232074356397],[8.499933166999995,0.10512313742479068],[8.999928375000081,0.10512038660817644],[9.299827999999934,0.06305173333506466]],"reps":[],"score":[[0,0.3742665979936716],[0.49998841700005414,0.37424355004507087],[0.9995989590000818,0.3949756405920611],[1.4999281670000073,0.39554379426340897],[1.9999313340000526,0.395286036986568],[2.499937917000011,0.39528873756359856],[2.9999531250000473,0.39529555620460877],[3.499013583000078,0.39454076229784335],[3.9999319580000474,0.39600957029032463],[4.499748418000081,0.3951384325812698],[4.999923585000033,0.395422014521936],[5.499820917000079,0.3952023673210832],[6.000013500000023,0.3954357830379598],[6.499927043000071,0.4372705365641406],[6.999936043000048,0.43735403206883816],[7.499916250000069,0.43732884705291636],[7.999924875000033,0.4373537040592067],[8.499933166999995,0.4373534127866619],[8.999928375000081,0.4373419683124609],[9.299827999999934,0.26231989866107225]],"motion":[]},"serverReceivedTimestamp":"2020-01-26T16:35:36.154Z"}