{"timestamp":"2020-01-26T16:35:36.085Z","videoElapsedSeconds":1000.200104625,"metrics":{"time":[[0,0],[0.5000101660000382,0.5000101660000382],[0.9999906250000095,0.49998045899997123],[1.5000009999999975,0.500010374999988],[1.9999872920000143,0.4999862920000169],[2.499992958000007,0.5000056659999927],[2.9995206250000592,0.49952766700005213],[3.500022041999955,0.5005014169998958],[3.999979667000048,0.4999576250000928],[4.500055167000028,0.5000754999999799],[5.000010834000022,0.4999556669999947],[5.49971666700003,0.49970583300000726],[5.999954876000061,0.500238209000031],[6.4999838759999875,0.5000289999999268],[7.000066208000021,0.5000823320000336],[7.500043541999958,0.4999773339999365],[7.999998376000008,0.49995483400005014],[8.500000210000053,0.5000018340000452],[9.000039540999978,0.5000393309999254],[9.500011665999978,0.4999721249999993],[9.999995709000018,0.4999840430000404]],"bpm":[[0,137],[0.5000101660000382,137],[0.9999906250000095,137],[1.5000009999999975,138],[1.9999872920000143,138],[2.499992958000007,138],[2.9995206250000592,138],[3.500022041999955,138],[3.999979667000048,138],[4.500055167000028,138],[5.000010834000022,138],[5.49971666700003,138],[5.999954876000061,138],[6.4999838759999875,128],[7.000066208000021,128],[7.500043541999958,128],[7.999998376000008,128],[8.500000210000053,128],[9.000039540999978,128],[9.500011665999978,128],[9.999995709000018,128]],"kcal":[[0,0.04207055428837608],[0.5000101660000382,0.1051235314197919],[0.9999906250000095,0.10511728573726926],[1.5000009999999975,0.10601428855244564],[1.9999872920000143,0.10600918237418255],[2.499992958000007,0.10601329013059431],[2.9995206250000592,0.10591194278573676],[3.500022041999955,0.10611840132864472],[3.999979667000048,0.10600310427709929],[4.500055167000028,0.10602809662701033],[5.000010834000022,0.10600268913373877],[5.49971666700003,0.10594971828535409],[5.999954876000061,0.10606259486893482],[6.4999838759999875,0.09711077379974628],[7.000066208000021,0.0971211314226015],[7.500043541999958,0.09710073973124587],[7.999998376000008,0.09709636999989138],[8.500000210000053,0.09710549788321035],[9.000039540999978,0.09711278018618387],[9.500011665999978,0.09709972808989185],[9.999995709000018,0.09710204268805742]],"reps":[],"score":[[0,0.1750299786192331],[0.5000101660000382,0.43735505196013624],[0.9999906250000095,0.437329067475337],[1.5000009999999975,0.444365818000262],[1.9999872920000143,0.4443444151204076],[2.499992958000007,0.44436163304983],[2.9995206250000592,0.44393682903128956],[3.500022041999955,0.4448022135049783],[3.999979667000048,0.4443189383793082],[4.500055167000028,0.4444236954470923],[5.000010834000022,0.44431719827878485],[5.49971666700003,0.44409516750638595],[5.999954876000061,0.4445682970824158],[6.4999838759999875,0.3742739266006618],[7.000066208000021,0.37431384583953287],[7.500043541999958,0.37423525437027494],[7.999998376000008,0.37421841302046127],[8.500000210000053,0.3742535927291349],[9.000039540999978,0.37428165940002983],[9.500011665999978,0.3742313554106943],[9.999995709000018,0.3742402760866403]],"motion":[]},"serverReceivedTimestamp":"2020-01-26T16:35:46.672Z"}