{"timestamp":"2020-01-26T16:35:46.584Z","videoElapsedSeconds":1010.700166209,"metrics":{"time":[[0,0],[0.49993103999997857,0.49993103999997857],[0.9999542479999945,0.500023208000016],[1.4999277069999835,0.4999734589999889],[1.9999238319999222,0.49999612499993873],[2.4999361249999765,0.5000122930000543],[2.9999675409999327,0.5000314159999562],[3.499998583999968,0.5000310430000354],[3.9997687919999407,0.4997702079999726],[4.499972290999949,0.5002034990000084],[4.9999507909999465,0.49997849999999744],[5.499513041,0.4995622500000536],[5.999943665999922,0.5004306249999217],[6.499954832999947,0.5000111670000251],[6.999948791999941,0.499993958999994],[7.500039001000005,0.5000902090000636],[7.99994300100002,0.499904000000015],[8.499989165999978,0.5000461649999579],[8.999935707999953,0.4999465419999751],[9.299833790999855,0.2998980829999027]],"bpm":[[0,128],[0.49993103999997857,128],[0.9999542479999945,125],[1.4999277069999835,125],[1.9999238319999222,125],[2.4999361249999765,125],[2.9999675409999327,125],[3.499998583999968,125],[3.9997687919999407,125],[4.499972290999949,125],[4.9999507909999465,125],[5.499513041,125],[5.999943665999922,121],[6.499954832999947,121],[6.999948791999941,121],[7.500039001000005,121],[7.99994300100002,121],[8.499989165999978,121],[8.999935707999953,121],[9.299833790999855,121]],"kcal":[[0,0.09711793530396459],[0.49993103999997857,0.09709174896039419],[0.9999542479999945,0.09443744077632597],[1.4999277069999835,0.09442804487595861],[1.9999238319999222,0.09443232571531497],[2.4999361249999765,0.09443537930268643],[2.9999675409999327,0.09443899098938777],[3.499998583999968,0.09443892054234178],[3.9997687919999407,0.09438965764918661],[4.499972290999949,0.09447149163708977],[4.9999507909999465,0.09442899695004665],[5.499513041,0.09435038142962895],[5.999943665999922,0.09094854075904049],[6.499954832999947,0.09087230822830696],[6.999948791999941,0.09086918083678848],[7.500039001000005,0.09088667336545693],[7.99994300100002,0.0908528316379835],[8.499989165999978,0.09087866878432482],[8.999935707999953,0.09086056324477183],[9.299833790999855,0.05450364478648568]],"reps":[],"score":[[0,0.37430152770195335],[0.49993103999997857,0.37420060310576364],[0.9999542479999945,0.3532373017848999],[1.4999277069999835,0.35320215701110763],[1.9999238319999222,0.35321816922121396],[2.4999361249999765,0.35322959097253415],[2.9999675409999327,0.3532431002592618],[3.499998583999968,0.3532428367565214],[3.9997687919999407,0.3530585720060876],[4.499972290999949,0.35336466688586826],[4.9999507909999465,0.35320571818429486],[5.499513041,0.3529116617795207],[5.999943665999922,0.3254592161794553],[6.499954832999947,0.32518641818299654],[6.999948791999941,0.3251752268171561],[7.500039001000005,0.3252378238046605],[7.99994300100002,0.32511672123384683],[8.499989165999978,0.32520917942313043],[8.999935707999953,0.32514438877709867],[9.299833790999855,0.1950412108109587]],"motion":[]},"serverReceivedTimestamp":"2020-01-26T16:35:56.175Z"}