{"timestamp":"2020-01-26T16:35:56.084Z","videoElapsedSeconds":1020.200095168,"metrics":{"time":[[0,0],[0.5000182910000603,0.5000182910000603],[1.0000485400000798,0.5000302490000195],[1.5000190819999943,0.49997054199991453],[2.0000069150000854,0.4999878330000911],[2.5000129150000703,0.5000059999999849],[3.0000409579999996,0.5000280429999293],[3.5000937080000085,0.5000527500000089],[3.9997617910000827,0.49966808300007415],[4.4990504160000455,0.49928862499996285],[5.000004581999974,0.5009541659999286],[5.500008457000149,0.500003875000175],[6.000010374000112,0.5000019169999632],[6.500024332000066,0.5000139579999541],[7.00008058200001,0.5000562499999432],[7.500034999000036,0.4999544170000263],[8.000046122999947,0.5000111239999114],[8.500013082000123,0.49996695900017585],[8.999932039999976,0.49991895799985286],[9.499961498999937,0.5000294589999612],[9.999892124000098,0.49993062500016094]],"bpm":[[0,121],[0.5000182910000603,121],[1.0000485400000798,121],[1.5000190819999943,121],[2.0000069150000854,121],[2.5000129150000703,121],[3.0000409579999996,121],[3.5000937080000085,121],[3.9997617910000827,121],[4.4990504160000455,121],[5.000004581999974,121],[5.500008457000149,121],[6.000010374000112,121],[6.500024332000066,120],[7.00008058200001,120],[7.500034999000036,120],[8.000046122999947,120],[8.500013082000123,120],[8.999932039999976,120],[9.499961498999937,120],[9.999892124000098,120]],"kcal":[[0,0.03636540737798521],[0.5000182910000603,0.09087360294804472],[1.0000485400000798,0.09087577620162343],[1.5000190819999943,0.09086492501813992],[2.0000069150000854,0.09086806749415109],[2.5000129150000703,0.09087136917483922],[3.0000409579999996,0.09087537528193729],[3.5000937080000085,0.090879865545905],[3.9997617910000827,0.09080995595089923],[4.4990504160000455,0.09074099304242521],[5.000004581999974,0.09104368939223645],[5.500008457000149,0.09087098297618916],[6.000010374000112,0.09087062712813916],[6.500024332000066,0.08998209589155012],[7.00008058200001,0.08998970672468302],[7.500034999000036,0.08997138094273867],[8.000046122999947,0.08998158588726021],[8.500013082000123,0.08997363799065117],[8.999932039999976,0.08996499977056782],[9.499961498999937,0.08998488543861521],[9.999892124000098,0.08996709935423683]],"reps":[],"score":[[0,0.13013355555250264],[0.5000182910000603,0.3251910513356289],[1.0000485400000798,0.3251988283202884],[1.5000190819999943,0.32515999737652956],[2.0000069150000854,0.32517124272220443],[2.5000129150000703,0.3251830577815761],[3.0000409579999996,0.3251973936297951],[3.5000937080000085,0.3252134620326433],[3.9997617910000827,0.32496329065216695],[4.4990504160000455,0.3247165069880191],[5.000004581999974,0.3257997054200969],[5.500008457000149,0.3251816757702883],[6.000010374000112,0.3251804023685771],[6.500024332000066,0.3181775998667257],[7.00008058200001,0.31820451184955106],[7.500034999000036,0.31813971169951044],[8.000046122999947,0.3181757964864057],[8.500013082000123,0.3181476926437246],[8.999932039999976,0.3181171478102663],[9.499961498999937,0.31818746373332163],[9.999892124000098,0.3181245719593251]],"motion":[]},"serverReceivedTimestamp":"2020-01-26T16:36:06.656Z"}