{"timestamp":"2020-01-26T16:36:06.583Z","videoElapsedSeconds":1030.700111625,"metrics":{"time":[[0,0],[0.499985999999808,0.499985999999808],[1.0000067909998052,0.5000207909999972],[1.4999852920000194,0.49997850100021424],[1.9999849579999136,0.4999996659998942],[2.4999939169999834,0.5000089590000698],[3.000008624999964,0.5000147079999806],[3.50000212499981,0.4999934999998459],[3.9999854579998555,0.4999833330000456],[4.5000625839998065,0.500077125999951],[5.0000033339999845,0.499940750000178],[5.4998799169998165,0.49987658299983195],[5.999996957999883,0.5001170410000668],[6.500059374999864,0.500062416999981],[6.9999935419998565,0.49993416699999216],[7.500001500999815,0.5000079589999586],[8.000041333999889,0.5000398330000735],[8.500036915999999,0.4999955820001105],[9.000042832999952,0.5000059169999531],[9.299888374999682,0.2998455419997299]],"bpm":[[0,120],[0.499985999999808,120],[1.0000067909998052,118],[1.4999852920000194,118],[1.9999849579999136,118],[2.4999939169999834,118],[3.000008624999964,118],[3.50000212499981,118],[3.9999854579998555,118],[4.5000625839998065,118],[5.0000033339999845,118],[5.4998799169998165,118],[5.999996957999883,117],[6.500059374999864,117],[6.9999935419998565,117],[7.500001500999815,117],[8.000041333999889,117],[8.500036915999999,117],[9.000042832999952,117],[9.299888374999682,117]],"kcal":[[0,0.09000195888473664],[0.499985999999808,0.08997706459310367],[1.0000067909998052,0.008142699686770788],[1.4999852920000194,0.008142011005871544],[1.9999849579999136,0.008142355672012165],[2.4999939169999834,0.008142507005938637],[3.000008624999964,0.00814260062680524],[3.50000212499981,0.008142255260414157],[3.9999854579998555,0.008142089693646576],[4.5000625839998065,0.008143617086596425],[5.0000033339999845,0.008141396241322343],[5.4998799169998165,0.008140351299545875],[5.999996957999883,0.00814426709128581],[6.500059374999864,0.008143377554617746],[6.9999935419998565,0.008141289038992928],[7.500001500999815,0.008142490721214604],[8.000041333999889,0.008143009780452586],[8.500036915999999,0.008142289165210133],[9.000042832999952,0.008142457467811736],[9.299888374999682,0.004882901361037268]],"reps":[],"score":[[0,0.31824783561124403],[0.499985999999808,0.3181598091446044],[1.0000067909998052,0.30416048941862267],[1.4999852920000194,0.3041347645942494],[1.9999849579999136,0.30414763917222104],[2.4999939169999834,0.30415329206412567],[3.000008624999964,0.30415678915596267],[3.50000212499981,0.3041438884209999],[3.9999854579998555,0.30413770387889516],[4.5000625839998065,0.3041947577559914],[5.0000033339999845,0.3041118008238347],[5.4998799169998165,0.304072768314425],[5.999996957999883,0.2972069590981313],[6.500059374999864,0.2971744974309047],[6.9999935419998565,0.29709828168663655],[7.500001500999815,0.29714213441333415],[8.000041333999889,0.2971610763286696],[8.500036915999999,0.29713477907411145],[9.000042832999952,0.2971409209041706],[9.299888374999682,0.1781906522494578]],"motion":[]},"serverReceivedTimestamp":"2020-01-26T16:36:16.180Z"}