{"timestamp":"2020-01-26T16:36:36.109Z","videoElapsedSeconds":1060.199302375,"metrics":{"time":[[0,0],[0.5007977080001638,0.5007977080001638],[1.0008132080001815,0.5000155000000177],[1.5007935000000998,0.49998029199991834],[2.00078854100002,0.4999950409999201],[2.5008075000000645,0.5000189590000446],[3.000842208000222,0.5000347080001575],[3.500812042000007,0.4999698339997849],[4.00083487500001,0.5000228330000027],[4.5008272090001356,0.499992334000126],[5.00081625100006,0.49998904199992467],[5.5008534590001545,0.5000372080000943],[6.000202792000209,0.4993493330000547],[6.500030042000162,0.499827249999953],[7.000814126000023,0.5007840839998607],[7.500801084000159,0.49998695800013593],[8.000827750000099,0.5000266659999397],[8.500847166000085,0.5000194159999864],[9.000849708000032,0.5000025419999474],[9.50081983300015,0.49997012500011806]],"bpm":[[0,107],[0.5007977080001638,107],[1.0008132080001815,106],[1.5007935000000998,106],[2.00078854100002,106],[2.5008075000000645,106],[3.000842208000222,106],[3.500812042000007,106],[4.00083487500001,106],[4.5008272090001356,106],[5.00081625100006,106],[5.5008534590001545,106],[6.000202792000209,107],[6.500030042000162,107],[7.000814126000023,107],[7.500801084000159,107],[8.000827750000099,107],[8.500847166000085,107],[9.000849708000032,107],[9.50081983300015,107]],"kcal":[[0,0.003245583815106051],[0.5007977080001638,0.008155351564308223],[1.0008132080001815,0.008142613524305843],[1.5007935000000998,0.008142040171804225],[2.00078854100002,0.00814228035517231],[2.5008075000000645,0.008142669853160447],[3.000842208000222,0.008142926321252564],[3.500812042000007,0.008141869866177051],[4.00083487500001,0.008142732940173656],[4.5008272090001356,0.008142236272432607],[5.00081625100006,0.008142182663123772],[5.5008534590001545,0.008142967033057091],[6.000202792000209,0.008131765179757834],[6.500030042000162,0.008139547925346458],[7.000814126000023,0.008155129701247732],[7.500801084000159,0.008142148725766102],[8.000827750000099,0.008142795359512909],[8.500847166000085,0.008142677295277557],[9.000849708000032,0.008142402506874143],[9.50081983300015,0.008141874605036644]],"reps":[],"score":[[0,0.09049644294969422],[0.5007977080001638,0.2273952390750393],[1.0008132080001815,0.22500697500000796],[1.5007935000000998,0.22499113139996327],[2.00078854100002,0.22499776844996405],[2.5008075000000645,0.22500853155002007],[3.000842208000222,0.22501561860007088],[3.500812042000007,0.2249864252999032],[4.00083487500001,0.22501027485000122],[4.5008272090001356,0.2249965503000567],[5.00081625100006,0.2249950688999661],[5.5008534590001545,0.22501674360004245],[6.000202792000209,0.22673758115416878],[6.500030042000162,0.2269545870404055],[7.000814126000023,0.22738905287898334],[7.500801084000159,0.22702710502182522],[8.000827750000099,0.2270451350766045],[8.500847166000085,0.22704184309773492],[9.000849708000032,0.22703418118712365],[9.50081983300015,0.22701946172793178]],"motion":[]},"serverReceivedTimestamp":"2020-01-26T16:36:46.185Z"}