{"timestamp":"2020-01-26T16:36:46.112Z","videoElapsedSeconds":1070.200129417,"metrics":{"time":[[0,0],[0.49994887499997276,0.49994887499997276],[0.9999692080000386,0.5000203330000659],[1.499980166000114,0.5000109580000753],[1.999959041000011,0.499978874999897],[2.4999645830000645,0.5000055420000535],[2.9994300420000855,0.49946545900002093],[3.5000168750000284,0.500586832999943],[3.9999402089999876,0.49992333399995914],[4.499976999999944,0.5000367909999568],[5.000015541000039,0.5000385410000945],[5.49985429100002,0.4998387499999808],[6.0000557910000225,0.5002015000000029],[6.500012333000086,0.49995654200006356],[7.000013500000023,0.5000011669999367],[7.499977124999987,0.49996362499996394],[7.999976458999981,0.49999933399999463],[8.499972709000076,0.49999625000009473],[8.999946749999935,0.4999740409998594],[9.499981375000061,0.5000346250001257]],"bpm":[[0,107],[0.49994887499997276,107],[0.9999692080000386,115],[1.499980166000114,115],[1.999959041000011,115],[2.4999645830000645,115],[2.9994300420000855,115],[3.5000168750000284,115],[3.9999402089999876,115],[4.499976999999944,115],[5.000015541000039,115],[5.49985429100002,115],[6.0000557910000225,115],[6.500012333000086,127],[7.000013500000023,127],[7.499977124999987,127],[7.999976458999981,127],[8.499972709000076,127],[8.999946749999935,127],[9.499981375000061,127]],"kcal":[[0,0.008142478507672505],[0.49994887499997276,0.008141528554687055],[0.9999692080000386,0.008142692228369127],[1.499980166000114,0.008142539559098449],[1.999959041000011,0.00814201709635249],[2.4999645830000645,0.008142451361042538],[2.9994300420000855,0.008133656259410064],[3.5000168750000284,0.008151917523506016],[3.9999402089999876,0.008141112626596557],[4.499976999999944,0.008142960242325685],[5.000015541000039,0.008142988740591816],[5.49985429100002,0.008139735199652465],[6.0000557910000225,0.008145642482638936],[6.500012333000086,0.09620608441667294],[7.000013500000023,0.09621467155604252],[7.499977124999987,0.09620744739050986],[7.999976458999981,0.09621431883389102],[8.499972709000076,0.09621372538320123],[8.999946749999935,0.09620945172984949],[9.499981375000061,0.09622110984201379]],"reps":[],"score":[[0,0.22703630031339025],[0.49994887499997276,0.22700981282422036],[0.9999692080000386,0.28312804227117766],[1.499980166000114,0.28312273383626324],[1.999959041000011,0.28310456738095896],[2.4999645830000645,0.2831196671180082],[2.9994300420000855,0.2828138542692672],[3.5000168750000284,0.2834488132985267],[3.9999402089999876,0.28307311823071374],[4.499976999999944,0.2831373613347863],[5.000015541000039,0.28313835224271594],[5.49985429100002,0.2830252239737389],[6.0000557910000225,0.2832306250155804],[6.500012333000086,0.36720986302237113],[7.000013500000023,0.3672426393513401],[7.499977124999987,0.36721506536938475],[7.999976458999981,0.3672412930430091],[8.499972709000076,0.36723902789576995],[8.999946749999935,0.36722271575011495],[9.499981375000061,0.36726721370257726]],"motion":[]},"serverReceivedTimestamp":"2020-01-26T16:36:56.162Z"}