{"timestamp":"2020-01-26T16:36:56.115Z","videoElapsedSeconds":1080.200150958,"metrics":{"time":[[0,0],[0.4999377080000613,0.4999377080000613],[0.9999529579999944,0.5000152499999331],[1.4999571670000478,0.5000042090000534],[1.9999560839999049,0.4999989169998571],[2.4999430010000196,0.49998691700011477],[3.0000153749999754,0.5000723739999557],[3.4999587919999158,0.4999434169999404],[3.9999402500000087,0.49998145800009297],[4.500018791999992,0.5000785419999829],[5.00000762600007,0.499988834000078],[5.499866250999958,0.499858624999888],[6.000025250999897,0.5001589999999396],[6.500019834000113,0.49999458300021615],[7.000000917000079,0.499981082999966],[7.499950333000015,0.4999494159999358],[7.999989041999925,0.5000387089999094],[8.500023126000087,0.5000340840001627],[8.999948459000052,0.49992533299996467],[9.499961959000075,0.5000135000000228],[9.9989780410001,0.49901608200002556]],"bpm":[[0,127],[0.4999377080000613,127],[0.9999529579999944,127],[1.4999571670000478,128],[1.9999560839999049,128],[2.4999430010000196,128],[3.0000153749999754,128],[3.4999587919999158,128],[3.9999402500000087,128],[4.500018791999992,128],[5.00000762600007,128],[5.499866250999958,128],[6.000025250999897,128],[6.500019834000113,132],[7.000000917000079,132],[7.499950333000015,132],[7.999989041999925,132],[8.500023126000087,132],[8.999948459000052,132],[9.499961959000075,132],[9.9989780410001,132]],"kcal":[[0,0.038514827477634815],[0.4999377080000613,0.09620246021088324],[0.9999529579999944,0.09621738153215578],[1.4999571670000478,0.09710595913263503],[1.9999560839999049,0.09710493137177716],[2.4999430010000196,0.09710260084842634],[3.0000153749999754,0.09711919747658425],[3.4999587919999158,0.09709415270106447],[3.9999402500000087,0.09710154065448502],[4.500018791999992,0.09712039536561758],[5.00000762600007,0.09710297314953249],[5.499866250999958,0.09707768522270396],[6.000025250999897,0.0971360211365912],[6.500019834000113,0.10066682990535969],[7.000000917000079,0.10066411187145471],[7.499950333000015,0.10065773616936904],[7.999989041999925,0.10067571405062156],[8.500023126000087,0.10067478287240754],[8.999948459000052,0.10065288739831404],[9.499961959000075,0.10067063857542653],[9.9989780410001,0.10046982258348562]],"reps":[],"score":[[0,0.14700758905370734],[0.4999377080000613,0.36719602975891724],[0.9999529579999944,0.3672529830833752],[1.4999571670000478,0.37425537042718593],[1.9999560839999049,0.37425140934154283],[2.4999430010000196,0.37424242728845636],[3.0000153749999754,0.3743063922322616],[3.4999587919999158,0.37420986734518824],[3.9999402500000087,0.3742383412027024],[4.500018791999992,0.3743110090076675],[5.00000762600007,0.3742438621714402],[5.499866250999958,0.37414640015667733],[6.000025250999897,0.3743712321778641],[6.500019834000113,0.4022896125708158],[7.000000917000079,0.4022787506333969],[7.499950333000015,0.40225327174701175],[7.999989041999925,0.40232511581809977],[8.500023126000087,0.40232139459907157],[8.999948459000052,0.40223389485562666],[9.499961959000075,0.40230483296075986],[9.9989780410001,0.40150232246478146]],"motion":[]},"serverReceivedTimestamp":"2020-01-26T16:37:06.667Z"}