{"timestamp":"2020-01-26T16:37:06.614Z","videoElapsedSeconds":1090.700145166,"metrics":{"time":[[0,0],[0.49994241799981864,0.49994241799981864],[0.9999441679999563,0.5000017500001377],[1.4999710419999701,0.5000268740000138],[1.9999595839999529,0.49998854199998277],[2.4999597500000164,0.5000001660000635],[2.999983250000014,0.5000234999999975],[3.499883792999981,0.499900542999967],[3.999865292999857,0.4999814999998762],[4.499948250999978,0.5000829580001209],[4.99998083499986,0.5000325839998823],[5.499853875999861,0.49987304100000074],[6.0000372929998775,0.5001834170000166],[6.499874666999858,0.4998373739999806],[7.000040207999973,0.5001655410001149],[7.499938833999977,0.4998986260000038],[7.999787375999858,0.4998485419998815],[8.499953458999926,0.5001660830000674],[8.99994966700001,0.49999620800008415],[9.299854833999689,0.29990516699967884]],"bpm":[[0,132],[0.49994241799981864,132],[0.9999441679999563,137],[1.4999710419999701,137],[1.9999595839999529,137],[2.4999597500000164,137],[2.999983250000014,137],[3.499883792999981,137],[3.999865292999857,137],[4.499948250999978,137],[4.99998083499986,137],[5.499853875999861,137],[6.0000372929998775,136],[6.499874666999858,136],[7.000040207999973,136],[7.499938833999977,136],[7.999787375999858,136],[8.499953458999926,136],[8.99994966700001,136],[9.299854833999689,136]],"kcal":[[0,0.10087251137919098],[0.49994241799981864,0.10065632722112955],[0.9999441679999563,0.10512176201650746],[1.4999710419999701,0.10512704415629173],[1.9999595839999529,0.10511898512972856],[2.4999597500000164,0.10512142899191536],[2.999983250000014,0.10512633479712097],[3.499883792999981,0.10510048397460792],[3.999865292999857,0.10511750459999177],[4.499948250999978,0.1051388354128467],[4.99998083499986,0.10512824464258458],[5.499853875999861,0.10509470187745439],[6.0000372929998775,0.1042689347459732],[6.499874666999858,0.1041967981381535],[7.000040207999973,0.10426520829002939],[7.499938833999977,0.10420956681575537],[7.999787375999858,0.10419912623503422],[8.499953458999926,0.10426532127609763],[8.99994966700001,0.10422990889598624],[9.299854833999689,0.06251865060905983]],"reps":[],"score":[[0,0.4031115667388211],[0.49994241799981864,0.40224764124049905],[0.9999441679999563,0.43734769054966083],[1.4999710419999701,0.437369666319392],[1.9999595839999529,0.43733613761336704],[2.4999597500000164,0.43734630503696154],[2.999983250000014,0.4373667151074912],[3.499883792999981,0.4372591655639141],[3.999865292999857,0.43732997802995865],[4.499948250999978,0.4374187225635424],[4.99998083499986,0.4373746608124223],[5.499853875999861,0.4372351097757679],[6.0000372929998775,0.4304935838493755],[6.499874666999858,0.43019575452079656],[7.000040207999973,0.43047819848672453],[7.499938833999977,0.43024847236811353],[7.999787375999858,0.4302053664993995],[8.499953458999926,0.4304786649706064],[8.99994966700001,0.43033245840904577],[9.299854833999689,0.2581198131897142]],"motion":[]},"serverReceivedTimestamp":"2020-01-26T16:37:16.166Z"}