{"timestamp":"2020-01-26T16:37:16.115Z","videoElapsedSeconds":1100.200103791,"metrics":{"time":[[0,0],[0.5000091250001333,0.5000091250001333],[1.0000017930001377,0.4999926680000044],[1.49999604300001,0.4999942499998724],[1.999988126000062,0.49999208300005193],[2.4996697100000347,0.49968158399997264],[2.999996167000063,0.5003264570000283],[3.50005299999998,0.5000568329999169],[4.00005704299997,0.5000040429999899],[4.500105043000076,0.5000480000001062],[5.000022792999971,0.499917749999895],[5.4996824590000415,0.4996596660000705],[5.999992501999941,0.5003100429998995],[6.500008377000086,0.5000158750001447],[7.000020791999987,0.500012414999901],[7.500013667000076,0.49999287500008904],[8.000012500000139,0.4999988330000633],[8.500094292000085,0.5000817919999463],[8.999998460000143,0.4999041680000573],[9.500041418000137,0.5000429579999945],[10.000100917000054,0.5000594989999172]],"bpm":[[0,136],[0.5000091250001333,136],[1.0000017930001377,136],[1.49999604300001,136],[1.999988126000062,136],[2.4996697100000347,136],[2.999996167000063,136],[3.50005299999998,136],[4.00005704299997,136],[4.500105043000076,136],[5.000022792999971,136],[5.4996824590000415,136],[5.999992501999941,136],[6.500008377000086,158],[7.000020791999987,158],[7.500013667000076,158],[8.000012500000139,158],[8.500094292000085,158],[8.999998460000143,158],[9.500041418000137,158],[10.000100917000054,158]],"kcal":[[0,0.041713916169712456],[0.5000091250001333,0.1042326015918843],[1.0000017930001377,0.10422917094261798],[1.49999604300001,0.1042295007285233],[1.999988126000062,0.10422904899270961],[2.4996697100000347,0.10416432193683851],[2.999996167000063,0.10429875306445471],[3.50005299999998,0.10424254686825135],[4.00005704299997,0.10423154219102589],[4.500105043000076,0.10424070552875557],[5.000022792999971,0.10421355343152265],[5.4996824590000415,0.10415975287992084],[5.999992501999941,0.10429533137902859],[6.500008377000086,0.12382991447672914],[7.000020791999987,0.12382905760086646],[7.500013667000076,0.12382421848149731],[8.000012500000139,0.12382569399190439],[8.500094292000085,0.12384623895132309],[8.999998460000143,0.1238022500185412],[9.500041418000137,0.12383662163488723],[10.000100917000054,0.12384071804603775]],"reps":[],"score":[[0,0.17222361878004552],[0.5000091250001333,0.43034357570213216],[1.0000017930001377,0.43032941163206484],[1.49999604300001,0.4303307732141759],[1.999988126000062,0.43032890813931096],[2.4996697100000347,0.4300616705165055],[2.999996167000063,0.4306166942927569],[3.50005299999998,0.43038463661520343],[4.00005704299997,0.43033920176972956],[4.500105043000076,0.4303770343045002],[5.000022792999971,0.4302649318487179],[5.4996824590000415,0.43004280631987685],[5.999992501999941,0.4306025672315617],[6.500008377000086,0.5845839128088232],[7.000020791999987,0.5845798676162965],[7.500013667000076,0.5845570228025266],[8.000012500000139,0.5845639884832413],[8.500094292000085,0.58466097839732],[8.999998460000143,0.5844533127249776],[9.500041418000137,0.5846155763755506],[10.000100917000054,0.5846349149664635]],"motion":[]},"serverReceivedTimestamp":"2020-01-26T16:37:26.651Z"}