{"timestamp":"2020-01-26T16:37:26.614Z","videoElapsedSeconds":1110.70009875,"metrics":{"time":[[0,0],[0.4999898339999618,0.4999898339999618],[1.0000035420000586,0.5000137080000968],[1.5000085009999111,0.5000049589998525],[2.0000454169999102,0.5000369159999991],[2.4999980420000156,0.4999526250001054],[3.000077250000004,0.5000792079999883],[3.4999983749999046,0.4999211249999007],[4.000046957999984,0.5000485830000798],[4.500007624999853,0.4999606669998684],[5.000000540999963,0.4999929160001102],[5.500020876000008,0.5000203350000447],[6.000003250999953,0.499982374999945],[6.500032749999946,0.5000294989999929],[6.999586208999972,0.4995534590000261],[7.500034666999909,0.5004484579999371],[8.000071541999887,0.500036874999978],[8.499992750000047,0.4999212080001598],[9.000077707999935,0.5000849579998885],[9.29990124999972,0.29982354199978545]],"bpm":[[0,158],[0.4999898339999618,158],[1.0000035420000586,159],[1.5000085009999111,159],[2.0000454169999102,159],[2.4999980420000156,159],[3.000077250000004,159],[3.4999983749999046,159],[4.000046957999984,159],[4.500007624999853,159],[5.000000540999963,159],[5.500020876000008,159],[6.000003250999953,159],[6.500032749999946,159],[6.999586208999972,159],[7.500034666999909,159],[8.000071541999887,159],[8.499992750000047,159],[9.000077707999935,159],[9.29990124999972,159]],"kcal":[[0,0.12379974229473181],[0.4999898339999618,0.12382346537183715],[1.0000035420000586,0.12472009694419967],[1.5000085009999111,0.12471791465171214],[2.0000454169999102,0.12472588579348798],[2.4999980420000156,0.12470486080655249],[3.000077250000004,0.12473643482895287],[3.4999983749999046,0.12469700365580558],[4.000046957999984,0.12472879593246583],[4.500007624999853,0.1247068667495377],[5.000000540999963,0.12471491072587705],[5.500020876000008,0.1247217499390331],[6.000003250999953,0.12471228144883635],[6.500032749999946,0.12472403574628925],[6.999586208999972,0.12460529549178177],[7.500034666999909,0.1248285380954302],[8.000071541999887,0.12472587556671515],[8.499992750000047,0.12469702435883873],[9.000077707999935,0.12473786907072164],[9.29990124999972,0.07478599211595881]],"reps":[],"score":[[0,0.5844414741074438],[0.4999898339999618,0.5845534674759018],[1.0000035420000586,0.5915920092635825],[1.5000085009999111,0.5915816578701092],[2.0000454169999102,0.5916194678453643],[2.4999980420000156,0.5915197388155555],[3.000077250000004,0.5916695056920255],[3.4999983749999046,0.5914824695405042],[4.000046957999984,0.5916332716749583],[4.500007624999853,0.5915292537202915],[5.000000540999963,0.5915674091759211],[5.500020876000008,0.5915998500090498],[6.000003250999953,0.5915549375749078],[6.500032749999946,0.591610692410079],[6.999586208999972,0.5910474649313833],[7.500034666999909,0.592106384413339],[8.000071541999887,0.5916194193361245],[8.499992750000047,0.591482567742392],[9.000077707999935,0.5916763088134996],[9.29990124999972,0.3547366978109785]],"motion":[]},"serverReceivedTimestamp":"2020-01-26T16:37:36.152Z"}