{"timestamp":"2020-01-26T16:37:56.115Z","videoElapsedSeconds":1140.200109125,"metrics":{"time":[[0,0],[0.5000342079999882,0.5000342079999882],[1.0000097910001386,0.49997558300015044],[1.49997099899997,0.49996120799983146],[1.9999959169999784,0.5000249180000083],[2.4999739590000445,0.4999780420000661],[2.999455915999988,0.4994819569999436],[3.500002041000016,0.500546125000028],[4.000006168000027,0.5000041270000111],[4.500017084000092,0.5000109160000648],[4.999981416000082,0.49996433199999046],[5.49999866600001,0.500017249999928],[6.00000987500016,0.5000112090001494],[6.499211167000112,0.49920129199995245],[7.000043542000185,0.5008323750000727],[7.500006125000027,0.4999625829998422],[8.000038874999973,0.5000327499999457],[8.499986333000152,0.4999474580001788],[8.99970700100016,0.499720668000009],[9.500078168000073,0.500371166999912],[9.999661084000081,0.4995829160000085]],"bpm":[[0,157],[0.5000342079999882,157],[1.0000097910001386,157],[1.49997099899997,157],[1.9999959169999784,158],[2.4999739590000445,158],[2.999455915999988,158],[3.500002041000016,158],[4.000006168000027,158],[4.500017084000092,158],[4.999981416000082,158],[5.49999866600001,158],[6.00000987500016,158],[6.499211167000112,159],[7.000043542000185,159],[7.500006125000027,159],[8.000038874999973,159],[8.499986333000152,159],[8.99970700100016,159],[9.500078168000073,159],[9.999661084000081,159]],"kcal":[[0,0.0492009459433981],[0.5000342079999882,0.1229436990324075],[1.0000097910001386,0.12292928486989518],[1.49997099899997,0.12292575048027835],[1.9999959169999784,0.12383215399342395],[2.4999739590000445,0.1238205450598799],[2.999455915999988,0.12369768863429473],[3.500002041000016,0.1239612319316736],[4.000006168000027,0.12382700506139946],[4.500017084000092,0.12382868637060998],[4.999981416000082,0.12381714975140723],[5.49999866600001,0.12383025499812876],[6.00000987500016,0.12382875893265696],[6.499211167000112,0.12451745329528395],[7.000043542000185,0.12492429980097815],[7.500006125000027,0.12470734466384013],[8.000038874999973,0.12472484665411596],[8.499986333000152,0.12470357198442332],[8.99970700100016,0.12464700299370449],[9.500078168000073,0.1248092591419499],[9.999661084000081,0.12461264305012806]],"reps":[],"score":[[0,0.2311480173987209],[0.5000342079999882,0.577594429092867],[1.0000097910001386,0.5775267107792593],[1.49997099899997,0.5775101060750819],[1.9999959169999784,0.5845944852576356],[2.4999739590000445,0.584539681086742],[2.999455915999988,0.5839596928804529],[3.500002041000016,0.5852038443653935],[4.000006168000027,0.5845701778611363],[4.500017084000092,0.5845781150895601],[4.999981416000082,0.5845236523046782],[5.49999866600001,0.5845855203632903],[6.00000987500016,0.5845784576449559],[6.499211167000112,0.5906307979883845],[7.000043542000185,0.5925606164191156],[7.500006125000027,0.5915315206386902],[8.000038874999973,0.5916145388358138],[8.499986333000152,0.5915136254714222],[8.99970700100016,0.5912452985241111],[9.500078168000073,0.5920149374444434],[9.999661084000081,0.591082317027491]],"motion":[]},"serverReceivedTimestamp":"2020-01-26T16:38:06.679Z"}