{"timestamp":"2020-01-26T16:38:06.614Z","videoElapsedSeconds":1150.700087668,"metrics":{"time":[[0,0],[0.5000056250000853,0.5000056250000853],[1.000050167000154,0.5000445420000688],[1.500028999000051,0.499978831999897],[2.000019957000177,0.49999095800012583],[2.500005165000175,0.49998520799999824],[3.0000180399999863,0.5000128749998112],[3.5000266240001565,0.5000085840001702],[4.00017112400019,0.5001445000000331],[4.5000177910001185,0.49984666699992886],[5.000010874000054,0.4999930829999357],[5.499234914999988,0.499224040999934],[5.999388705999991,0.5001537910000025],[6.500011457000028,0.5006227510000372],[7.000097248999964,0.5000857919999362],[7.5000325000000885,0.4999352510001245],[7.999792625000055,0.49976012499996614],[8.500003416000027,0.5002107909999722],[9.000056499000038,0.5000530830000116],[9.299912331999849,0.29985583299981045]],"bpm":[[0,159],[0.5000056250000853,159],[1.000050167000154,161],[1.500028999000051,161],[2.000019957000177,161],[2.500005165000175,161],[3.0000180399999863,161],[3.5000266240001565,161],[4.00017112400019,161],[4.5000177910001185,161],[5.000010874000054,161],[5.499234914999988,161],[5.999388705999991,163],[6.500011457000028,163],[7.000097248999964,163],[7.5000325000000885,163],[7.999792625000055,163],[8.500003416000027,163],[9.000056499000038,163],[9.299912331999849,163]],"kcal":[[0,0.12479586257529786],[0.5000056250000853,0.12471808077438493],[1.000050167000154,0.1265093360855819],[1.500028999000051,0.126492711709556],[2.000019957000177,0.12649577954073796],[2.500005165000175,0.12649432481293368],[3.0000180399999863,0.12650132445693302],[3.5000266240001565,0.12650023885061173],[4.00017112400019,0.1265346250731616],[4.5000177910001185,0.12645927447547914],[5.000010874000054,0.12649631715747517],[5.499234914999988,0.12630175250438846],[5.999388705999991,0.1283189130035706],[6.500011457000028,0.12843922887146852],[7.000097248999964,0.12830146725402145],[7.5000325000000885,0.12826284461873225],[7.999792625000055,0.12821791448247546],[8.500003416000027,0.12833353686160973],[9.000056499000038,0.12829307546855212],[9.299912331999849,0.0769306866021849]],"reps":[],"score":[[0,0.591951392739323],[0.5000056250000853,0.5915824458493376],[1.000050167000154,0.6056506151208654],[1.500028999000051,0.6055710276067923],[2.000019957000177,0.6055857145374168],[2.500005165000175,0.6055787501756016],[3.0000180399999863,0.6056122602612997],[3.5000266240001565,0.6056070630311456],[4.00017112400019,0.6057716835839317],[4.5000177910001185,0.6054109502400682],[5.000010874000054,0.6055882883230177],[5.499234914999988,0.6046568297803611],[5.999388705999991,0.6198081248758638],[6.500011457000028,0.620389276560593],[7.000097248999964,0.6197238581293493],[7.5000325000000885,0.6195373024409006],[7.999792625000055,0.6193202801574982],[8.500003416000027,0.6198787612755771],[9.000056499000038,0.6196833239891015],[9.299912331999849,0.37159186819939904]],"motion":[]},"serverReceivedTimestamp":"2020-01-26T16:38:16.178Z"}