{"timestamp":"2020-01-26T16:38:16.114Z","videoElapsedSeconds":1160.20013,"metrics":{"time":[[0,0],[0.4999855840001146,0.4999855840001146],[1.0000001260000317,0.5000145419999171],[1.49996570899998,0.4999655829999483],[1.999961168000027,0.49999545900004705],[2.500000667999984,0.5000394999999571],[2.99996970899997,0.49996904099998574],[3.4999722500001553,0.5000025410001854],[3.9999824579999768,0.5000102079998214],[4.5000049580000905,0.5000225000001137],[5.000023000000056,0.5000180419999651],[5.499251125000001,0.49922812499994507],[5.999959168000032,0.5007080430000315],[6.500033626000004,0.5000744579999719],[6.99997504199996,0.499941415999956],[7.500013708000097,0.5000386660001368],[7.999970043000076,0.49995633499997894],[8.499996710000005,0.5000266669999291],[8.999999667000111,0.5000029570001061],[9.500039334000121,0.50003966700001],[9.999142791000168,0.49910345700004655]],"bpm":[[0,163],[0.4999855840001146,163],[1.0000001260000317,163],[1.49996570899998,162],[1.999961168000027,162],[2.500000667999984,162],[2.99996970899997,162],[3.4999722500001553,162],[3.9999824579999768,162],[4.5000049580000905,162],[5.000023000000056,162],[5.499251125000001,162],[5.999959168000032,162],[6.500033626000004,162],[6.99997504199996,162],[7.500013708000097,162],[7.999970043000076,162],[8.499996710000005,162],[8.999999667000111,162],[9.500039334000121,162],[9.999142791000168,162]],"kcal":[[0,0.05134513527945353],[0.4999855840001146,0.12827575799850297],[1.0000001260000317,0.12828318743145795],[1.49996570899998,0.12737999316371273],[1.999961168000027,0.12738760489703546],[2.500000667999984,0.1273988255539331],[2.99996970899997,0.12738087418439917],[3.4999722500001553,0.12738940923149342],[3.9999824579999768,0.1273913626106748],[4.5000049580000905,0.12739449433607036],[5.000023000000056,0.12739335853783193],[5.499251125000001,0.12719210544065132],[5.999959168000032,0.12756915528396798],[6.500033626000004,0.12740773206660977],[6.99997504199996,0.12737383595529983],[7.500013708000097,0.12739861306952413],[7.999970043000076,0.1273776369811815],[8.499996710000005,0.12739555599396454],[8.999999667000111,0.12738951521892308],[9.500039334000121,0.12739886810179302],[9.999142791000168,0.12716034283635458]],"reps":[],"score":[[0,0.24800811723031133],[0.4999855840001146,0.6195996768603383],[1.0000001260000317,0.6196355626296371],[1.49996570899998,0.6125649357128127],[1.999961168000027,0.6126015402126065],[2.500000667999984,0.6126554998714229],[2.99996970899997,0.6125691725035891],[3.4999722500001553,0.6126102171797957],[3.9999824579999768,0.6126196108966812],[4.5000049580000905,0.6126346712300819],[5.000023000000056,0.6126292092249613],[5.499251125000001,0.6116613916935377],[5.999959168000032,0.613474608253653],[6.500033626000004,0.6126983309097179],[6.99997504199996,0.6125353259610616],[7.500013708000097,0.6126544780429937],[7.999970043000076,0.6125536049318562],[8.499996710000005,0.6126397766974596],[8.999999667000111,0.612610726868809],[9.500039334000121,0.6126557044822604],[9.999142791000168,0.6115086466888014]],"motion":[]},"serverReceivedTimestamp":"2020-01-26T16:38:26.670Z"}