{"timestamp":"2020-01-26T16:38:26.613Z","videoElapsedSeconds":1170.699674,"metrics":{"time":[[0,0],[0.5004106250000859,0.5004106250000859],[1.0004413330000261,0.5000307079999402],[1.5004229170001508,0.4999815840001247],[2.000428042000067,0.500005124999916],[2.5004293740000776,0.5000013320000107],[3.000428624000051,0.49999924999997347],[3.500463501000013,0.5000348769999619],[4.000127293000105,0.49966379200009214],[4.500431625000147,0.5003043320000415],[5.000536791000059,0.5001051659999121],[5.500399667000011,0.49986287599995194],[6.000448292000101,0.5000486250000904],[6.500412332999986,0.4999640409998847],[7.000539750000144,0.500127417000158],[7.500442667000016,0.4999029169998721],[8.00048391700011,0.5000412500000948],[8.500436833000094,0.4999529159999838],[9.000417250000055,0.49998041699996065],[9.300325999999814,0.2999087499997586]],"bpm":[[0,162],[0.5004106250000859,161],[1.0004413330000261,161],[1.5004229170001508,161],[2.000428042000067,161],[2.5004293740000776,161],[3.000428624000051,161],[3.500463501000013,161],[4.000127293000105,161],[4.500431625000147,161],[5.000536791000059,161],[5.500399667000011,157],[6.000448292000101,157],[6.500412332999986,157],[7.000539750000144,157],[7.500442667000016,157],[8.00048391700011,157],[8.500436833000094,157],[9.000417250000055,157],[9.300325999999814,157]],"kcal":[[0,0.12749098087721902],[0.5004106250000859,0.12660195366940583],[1.0004413330000261,0.12650583613702795],[1.5004229170001508,0.1264934079549751],[2.000428042000067,0.126499363736919],[2.5004293740000776,0.12649840412260568],[3.000428624000051,0.12649787738464474],[3.500463501000013,0.1265068908779172],[4.000127293000105,0.126413007807467],[4.500431625000147,0.12657506195129534],[5.000536791000059,0.12652467372318585],[5.500399667000011,0.1229015735347714],[6.000448292000101,0.12294724374853522],[6.500412332999986,0.1229264470316349],[7.000539750000144,0.12296661638302199],[7.500442667000016,0.12291141843850875],[8.00048391700011,0.12294543045303401],[8.500436833000094,0.12292371172149481],[9.000417250000055,0.12293047340821571],[9.300325999999814,0.07373873728486338]],"reps":[],"score":[[0,0.6130986708771844],[0.5004106250000859,0.6060940124095526],[1.0004413330000261,0.6056338594721508],[1.5004229170001508,0.6055743608111186],[2.000428042000067,0.6056028735131014],[2.5004293740000776,0.6055982794569067],[3.000428624000051,0.6055957577523438],[3.500463501000013,0.6056389089371793],[4.000127293000105,0.6051894532596225],[4.500431625000147,0.6059652710366293],[5.000536791000059,0.6057240425052527],[5.500399667000011,0.5773965218153987],[6.000448292000101,0.5776110823114069],[6.500412332999986,0.5775133785012923],[7.000539750000144,0.5777020957252254],[7.500442667000016,0.5774427735680171],[8.00048391700011,0.5776025633764142],[8.500436833000094,0.577500527904546],[9.000417250000055,0.5775322945799592],[9.300325999999814,0.34642754528520175]],"motion":[]},"serverReceivedTimestamp":"2020-01-26T16:38:36.174Z"}