{"timestamp":"2020-01-26T16:38:36.114Z","videoElapsedSeconds":1180.199250333,"metrics":{"time":[[0,0],[0.5008496670000113,0.5008496670000113],[1.0008397930000683,0.499990126000057],[1.5008325839999088,0.4999927909998405],[2.0008568759999434,0.5000242920000346],[2.500861417999886,0.5000045419999424],[3.0008459169998787,0.49998449899999287],[3.5008230840001033,0.49997716700022465],[4.000857500999928,0.5000344169998243],[4.5008886670000265,0.5000311660000989],[5.000869666999961,0.4999809999999343],[5.500553042000092,0.4996833750001315],[6.000820292000071,0.500267249999979],[6.500855374999901,0.5000350829998297],[7.000850750999916,0.4999953760000153],[7.500845793000053,0.4999950420001369],[8.000865334000082,0.5000195410000288],[8.500881124999978,0.5000157909998961],[9.00086829199995,0.49998716699997203],[9.500911001000077,0.5000427090001267],[10.000870874999919,0.4999598739998419]],"bpm":[[0,157],[0.5008496670000113,157],[1.0008397930000683,156],[1.5008325839999088,156],[2.0008568759999434,156],[2.500861417999886,156],[3.0008459169998787,156],[3.5008230840001033,156],[4.000857500999928,156],[4.5008886670000265,156],[5.000869666999961,156],[5.500553042000092,156],[6.000820292000071,156],[6.500855374999901,155],[7.000850750999916,155],[7.500845793000053,155],[8.000865334000082,155],[8.500881124999978,155],[9.00086829199995,155],[9.500911001000077,155],[10.000870874999919,155]],"kcal":[[0,0.048989794259213196],[0.5008496670000113,0.12314419640692337],[1.0008397930000683,0.12204218344510012],[1.5008325839999088,0.12204283394273106],[2.0008568759999434,0.1220505229962633],[2.500861417999886,0.1220457022347943],[3.0008459169998787,0.12204080995522831],[3.5008230840001033,0.12203902029336458],[4.000857500999928,0.122052994399232],[4.5008886670000265,0.12205220086535154],[5.000869666999961,0.12203995588714814],[5.500553042000092,0.12196730884286673],[6.000820292000071,0.12210982641698456],[6.500855374999901,0.12116239975614088],[7.000850750999916,0.12115277844046085],[7.500845793000053,0.12115269750968588],[8.000865334000082,0.12115863380839656],[8.500881124999978,0.12115772515412289],[9.00086829199995,0.12115078933573871],[9.500911001000077,0.12116424759547842],[10.000870874999919,0.12114417602898336]],"reps":[],"score":[[0,0.23015601831752658],[0.5008496670000113,0.5785363737999119],[1.0008397930000683,0.5705332102206445],[1.5008325839999088,0.5705362512224618],[2.0008568759999434,0.5705721966658441],[2.500861417999886,0.5705496601588842],[3.0008459169998787,0.5705267893130235],[3.5008230840001033,0.5705184228490724],[4.000857500999928,0.5705837501912702],[4.5008886670000265,0.5705800405113919],[5.000869666999961,0.5705227966427042],[5.500553042000092,0.5701831800427969],[6.000820292000071,0.5708494333560283],[6.500855374999901,0.563573580499255],[7.000850750999916,0.5635288280072458],[7.500845793000053,0.5635284515666443],[8.000865334000082,0.5635560636073934],[8.500881124999978,0.5635518371019471],[9.00086829199995,0.5635195759053353],[9.500911001000077,0.5635821755207613],[10.000870874999919,0.5634888148361047]],"motion":[]},"serverReceivedTimestamp":"2020-01-26T16:38:46.664Z"}