{"timestamp":"2020-01-26T16:38:46.612Z","videoElapsedSeconds":1190.699242625,"metrics":{"time":[[0,0],[0.5008469590000004,0.5008469590000004],[1.0008562920002078,0.5000093330002073],[1.500154000000066,0.4992977079998582],[2.00083050000012,0.5006765000000541],[2.5008502919999955,0.5000197919998755],[3.000858250000192,0.5000079580001966],[3.5008656670001983,0.5000074170000062],[4.00085683400016,0.49999116699996193],[4.500863124000034,0.5000062899998738],[5.000878083000089,0.5000149590000547],[5.5007735840001715,0.49989550100008273],[6.000872626000046,0.5000990419998743],[6.500315792000038,0.49944316599999183],[7.000905583000076,0.5005897910000385],[7.500860709000108,0.49995512600003167],[8.00095520900004,0.5000944999999319],[8.500859751000007,0.4999045419999675],[9.000890001000016,0.5000302500000089],[9.300757374999876,0.2998673739998594]],"bpm":[[0,155],[0.5008469590000004,155],[1.0008562920002078,153],[1.500154000000066,153],[2.00083050000012,153],[2.5008502919999955,153],[3.000858250000192,153],[3.5008656670001983,153],[4.00085683400016,153],[4.500863124000034,153],[5.000878083000089,153],[5.5007735840001715,153],[6.000872626000046,153],[6.500315792000038,153],[7.000905583000076,153],[7.500860709000108,153],[8.00095520900004,153],[8.500859751000007,153],[9.000890001000016,153],[9.300757374999876,153]],"kcal":[[0,0.12094101135984167],[0.5008469590000004,0.12135912364178299],[1.0008562920002078,0.11937473765901209],[1.500154000000066,0.1192048407348516],[2.00083050000012,0.1195340204570022],[2.5008502919999955,0.11937723469308555],[3.000858250000192,0.11937440938460853],[3.5008656670001983,0.11937428022350782],[4.00085683400016,0.11937040061694008],[4.500863124000034,0.11937401115783994],[5.000878083000089,0.11937608083845197],[5.5007735840001715,0.11934756083599052],[6.000872626000046,0.11939615523583337],[6.500315792000038,0.11923956810784316],[7.000905583000076,0.1195133191151544],[7.500860709000108,0.11936179600773045],[8.00095520900004,0.11939507085597129],[8.500859751000007,0.1193497193296789],[9.000890001000016,0.11937973148852508],[9.300757374999876,0.07159184187411005]],"reps":[],"score":[[0,0.5625438167158169],[0.5008469590000004,0.5644886200232673],[1.0008562920002078,0.5495234212571917],[1.500154000000066,0.548741326646082],[2.00083050000012,0.5502566553552551],[2.5008502919999955,0.5495349159731924],[3.000858250000192,0.5495219100959787],[3.5008656670001983,0.549521315522526],[4.00085683400016,0.5495034563446459],[4.500863124000034,0.5495200769197088],[5.000878083000089,0.5495296043791458],[5.5007735840001715,0.5493983168920757],[6.000872626000046,0.5496220138096922],[6.500315792000038,0.54890118881786],[7.000905583000076,0.5501613598813557],[7.500860709000108,0.549463846336832],[8.00095520900004,0.5496170220321733],[8.500859751000007,0.5494082531889813],[9.000890001000016,0.5495464095906782],[9.300757374999876,0.3295621389606027]],"motion":[]},"serverReceivedTimestamp":"2020-01-26T16:38:56.153Z"}