{"timestamp":"2020-01-26T16:39:16.113Z","videoElapsedSeconds":1220.200151834,"metrics":{"time":[[0,0],[0.4999387079999451,0.4999387079999451],[0.9998995419998664,0.4999608339999213],[1.4998995829998876,0.5000000410000212],[1.9995364169999448,0.4996368340000572],[2.499944207999988,0.5004077910000433],[2.999936623999929,0.49999241599994093],[3.499948957000015,0.5000123330000861],[3.999951291999878,0.5000023349998628],[4.499970916999928,0.5000196250000499],[5.000018791999992,0.5000478750000639],[5.499972500000013,0.4999537080000209],[5.999532207999891,0.4995597079998788],[6.4999386659999345,0.5004064580000431],[6.999961792000022,0.5000231260000874],[7.499958500000048,0.49999670800002605],[7.99993362400005,0.4999751240000023],[8.499457581999877,0.49952395799982696],[8.999988499999972,0.500530918000095],[9.499962417000006,0.4999739170000339],[9.999987874999988,0.5000254579999819]],"bpm":[[0,164],[0.4999387079999451,164],[0.9998995419998664,164],[1.4998995829998876,167],[1.9995364169999448,167],[2.499944207999988,167],[2.999936623999929,167],[3.499948957000015,167],[3.999951291999878,167],[4.499970916999928,167],[5.000018791999992,167],[5.499972500000013,167],[5.999532207999891,167],[6.4999386659999345,167],[6.999961792000022,167],[7.499958500000048,167],[7.99993362400005,167],[8.499457581999877,167],[8.999988499999972,167],[9.499962417000006,167],[9.999987874999988,167]],"kcal":[[0,0.051707285346274286],[0.4999387079999451,0.1291543170679348],[0.9998995419998664,0.12916003310546229],[1.4998995829998876,0.13184224620285928],[1.9995364169999448,0.13174647415728885],[2.499944207999988,0.13194976354582708],[2.999936623999929,0.13184023560874836],[3.499948957000015,0.13184548741239124],[3.999951291999878,0.13184285109499347],[4.499970916999928,0.13184741019954266],[5.000018791999992,0.13185485928584598],[5.499972500000013,0.1318300289102744],[5.999532207999891,0.13172613722874818],[6.4999386659999345,0.1319494120544275],[6.999961792000022,0.13184833335888477],[7.499958500000048,0.13184136734251942],[7.99993362400005,0.13183567597689574],[8.499457581999877,0.131716710508904],[8.999988499999972,0.1319822302236749],[9.499962417000006,0.13183535770974783],[9.999987874999988,0.1318489482710428]],"reps":[],"score":[[0,0.2508414786400304],[0.4999387079999451,0.6265511648717492],[0.9998995419998664,0.6265788944130654],[1.4998995829998876,0.6476593458328129],[1.9995364169999448,0.6471888770553943],[2.499944207999988,0.6481875119860586],[2.999936623999929,0.647649469028495],[3.499948957000015,0.6476752678889494],[3.999951291999878,0.6476623172934428],[4.499970916999928,0.6476847133520277],[5.000018791999992,0.6477213061020847],[5.499972500000013,0.647599329836793],[5.999532207999891,0.6470889743139419],[6.4999386659999345,0.648185785326384],[6.999961792000022,0.6476892482624438],[7.499958500000048,0.647655028535974],[7.99993362400005,0.6476270703795949],[8.499457581999877,0.6470426666744449],[8.999988499999972,0.6483470006775962],[9.499962417000006,0.6476255069301032],[9.999987874999988,0.6476922689452485]],"motion":[]},"serverReceivedTimestamp":"2020-01-26T16:39:26.680Z"}