{"timestamp":"2020-01-26T16:39:26.612Z","videoElapsedSeconds":1230.700180125,"metrics":{"time":[[0,0],[0.49990954199984117,0.49990954199984117],[0.9995966669998779,0.49968712500003676],[1.4999724589999914,0.5003757920001135],[1.999920000999964,0.4999475419999726],[2.4999104999999417,0.4999904989999777],[2.999964124999906,0.5000536249999641],[3.4992947509999794,0.4993306260000736],[3.999912208999831,0.5006174579998515],[4.499964583999827,0.5000523749999957],[4.999925749999875,0.49996116600004825],[5.499868291999974,0.4999425420000989],[5.9999483749998035,0.5000800829998298],[6.499949500999946,0.5000011260001429],[6.999972416999981,0.5000229160000345],[7.499942250000004,0.49996983300002285],[7.999941208999871,0.4999989589998677],[8.499958207999953,0.5000169990000813],[8.999952624999878,0.4999944169999253],[9.499277958999983,0.4993253340001047],[9.999842624999928,0.5005646659999456]],"bpm":[[0,167],[0.49990954199984117,167],[0.9995966669998779,167],[1.4999724589999914,169],[1.999920000999964,169],[2.4999104999999417,169],[2.999964124999906,169],[3.4992947509999794,169],[3.999912208999831,169],[4.499964583999827,169],[4.999925749999875,169],[5.499868291999974,169],[5.9999483749998035,169],[6.499949500999946,170],[6.999972416999981,170],[7.499942250000004,170],[7.999941208999871,170],[8.499958207999953,170],[8.999952624999878,170],[9.499277958999983,170],[9.999842624999928,170]],"kcal":[[0,0.13185289246337398],[0.49990954199984117,0.13181838302189033],[0.9995966669998779,0.13175973511300365],[1.4999724589999914,0.13372405419026398],[1.999920000999964,0.13360960555557502],[2.4999104999999417,0.13362108569567846],[2.999964124999906,0.13363795594555458],[3.4992947509999794,0.1334447364513532],[3.999912208999831,0.1337886387640215],[4.499964583999827,0.13363762188650097],[4.999925749999875,0.13361324653212409],[5.499868291999974,0.13360826931936065],[5.9999483749998035,0.13364502677324921],[6.499949500999946,0.13451462244809548],[6.999972416999981,0.13452048458211108],[7.499942250000004,0.13450620373486163],[7.999941208999871,0.13451403946296064],[8.499958207999953,0.13451889273966647],[8.999952624999878,0.13451281753489763],[9.499277958999983,0.13433281504604866],[9.999842624999928,0.1346662308472891]],"reps":[],"score":[[0,0.6477116443207341],[0.49990954199984117,0.6475421207959152],[0.9995966669998779,0.6472540199223487],[1.4999724589999914,0.6621774764782311],[1.999920000999964,0.661610747413938],[2.4999104999999417,0.6616675950039199],[2.999964124999906,0.6617511334485038],[3.4992947509999794,0.6607943452487188],[3.999912208999831,0.6624972876769651],[4.499964583999827,0.661749479248125],[4.999925749999875,0.6616287768752627],[5.499868291999974,0.6616041306124227],[5.9999483749998035,0.6617861469161092],[6.499949500999946,0.6686921119048338],[6.999972416999981,0.6687212534412988],[7.499942250000004,0.6686502612344053],[7.999941208999871,0.6686892137993793],[8.499958207999953,0.6687133401567299],[8.999952624999878,0.6686831394139913],[9.499277958999983,0.6677883203807446],[9.999842624999928,0.6694457797127955]],"motion":[]},"serverReceivedTimestamp":"2020-01-26T16:39:37.183Z"}