{"timestamp":"2020-01-26T16:39:37.111Z","videoElapsedSeconds":1241.199265709,"metrics":{"time":[[0,0],[0.5008313749999616,0.5008313749999616],[1.00078454100003,0.49995316600006845],[1.5007952910000313,0.5000107500000013],[2.000831792000099,0.5000365010000678],[2.5008234169999923,0.49999162499989325],[3.0008362910000415,0.5000128740000491],[3.5008812910000415,0.5000450000000001],[4.00083487500001,0.49995358399996803],[4.500843000000032,0.5000081250000221],[4.999909790999936,0.4990667909999047],[5.500845749000064,0.5009359580001274],[6.000843249000127,0.49999750000006316],[6.499919914999964,0.49907666599983713],[7.000874500000009,0.500954585000045],[7.500834124999983,0.49995962499997404],[8.000915207999924,0.5000810829999409],[8.50032795800007,0.49941275000014684],[8.800734290999799,0.30040633299972797]],"bpm":[[0,170],[0.5008313749999616,170],[1.00078454100003,168],[1.5007952910000313,168],[2.000831792000099,168],[2.5008234169999923,168],[3.0008362910000415,168],[3.5008812910000415,168],[4.00083487500001,168],[4.500843000000032,168],[4.999909790999936,168],[5.500845749000064,165],[6.000843249000127,165],[6.499919914999964,165],[7.000874500000009,165],[7.500834124999983,165],[8.000915207999924,165],[8.50032795800007,165],[8.800734290999799,165]],"kcal":[[0,0.13431065381186783],[0.5008313749999616,0.13473798320658403],[1.00078454100003,0.13272049727371815],[1.5007952910000313,0.13273578385979432],[2.000831792000099,0.13274261987117805],[2.5008234169999923,0.1327307068251892],[3.0008362910000415,0.13273634770929407],[3.5008812910000415,0.13274487606550592],[4.00083487500001,0.13272060823842108],[4.500843000000032,0.1327350870119168],[4.999909790999936,0.13248519497183672],[5.500845749000064,0.13030430895035885],[6.000843249000127,0.13006019566756422],[6.499919914999964,0.12982066676942627],[7.000874500000009,0.1303091542370933],[7.500834124999983,0.13005034355845868],[8.000915207999924,0.13008193741891014],[8.50032795800007,0.12990808950822197],[8.800734290999799,0.07814220361044832]],"reps":[],"score":[[0,0.6676781536032069],[0.5008313749999616,0.6698024713184952],[1.00078454100003,0.6546084088833893],[1.5007952910000313,0.6546838058868222],[2.000831792000099,0.6547175226873688],[2.5008234169999923,0.6546587647694896],[3.0008362910000415,0.6546865869238999],[3.5008812910000415,0.654728650763359],[4.00083487500001,0.6546089561871525],[4.500843000000032,0.6546803688707644],[4.999909790999936,0.6534478431184529],[5.500845749000064,0.6348245350904714],[6.000843249000127,0.6336352490069347],[6.499919914999964,0.6324682974101223],[7.000874500000009,0.6348481406559613],[7.500834124999983,0.633587250896719],[8.000915207999924,0.6337411718064293],[8.50032795800007,0.6328942088781266],[8.800734290999799,0.380697986716971]],"motion":[]},"serverReceivedTimestamp":"2020-01-26T16:39:46.169Z"}