{"timestamp":"2020-01-26T16:39:46.112Z","videoElapsedSeconds":1250.200143333,"metrics":{"time":[[0,0],[0.49994829199999913,0.49994829199999913],[0.9998668750001798,0.49991858300018066],[1.4999905000001945,0.5001236250000147],[1.9992686250000133,0.49927812499981883],[2.500101792000123,0.5008331670001098],[2.999962584000059,0.4998607919999358],[3.4999827510000614,0.5000201670000024],[3.9999690839999857,0.49998633299992434],[4.5000391680000575,0.5000700840000718],[4.999961876000043,0.4999227079999855],[5.499946543000078,0.4999846670000352],[6.000028334000035,0.5000817909999569],[6.499993042000142,0.49996470800010684],[6.998962915999982,0.4989698739998403],[7.499966708000102,0.5010037920001196],[7.999080333000165,0.4991136250000636],[8.499968541000044,0.5008882079998784],[9.000012500000139,0.5000439590000951],[9.499962084000117,0.49994958399997813],[9.999987001000136,0.5000249170000188]],"bpm":[[0,165],[0.49994829199999913,165],[0.9998668750001798,165],[1.4999905000001945,159],[1.9992686250000133,159],[2.500101792000123,159],[2.999962584000059,159],[3.4999827510000614,159],[3.9999690839999857,159],[4.5000391680000575,159],[4.999961876000043,159],[5.499946543000078,159],[6.000028334000035,159],[6.499993042000142,158],[6.998962915999982,158],[7.499966708000102,158],[7.999080333000165,158],[8.499968541000044,158],[9.000012500000139,158],[9.499962084000117,158],[9.999987001000136,158]],"kcal":[[0,0.052061622411219304],[0.49994829199999913,0.1300473955993304],[0.9998668750001798,0.1300396676440317],[1.4999905000001945,0.12474751391030729],[1.9992686250000133,0.12453661800824788],[2.500101792000123,0.1249244973522049],[2.999962584000059,0.1246819545931816],[3.4999827510000614,0.12472170803421882],[3.9999690839999857,0.12471326870605197],[4.5000391680000575,0.12473415899903878],[4.999961876000043,0.12469739850882838],[5.499946543000078,0.12471285315010947],[6.000028334000035,0.12473707911530205],[6.499993042000142,0.1238172428685753],[6.998962915999982,0.12357087027256218],[7.499966708000102,0.1240745740640212],[7.999080333000165,0.12360647049038245],[8.499968541000044,0.12404594945912292],[9.000012500000139,0.12383686953453012],[9.499962084000117,0.12381349738020958],[9.999987001000136,0.1238321537457746]],"reps":[],"score":[[0,0.2536370094702608],[0.49994829199999913,0.6335728888483865],[0.9998668750001798,0.6335352393211434],[1.4999905000001945,0.5917220577358409],[1.9992686250000133,0.590721703073668],[2.500101792000123,0.5925615534752119],[2.999962584000059,0.5914110864561947],[3.4999827510000614,0.5915996512395341],[3.9999690839999857,0.5915596204888419],[4.5000391680000575,0.5916587106170971],[4.999961876000043,0.5914843424695577],[5.499946543000078,0.5915576493584387],[6.000028334000035,0.5916725617725227],[6.499993042000142,0.5845240918979595],[6.998962915999982,0.5833610009211563],[7.499966708000102,0.5857389169081941],[7.999080333000165,0.5835290646294949],[8.499968541000044,0.5856037841044225],[9.000012500000139,0.5846167466755047],[9.499962084000117,0.5845064099650158],[9.999987001000136,0.5845944840885172]],"motion":[]},"serverReceivedTimestamp":"2020-01-26T16:39:56.668Z"}