{"timestamp":"2020-01-26T16:39:56.611Z","videoElapsedSeconds":1260.700111376,"metrics":{"time":[[0,0],[0.5000077909999163,0.5000077909999163],[0.9999897489999512,0.49998195800003487],[1.4999920820000625,0.5000023330001113],[2.000001081999926,0.5000089999998636],[2.499954416000037,0.49995333400011077],[2.9999514159999308,0.4999969999998939],[3.4999492070000997,0.49999779100016895],[4.000008957000091,0.5000597499999913],[4.50003337499993,0.500024417999839],[5.000033209000094,0.4999998340001639],[5.499952208999957,0.49991899999986344],[6.000021042000071,0.500068833000114],[6.5000168750000284,0.4999958329999572],[7.000058584000044,0.5000417090000155],[7.500001874999953,0.49994329099990864],[7.999998332999894,0.4999964579999414],[8.499985916000014,0.49998758300012014],[9.000094665999995,0.5001087499999812],[9.500009916999943,0.4999152509999476],[9.999989249999999,0.4999793330000557]],"bpm":[[0,158],[0.5000077909999163,158],[0.9999897489999512,158],[1.4999920820000625,154],[2.000001081999926,154],[2.499954416000037,154],[2.9999514159999308,154],[3.4999492070000997,154],[4.000008957000091,154],[4.50003337499993,154],[5.000033209000094,154],[5.499952208999957,154],[6.000021042000071,153],[6.5000168750000284,153],[7.000058584000044,153],[7.500001874999953,153],[7.999998332999894,153],[8.499985916000014,153],[9.000094665999995,153],[9.500009916999943,153],[9.999989249999999,153]],"kcal":[[0,0.12382128801574788],[0.5000077909999163,0.12382791245817945],[0.9999897489999512,0.12382151486497102],[1.4999920820000625,0.1202637653098449],[2.000001081999926,0.12026536889934962],[2.499954416000037,0.12025197975636333],[2.9999514159999308,0.12026248258245702],[3.4999492070000997,0.12026267283891216],[4.000008957000091,0.12027757561460273],[4.50003337499993,0.12026907733550722],[5.000033209000094,0.12026316423436317],[5.499952208999957,0.12024372152260047],[6.000021042000071,0.11938894298761453],[6.5000168750000284,0.11937151460119716],[7.000058584000044,0.11938246726769829],[7.500001874999953,0.11935897046040236],[7.999998332999894,0.11937166381683022],[8.499985916000014,0.1193695449548301],[9.000094665999995,0.1193984729725024],[9.500009916999943,0.1193522760500816],[9.999989249999999,0.11936757530840876]],"reps":[],"score":[[0,0.5845431884787173],[0.5000077909999163,0.5845744615559312],[0.9999897489999512,0.5845442594025491],[1.4999920820000625,0.556526198546385],[2.000001081999926,0.5565336192318157],[2.499954416000037,0.5564716603464545],[2.9999514159999308,0.5565202626654061],[3.4999492070000997,0.5565211430860503],[4.000008957000091,0.5565901063775412],[4.50003337499993,0.5565507801935736],[5.000033209000094,0.5565234170414817],[5.499952208999957,0.5564334449834902],[6.000021042000071,0.5495888133236103],[6.5000168750000284,0.5495085844014876],[7.000058584000044,0.5495590033333791],[7.500001874999953,0.5494508393601037],[7.999998332999894,0.5495092712929253],[8.499985916000014,0.5494995174344599],[9.000094665999995,0.5496326831574028],[9.500009916999943,0.549420022661907],[9.999989249999999,0.5494904504671824]],"motion":[]},"serverReceivedTimestamp":"2020-01-26T16:40:07.166Z"}