{"timestamp":"2020-01-26T16:40:07.111Z","videoElapsedSeconds":1271.200193917,"metrics":{"time":[[0,0],[0.49988904199994977,0.49988904199994977],[0.9998971259999507,0.500008084000001],[1.4998967510000512,0.4999996250001004],[1.9992767500000355,0.4993799989999843],[2.4999140830000215,0.500637332999986],[2.9999064589999307,0.4999923759999092],[3.499993291999999,0.5000868330000685],[3.99990462400001,0.4999113320000106],[4.499892166000109,0.499987542000099],[4.999912751000011,0.500020584999902],[5.499957167000048,0.500044416000037],[5.99990237499992,0.49994520799987185],[6.499922582999943,0.5000202080000236],[6.999895292000019,0.49997270900007607],[7.499906541999962,0.5000112499999432],[7.999926625999933,0.5000200839999707],[8.499960126000133,0.5000335000001996],[8.799806082999794,0.2998459569996612]],"bpm":[[0,153],[0.49988904199994977,155],[0.9998971259999507,155],[1.4998967510000512,155],[1.9992767500000355,155],[2.4999140830000215,155],[2.9999064589999307,155],[3.499993291999999,155],[3.99990462400001,155],[4.499892166000109,158],[4.999912751000011,158],[5.499957167000048,158],[5.99990237499992,158],[6.499922582999943,158],[6.999895292000019,158],[7.499906541999962,158],[7.999926625999933,158],[8.499960126000133,158],[8.799806082999794,158]],"kcal":[[0,0.11939478221325603],[0.49988904199994977,0.12112701288307973],[0.9998971259999507,0.1211558576879511],[1.4998967510000512,0.1211538080063141],[1.9992767500000355,0.1210036677948014],[2.4999140830000215,0.12130832962736972],[2.9999064589999307,0.12115205151704189],[3.499993291999999,0.12117493918473196],[3.99990462400001,0.12113241392390615],[4.499892166000109,0.12382289775356504],[4.999912751000011,0.12383108091742892],[5.499957167000048,0.1238369827114642],[5.99990237499992,0.12381241365518003],[6.499922582999943,0.12383098755266785],[6.999895292000019,0.12381922433194768],[7.499906541999962,0.1238287690863365],[7.999926625999933,0.12383095684381099],[8.499960126000133,0.1238342793426436],[8.799806082999794,0.07425744074915684]],"reps":[],"score":[[0,0.5496156933094006],[0.49988904199994977,0.5634089823500447],[0.9998971259999507,0.5635431507883794],[1.4998967510000512,0.56353361691961],[1.9992767500000355,0.5628352562338739],[2.4999140830000215,0.5642523572500933],[2.9999064589999307,0.5635254468028887],[3.499993291999999,0.5636319062726196],[3.99990462400001,0.5634341046975972],[4.499892166000109,0.5845507878284847],[4.999912751000011,0.5845894194141634],[5.499957167000048,0.5846172809681692],[5.99990237499992,0.5845012938489234],[6.499922582999943,0.5845889786520295],[6.999895292000019,0.5845334461127],[7.499906541999962,0.5845785055790736],[7.999926625999933,0.5845888336797601],[8.499960126000133,0.5846045187375758],[8.799806082999794,0.3505591153135236]],"motion":[]},"serverReceivedTimestamp":"2020-01-26T16:40:16.146Z"}