{"timestamp":"2020-01-26T16:22:56.112Z","videoElapsedSeconds":240.200104125,"metrics":{"time":[[0,0],[0.5000071670000068,0.5000071670000068],[1.0000572499999976,0.5000500829999908],[1.5000061670000093,0.49994891700001176],[1.9993226260000085,0.4993164589999992],[2.4999979590000123,0.5006753330000038],[3.000169373999995,0.5001714149999827],[3.5001998330000106,0.5000304590000155],[3.9998784590000014,0.4996786259999908],[4.500088583999997,0.5002101249999953],[5.000044540999994,0.4999559569999974],[5.4999769160000085,0.4999323750000144],[6.000075626000012,0.5000987100000032],[6.500025792999992,0.4999501669999802],[7.0000468750000095,0.5000210820000177],[7.500069209000003,0.5000223339999934],[8.000062665999991,0.499993456999988],[8.500010457999991,0.4999477920000004],[8.999984334000004,0.49997387600001275],[9.500059125000007,0.500074791000003],[9.999643249999991,0.49958412499998417]],"bpm":[[0,150],[0.5000071670000068,150],[1.0000572499999976,150],[1.5000061670000093,149],[1.9993226260000085,149],[2.4999979590000123,149],[3.000169373999995,149],[3.5001998330000106,149],[3.9998784590000014,149],[4.500088583999997,149],[5.000044540999994,149],[5.4999769160000085,149],[6.000075626000012,149],[6.500025792999992,148],[7.0000468750000095,148],[7.500069209000003,148],[8.000062665999991,148],[8.500010457999991,148],[8.999984334000004,148],[9.500059125000007,148],[9.999643249999991,148]],"kcal":[[0,0.046704472992251694],[0.5000071670000068,0.11670209810558017],[1.0000572499999976,0.11671211473648264],[1.5000061670000093,0.1157978987947407],[1.9993226260000085,0.11565140921353141],[2.4999979590000123,0.11596615087728288],[3.000169373999995,0.11584943366161728],[3.5001998330000106,0.11581678550884865],[3.9998784590000014,0.11573529413894235],[4.500088583999997,0.11585839965096412],[5.000044540999994,0.11579952939574442],[5.4999769160000085,0.1157940673456138],[6.000075626000012,0.11583259376869376],[6.500025792999992,0.11490758238103253],[7.0000468750000095,0.1149238813479031],[7.500069209000003,0.11492416910516341],[8.000062665999991,0.1149175320711627],[8.500010457999991,0.11490703651561664],[8.999984334000004,0.11491303161188442],[9.500059125000007,0.1149362257208982],[9.999643249999991,0.11482345199355441]],"reps":[],"score":[[0,0.14870702818042303],[0.5000071670000068,0.37157944581839336],[1.0000572499999976,0.3716113387682214],[1.5000061670000093,0.36815063780343765],[1.9993226260000085,0.36768491058977415],[2.4999979590000123,0.3686855534810481],[3.000169373999995,0.36831448010374873],[3.5001998330000106,0.36821068341667607],[3.9998784590000014,0.36795160186063103],[4.500088583999997,0.36834298523839226],[5.000044540999994,0.36815582189404517],[5.4999769160000085,0.36813845666324013],[6.000075626000012,0.3682609418497315],[6.500025792999992,0.3647660301793687],[7.0000468750000095,0.3648177701021676],[7.500069209000003,0.3648186835673308],[8.000062665999991,0.36479761477017714],[8.500010457999991,0.3647642973680377],[8.999984334000004,0.36478332837905386],[9.500059125000007,0.36485695644513266],[9.999643249999991,0.36449896418753464]],"motion":[]},"serverReceivedTimestamp":"2020-01-26T16:23:06.690Z"}