{"timestamp":"2020-01-26T16:23:06.612Z","videoElapsedSeconds":250.700094708,"metrics":{"time":[[0,0],[0.5000167089999934,0.5000167089999934],[1.0000160000000164,0.49999929100002305],[1.5000469590000023,0.5000309589999858],[2.0000793750000128,0.5000324160000105],[2.4999942930000145,0.49991491800000176],[3.0000589590000004,0.5000646659999859],[3.500042167999993,0.4999832089999927],[3.9996940850000158,0.49965191700002265],[4.4999997510000185,0.5003056660000027],[5.000115251000011,0.5001154999999926],[5.499315125999999,0.49919987499998797],[5.999535834000028,0.5002207080000289],[6.499978709000004,0.5004428749999761],[7.000081667000018,0.5001029580000136],[7.5000664589999815,0.4999847919999638],[8.000001709000003,0.49993525000002137],[8.500082792,0.5000810829999978],[9.000010292000013,0.4999275000000125],[9.299905291999949,0.2998949999999354]],"bpm":[[0,146],[0.5000167089999934,146],[1.0000160000000164,146],[1.5000469590000023,146],[2.0000793750000128,146],[2.4999942930000145,146],[3.0000589590000004,146],[3.500042167999993,146],[3.9996940850000158,146],[4.4999997510000185,146],[5.000115251000011,146],[5.499315125999999,145],[5.999535834000028,145],[6.499978709000004,145],[7.000081667000018,145],[7.5000664589999815,145],[8.000001709000003,145],[8.500082792,145],[9.000010292000013,145],[9.299905291999949,145]],"kcal":[[0,0.11321623935798912],[0.5000167089999934,0.11314142731552516],[1.0000160000000164,0.11313748605247906],[1.5000469590000023,0.11314465173844818],[2.0000793750000128,0.11314498142155562],[2.4999942930000145,0.11311839452718103],[3.0000589590000004,0.11315227879974814],[3.500042167999993,0.11313384709321075],[3.9996940850000158,0.11305888389886112],[4.4999997510000185,0.11320681114535609],[5.000115251000011,0.11316378127799213],[5.499315125999999,0.11206732858707487],[5.999535834000028,0.11229649937211988],[6.499978709000004,0.11234637450917653],[7.000081667000018,0.11227006521497422],[7.5000664589999815,0.11224353766835696],[8.000001709000003,0.11223241579140052],[8.500082792,0.11226515441083067],[9.000010292000013,0.11223067596364608],[9.299905291999949,0.06732459920310355]],"reps":[],"score":[[0,0.35827936919823866],[0.5000167089999934,0.3580426221420354],[1.0000160000000164,0.3580301497860729],[1.5000469590000023,0.358052826015768],[2.0000793750000128,0.3580538693171215],[2.4999942930000145,0.3579697335447316],[3.0000589590000004,0.35807696229451097],[3.500042167999993,0.3580186340879842],[3.9996940850000158,0.3577814087028542],[4.4999997510000185,0.3582495330714252],[5.000115251000011,0.3581133625553998],[5.499315125999999,0.35407727159488805],[5.999535834000028,0.35480133780866374],[6.499978709000004,0.35495891854760064],[7.000081667000018,0.354717818960155],[7.5000664589999815,0.35463400504715487],[8.000001709000003,0.35459886542263275],[8.500082792,0.35470230325049706],[9.000010292000013,0.3545933684283517],[9.299905291999949,0.21271239974755332]],"motion":[]},"serverReceivedTimestamp":"2020-01-26T16:23:16.183Z"}