{"timestamp":"2020-01-26T16:23:16.112Z","videoElapsedSeconds":260.200125167,"metrics":{"time":[[0,0],[0.5000067500000114,0.5000067500000114],[0.9999977919999878,0.49999104199997646],[1.5000028329999964,0.5000050410000085],[2.000006290999977,0.5000034579999806],[2.4999970829999825,0.4999907920000055],[3.000010459000009,0.5000133760000267],[3.500059458999999,0.50004899999999],[4.000069709000002,0.5000102500000025],[4.500004251000007,0.4999345420000054],[4.999987833999967,0.4999835829999597],[5.500008166999976,0.500020333000009],[6.000020543000005,0.5000123760000292],[6.499987208999983,0.4999666659999775],[6.9999845840000035,0.49999737500002084],[7.49997375099997,0.499989166999967],[7.999962208999989,0.49998845800001845],[8.499981417000015,0.5000192080000261],[8.999999123999999,0.5000177069999836],[9.500007874000005,0.5000087500000063],[9.99998954299997,0.49998166899996477]],"bpm":[[0,145],[0.5000067500000114,145],[0.9999977919999878,145],[1.5000028329999964,145],[2.000006290999977,145],[2.4999970829999825,145],[3.000010459000009,145],[3.500059458999999,145],[4.000069709000002,145],[4.500004251000007,145],[4.999987833999967,145],[5.500008166999976,145],[6.000020543000005,145],[6.499987208999983,145],[6.9999845840000035,145],[7.49997375099997,145],[7.999962208999989,145],[8.499981417000015,145],[8.999999123999999,145],[9.500007874000005,145],[9.99998954299997,145]],"kcal":[[0,0.04492687993709991],[0.5000067500000114,0.11224846710550164],[0.9999977919999878,0.11224494075525693],[1.5000028329999964,0.11224808344541984],[2.000006290999977,0.11224772807156425],[2.4999970829999825,0.11224488463178757],[3.000010459000009,0.11224995460210997],[3.500059458999999,0.11225795197292154],[4.000069709000002,0.11224925283416204],[4.500004251000007,0.11223225684971323],[4.999987833999967,0.11224326625522665],[5.500008166999976,0.11225151640619292],[6.000020543000005,0.11224973010820699],[6.499987208999983,0.1122394684918644],[6.9999845840000035,0.11224636247515804],[7.49997375099997,0.11224451982918564],[7.999962208999989,0.1122443606630196],[8.499981417000015,0.11225126385055526],[8.999999123999999,0.1122509268851965],[9.500007874000005,0.11224891609330757],[9.99998954299997,0.1122428365738964]],"reps":[],"score":[[0,0.14194669641865748],[0.5000067500000114,0.3546495796278707],[0.9999977919999878,0.35463843810706286],[1.5000028329999964,0.35464836745196987],[2.000006290999977,0.35464724464653885],[2.4999970829999825,0.3546382607846875],[3.000010459000009,0.35465427938066413],[3.500059458999999,0.354679547112773],[4.000069709000002,0.3546520621414079],[4.500004251000007,0.35459836324559607],[4.999987833999967,0.3546331475160451],[5.500008166999976,0.3546592139082864],[6.000020543000005,0.35465357009108206],[6.499987208999983,0.3546211484641678],[6.9999845840000035,0.3546429300380288],[7.49997375099997,0.35463710818908645],[7.999962208999989,0.354636605302808],[8.499981417000015,0.3546584159575167],[8.999999123999999,0.3546573513138212],[9.500007874000005,0.35465099820703483],[9.99998954299997,0.3546317899357852]],"motion":[]},"serverReceivedTimestamp":"2020-01-26T16:23:26.667Z"}