{"timestamp":"2020-01-26T16:23:26.611Z","videoElapsedSeconds":270.700108585,"metrics":{"time":[[0,0],[0.500009456999976,0.500009456999976],[1.000026374000015,0.500016917000039],[1.4999920820000057,0.4999657079999906],[2.0000199570000063,0.5000278750000007],[2.500011830999995,0.49999187399998846],[2.9999897480000186,0.4999779170000238],[3.499501748,0.4995119999999815],[4.000052498000002,0.5005507500000022],[4.500022373999968,0.499969875999966],[4.999991998999974,0.49996962500000564],[5.4999569560000054,0.4999649570000315],[5.999974871999996,0.5000179159999902],[6.499992914000018,0.500018042000022],[7.000032873000009,0.5000399589999915],[7.500048206999963,0.5000153339999542],[7.9998325820000105,0.499784375000047],[8.500006331999998,0.5001737499999876],[8.999994582,0.49998825000000124],[9.299891414999934,0.2998968329999343]],"bpm":[[0,145],[0.500009456999976,155],[1.000026374000015,155],[1.4999920820000057,155],[2.0000199570000063,155],[2.500011830999995,155],[2.9999897480000186,155],[3.499501748,155],[4.000052498000002,155],[4.500022373999968,155],[4.999991998999974,155],[5.4999569560000054,155],[5.999974871999996,156],[6.499992914000018,156],[7.000032873000009,156],[7.500048206999963,156],[7.9998325820000105,156],[8.500006331999998,156],[8.999994582,156],[9.299891414999934,156]],"kcal":[[0,0.11224557674649761],[0.500009456999976,0.12115619037655136],[1.000026374000015,0.12115799799273778],[1.4999920820000057,0.12114558965271141],[2.0000199570000063,0.12116065320157617],[2.500011830999995,0.12115192987854664],[2.9999897480000186,0.12114854798862211],[3.499501748,0.12103565266641066],[4.000052498000002,0.12128734989132163],[4.500022373999968,0.12114659959160644],[4.999991998999974,0.12114653877235883],[5.4999569560000054,0.12114540767956522],[5.999974871999996,0.1220489666835951],[6.499992914000018,0.12204899743884043],[7.000032873000009,0.12205434714154809],[7.500048206999963,0.12204833644530506],[7.9998325820000105,0.12199196185074963],[8.500006331999998,0.12208700407798691],[8.999994582,0.1220417255337714],[9.299891414999934,0.07320157419984404]],"reps":[],"score":[[0,0.35464044752449164],[0.500009456999976,0.38851079558092816],[1.000026374000015,0.3885165920524127],[1.4999920820000057,0.38847680230629655],[2.0000199570000063,0.38852510649393673],[2.500011830999995,0.38849713346870557],[2.9999897480000186,0.3884862887835016],[3.499501748,0.3881242680620393],[4.000052498000002,0.3889313839740844],[4.500022373999968,0.3884800408710152],[4.999991998999974,0.3884798458423154],[5.4999569560000054,0.3884762187741503],[5.999974871999996,0.3919033551549542],[6.499992914000018,0.391903453911086],[7.000032873000009,0.39192063198720717],[7.500048206999963,0.3919013314385138],[7.9998325820000105,0.3917203107109148],[8.500006331999998,0.3920254945133491],[8.999994582,0.3918801035782453],[9.299891414999934,0.23505272769670427]],"motion":[]},"serverReceivedTimestamp":"2020-01-26T16:23:36.161Z"}