{"timestamp":"2020-01-26T16:23:36.111Z","videoElapsedSeconds":280.199884085,"metrics":{"time":[[0,0],[0.5002787500000068,0.5002787500000068],[1.0002664159999881,0.49998766599998135],[1.5002444159999868,0.4999779999999987],[2.000262789999965,0.5000183739999784],[2.500227706999965,0.4999649169999998],[3.0002357070000016,0.5000080000000366],[3.500226373999965,0.4999906669999632],[4.000356915999987,0.5001305420000222],[4.500208665999992,0.4998517500000048],[4.999848916000019,0.4996402500000272],[5.500271206999969,0.5004222909999498],[6.00030045799997,0.5000292510000008],[6.500217207999981,0.49991675000001123],[7.000235289999978,0.5000180819999969],[7.500205372999972,0.4999700829999938],[8.000292790000003,0.5000874170000316],[8.500244331999966,0.4999515419999625],[9.00025733199999,0.500013000000024],[9.50024953999997,0.49999220799998056],[10.000215331999982,0.4999657920000118]],"bpm":[[0,156],[0.5002787500000068,156],[1.0002664159999881,156],[1.5002444159999868,155],[2.000262789999965,155],[2.500227706999965,155],[3.0002357070000016,155],[3.500226373999965,155],[4.000356915999987,155],[4.500208665999992,155],[4.999848916000019,155],[5.500271206999969,155],[6.00030045799997,155],[6.500217207999981,156],[7.000235289999978,156],[7.500205372999972,156],[8.000292790000003,156],[8.500244331999966,156],[9.00025733199999,156],[9.50024953999997,156],[10.000215331999982,156]],"kcal":[[0,0.04878954383457385],[0.5002787500000068,0.12211263344264374],[1.0002664159999881,0.12204158298568124],[1.5002444159999868,0.12114856810016322],[2.000262789999965,0.1211583510351844],[2.500227706999965,0.12114539798724562],[3.0002357070000016,0.12115583733410475],[3.500226373999965,0.12115163741302865],[4.000356915999987,0.12118553021625231],[4.500208665999992,0.12111797674069963],[4.999848916000019,0.1210667286414823],[5.500271206999969,0.12125622327391862],[6.00030045799997,0.12116098661710588],[6.500217207999981,0.12202427315689167],[7.000235289999978,0.12204900720240179],[7.500205372999972,0.1220372911655064],[8.000292790000003,0.12206593112620225],[8.500244331999966,0.12203276550787955],[9.00025733199999,0.12204776674115927],[9.50024953999997,0.12204269163876916],[10.000215331999982,0.12203624377880866]],"reps":[],"score":[[0,0.15666487349146296],[0.5002787500000068,0.3921077912690893],[1.0002664159999881,0.39187964585151214],[1.5002444159999868,0.3884863532750544],[2.000262789999965,0.3885177241514114],[2.500227706999965,0.38847618769384984],[3.0002357070000016,0.38850966348192945],[3.500226373999965,0.3884961956213639],[4.000356915999987,0.38860487946082733],[4.500208665999992,0.38838825615458383],[4.999848916000019,0.38822391919633975],[5.500271206999969,0.3888315704453377],[6.00030045799997,0.38852617565542413],[6.500217207999981,0.3918240634064974],[7.000235289999978,0.3919034852622113],[7.500205372999972,0.39186586467194173],[8.000292790000003,0.39195782855326905],[8.500244331999966,0.3918513326324134],[9.00025733199999,0.3918995020992555],[9.50024953999997,0.39188320577403063],[10.000215331999982,0.3918625014778719]],"motion":[]},"serverReceivedTimestamp":"2020-01-26T16:23:46.662Z"}