{"timestamp":"2020-01-26T16:23:46.610Z","videoElapsedSeconds":290.700113209,"metrics":{"time":[[0,0],[0.4991231249999828,0.4991231249999828],[0.9999848749999956,0.5008617500000128],[1.500010207999992,0.5000253329999964],[2.0000250830000255,0.5000148750000335],[2.4999265409999794,0.4999014579999539],[2.9999899580000147,0.5000634170000353],[3.5000434159999827,0.500053457999968],[4.000002290999987,0.49995887500000435],[4.499993958999994,0.49999166800000694],[5.000016667000011,0.5000227080000172],[5.500027208000006,0.5000105409999946],[6.000020791999987,0.49999358399998073],[6.499978874000021,0.49995808200003466],[6.999998832000017,0.5000199579999958],[7.499990582999999,0.49999175099998183],[8.000009458000022,0.5000188750000234],[8.500015249,0.5000057909999782],[8.999985082000023,0.49996983300002285],[9.299886790999949,0.29990170899992563]],"bpm":[[0,156],[0.4991231249999828,156],[0.9999848749999956,156],[1.500010207999992,156],[2.0000250830000255,156],[2.4999265409999794,156],[2.9999899580000147,156],[3.5000434159999827,156],[4.000002290999987,156],[4.499993958999994,156],[5.000016667000011,156],[5.500027208000006,156],[6.000020791999987,156],[6.499978874000021,156],[6.999998832000017,156],[7.499990582999999,156],[8.000009458000022,156],[8.500015249,156],[8.999985082000023,156],[9.299886790999949,156]],"kcal":[[0,0.12204796005979067],[0.4991231249999828,0.12183055787572213],[0.9999848749999956,0.12225493743876151],[1.500010207999992,0.1220507770930978],[2.0000250830000255,0.12204822440838749],[2.4999265409999794,0.12202054054502755],[2.9999899580000147,0.12206007298571123],[3.5000434159999827,0.12205764210147986],[4.000002290999987,0.12203455541389925],[4.499993958999994,0.1220425598306145],[5.000016667000011,0.12205013635898658],[5.500027208000006,0.12204716652584086],[6.000020791999987,0.12204302750549072],[6.499978874000021,0.12203436185118123],[6.999998832000017,0.12204946511371664],[7.499990582999999,0.12204258009001091],[8.000009458000022,0.12204920076513368],[8.500015249,0.1220460071021978],[8.999985082000023,0.1220372301432167],[9.299886790999949,0.07320276437871852]],"reps":[],"score":[[0,0.3919001228519118],[0.4991231249999828,0.3912020370944522],[0.9999848749999956,0.3925647342080253],[1.500010207999992,0.39190916844102774],[2.0000250830000255,0.3919009716841866],[2.4999265409999794,0.39181207786370437],[2.9999899580000147,0.3919390178662491],[3.5000434159999827,0.3919312122148605],[4.000002290999987,0.3918570800811103],[4.499993958999994,0.39188278253359327],[5.000016667000011,0.391907111022151],[5.500027208000006,0.39189757478759124],[6.000020791999987,0.39188428425342003],[6.499978874000021,0.3918564585446837],[6.999998832000017,0.39190495563091277],[7.499990582999999,0.39188284758719955],[8.000009458000022,0.3919041067986825],[8.500015249,0.39189385183910513],[8.999985082000023,0.39186566872730805],[9.299886790999949,0.23505654940127763]],"motion":[]},"serverReceivedTimestamp":"2020-01-26T16:23:56.164Z"}