{"timestamp":"2020-01-26T16:24:36.108Z","videoElapsedSeconds":340.199318584,"metrics":{"time":[[0,0],[0.5007837919999929,0.5007837919999929],[1.0007745839999984,0.4999907920000055],[1.5008341259999725,0.500059541999974],[2.0008260419999715,0.49999191599999904],[2.5008276249999994,0.500001583000028],[3.0007766239999683,0.4999489989999688],[3.500807540999972,0.5000309170000037],[4.000816957999973,0.5000094170000011],[4.500809957999991,0.4999930000000177],[5.000861708000002,0.5000517500000115],[5.500792082999965,0.4999303749999626],[5.999830250000002,0.49903816700003745],[6.5007729579999705,0.5009427079999682],[7.000866164999991,0.5000932070000204],[7.500791164999953,0.499924999999962],[8.000793123999983,0.5000019590000306],[8.500801540999987,0.5000084170000036],[9.000855124999987,0.5000535839999998],[9.500784374999967,0.4999292499999797],[10.000808873999972,0.5000244990000056]],"bpm":[[1.5008341259999725,163],[2.0008260419999715,163],[2.5008276249999994,163],[3.0007766239999683,163],[3.500807540999972,163],[4.000816957999973,163],[4.500809957999991,163],[5.000861708000002,163],[5.500792082999965,163],[5.999830250000002,163],[6.5007729579999705,163],[7.000866164999991,163],[7.500791164999953,163],[8.000793123999983,163],[8.500801540999987,163],[9.000855124999987,163],[9.500784374999967,163],[10.000808873999972,163]],"kcal":[[1.5008341259999725,0.1282947325825622],[2.0008260419999715,0.12827738252951107],[2.5008276249999994,0.12827986268453145],[3.0007766239999683,0.12826637179062964],[3.500807540999972,0.12828738858368222],[4.000816957999973,0.12828187256704984],[4.500809957999991,0.12827766063937765],[5.000861708000002,0.12829273347552092],[5.500792082999965,0.12826159363743045],[5.999830250000002,0.12803268972270734],[6.5007729579999705,0.12852131669161074],[7.000866164999991,0.12830336963838374],[7.500791164999953,0.12826021463327236],[8.000793123999983,0.12827995915068346],[8.500801540999987,0.1282816160081374],[9.000855124999987,0.12829320400456456],[9.500784374999967,0.12826130500865757],[10.000808873999972,0.12828574198857842]],"reps":[],"score":[[1.5008341259999725,0.6196913282084583],[2.0008260419999715,0.6196075236967429],[2.5008276249999994,0.6196195033823294],[3.0007766239999683,0.6195543394446335],[3.500807540999972,0.6196558551042343],[4.000816957999973,0.6196292115499391],[4.500809957999991,0.6196088670275963],[5.000861708000002,0.6196816720887353],[5.500792082999965,0.6195312599304336],[5.999830250000002,0.618425604475284],[6.5007729579999705,0.6207857785000697],[7.000866164999991,0.6197330470575966],[7.500791164999953,0.6195245990418597],[8.000793123999983,0.6196199693347241],[8.500801540999987,0.6196279723148589],[9.000855124999987,0.6196839448458636],[9.500784374999967,0.6195298657909859],[10.000808873999972,0.6196479016934716]],"motion":[]},"serverReceivedTimestamp":"2020-01-26T16:24:46.690Z"}