{"timestamp":"2020-01-26T16:24:46.608Z","videoElapsedSeconds":350.700131166,"metrics":{"time":[[0,0],[0.49998458400000345,0.49998458400000345],[0.99962633399997,0.4996417499999666],[1.499978542000008,0.500352208000038],[2.00006675100002,0.5000882090000118],[2.5000162089999662,0.4999494579999464],[3.000042375000021,0.5000261660000547],[3.5000510009999743,0.5000086259999534],[3.999996125999985,0.49994512500001065],[4.500127250999981,0.5001311249999958],[4.999970334000011,0.4998430830000302],[5.49998095899997,0.500010624999959],[5.999986041999989,0.5000050830000191],[6.4999713340000085,0.4999852920000194],[7.000005293000015,0.5000339590000067],[7.499566834000007,0.4995615409999914],[7.999976875000016,0.5004100410000092],[8.500049375999993,0.5000725009999769],[8.999975125999981,0.4999257499999885],[9.299868833999938,0.2998937079999564]],"bpm":[[0,163],[0.49998458400000345,163],[0.99962633399997,163],[1.499978542000008,163],[2.00006675100002,163],[2.5000162089999662,163],[3.000042375000021,163],[3.5000510009999743,163],[3.999996125999985,163],[4.500127250999981,163],[4.999970334000011,163],[5.49998095899997,163],[5.999986041999989,163],[6.4999713340000085,163],[7.000005293000015,163],[7.499566834000007,163],[7.999976875000016,163],[8.500049375999993,163],[8.999975125999981,163],[9.299868833999938,163]],"kcal":[[0,0.12828040787221678],[0.49998458400000345,0.12827550143956135],[0.99962633399997,0.12818754432113694],[1.499978542000008,0.12836981865344096],[2.00006675100002,0.12830208735693385],[2.5000162089999662,0.128266489551165],[3.000042375000021,0.12828616967229917],[3.5000510009999743,0.12828166962893736],[3.999996125999985,0.12826537788141104],[4.500127250999981,0.1283130978392445],[4.999970334000011,0.12823919809680512],[5.49998095899997,0.12828218249020606],[5.999986041999989,0.12828076064072505],[6.4999713340000085,0.12827568308327592],[7.000005293000015,0.12828816903589665],[7.499566834000007,0.1281669659872822],[7.999976875000016,0.1283846562250551],[8.500049375999993,0.12829805732951785],[8.999975125999981,0.12826040705246397],[9.299868833999938,0.07694040377105613]],"reps":[],"score":[[0,0.6196221367568573],[0.49998458400000345,0.6195984376251172],[0.99962633399997,0.6191735857045076],[1.499978542000008,0.6200540101834402],[2.00006675100002,0.6197268533606394],[2.5000162089999662,0.6195549082535089],[3.000042375000021,0.6196499674984165],[3.5000510009999743,0.6196282313149291],[3.999996125999985,0.6195495386479725],[4.500127250999981,0.6197800363734565],[4.999970334000011,0.6194230846216219],[5.49998095899997,0.6196307085458675],[5.999986041999989,0.6196238407051102],[6.4999713340000085,0.619599315003576],[7.000005293000015,0.6196596248573615],[7.499566834000007,0.6190741878977383],[7.999976875000016,0.6201256788659797],[8.500049375999993,0.6197073874559069],[8.999975125999981,0.6195255284682052],[9.299868833999938,0.37163880422836165]],"motion":[]},"serverReceivedTimestamp":"2020-01-26T16:24:56.201Z"}