{"timestamp":"2020-01-26T16:24:56.109Z","videoElapsedSeconds":360.200115542,"metrics":{"time":[[0,0],[0.499974624999993,0.499974624999993],[0.9999926259999938,0.5000180010000008],[1.4999929589999965,0.5000003330000027],[2.0000266250000323,0.5000336660000357],[2.4999972909999997,0.4999706659999674],[3.0000795419999804,0.5000822509999807],[3.4999952499999836,0.4999157080000032],[3.9991547089999813,0.4991594589999977],[4.500070792000031,0.5009160830000496],[5.000055083000007,0.49998429099997566],[5.500006916000018,0.49995183300001145],[5.9999792490000345,0.49997233300001653],[6.499994373999982,0.5000151249999476],[6.999972499000023,0.499978125000041],[7.5000343330000305,0.5000618340000074],[7.999995458000001,0.49996112499997025],[8.49941425000003,0.4994187920000286],[8.999158207999983,0.49974395799995364],[9.500013500000023,0.5008552920000398],[9.999979750000023,0.49996624999999995]],"bpm":[[0,163],[0.499974624999993,163],[0.9999926259999938,163],[1.4999929589999965,163],[2.0000266250000323,163],[2.4999972909999997,163],[3.0000795419999804,163],[3.4999952499999836,163],[3.9991547089999813,163],[4.500070792000031,163],[5.000055083000007,163],[5.500006916000018,163],[5.9999792490000345,161],[6.499994373999982,161],[6.999972499000023,161],[7.5000343330000305,161],[7.999995458000001,161],[8.49941425000003,161],[8.999158207999983,161],[9.500013500000023,161],[9.999979750000023,161]],"kcal":[[0,0.05134142595065623],[0.499974624999993,0.12827294636934305],[0.9999926259999938,0.12828407486875984],[1.4999929589999965,0.12827954198588362],[2.0000266250000323,0.12828809386414258],[2.4999972909999997,0.12827193065259954],[3.0000795419999804,0.12830055877892158],[3.4999952499999836,0.12825783068786237],[3.9991547089999813,0.1280638082663853],[4.500070792000031,0.12851448581057023],[5.000055083000007,0.12827542626779267],[5.500006916000018,0.12826709887860033],[5.9999792490000345,0.1264910674877097],[6.499994373999982,0.1265018936982696],[6.999972499000023,0.12649253284132553],[7.5000343330000305,0.12651371089472005],[7.999995458000001,0.12648823190702513],[8.49941425000003,0.12635102375455637],[8.999158207999983,0.12643328949553131],[9.500013500000023,0.1267144527014287],[9.999979750000023,0.12648952851222073]],"reps":[],"score":[[0,0.24799020036932345],[0.499974624999993,0.6195860960829093],[0.9999926259999938,0.6196398491438941],[1.4999929589999965,0.6196179543384439],[2.0000266250000323,0.6196592617615181],[2.4999972909999997,0.6195811899511826],[3.0000795419999804,0.6197194699979742],[3.4999952499999836,0.6195130840695163],[3.9991547089999813,0.618575913776964],[4.500070792000031,0.6207527838660765],[5.000055083000007,0.6195980745292033],[5.500006916000018,0.6195578514369126],[5.9999792490000345,0.6055631560614705],[6.499994373999982,0.6056149854464625],[6.999972499000023,0.6055701712932808],[7.5000343330000305,0.6056715590758931],[7.999995458000001,0.6055495810065461],[8.49941425000003,0.6048927108931333],[8.999158207999983,0.6052865497841315],[9.500013500000023,0.6066325901149883],[9.999979750000023,0.6055557883724101]],"motion":[]},"serverReceivedTimestamp":"2020-01-26T16:25:06.690Z"}