{"timestamp":"2020-01-26T16:25:06.607Z","videoElapsedSeconds":370.700113167,"metrics":{"time":[[0,0],[0.4999713340000085,0.4999713340000085],[0.9999841680000259,0.5000128340000174],[1.5000211249999893,0.5000369569999634],[1.9999980420000156,0.49997691700002633],[2.499994582999989,0.49999654099997315],[2.9999983330000077,0.500003750000019],[3.4999795420000055,0.49998120899999776],[4.0000429579999945,0.500063415999989],[4.500111333000007,0.5000683750000121],[4.999984583000014,0.4998732500000074],[5.499503333000007,0.4995187499999929],[6.000022083000033,0.5005187500000261],[6.499557707000008,0.4995356239999751],[7.000015706999989,0.5004579999999805],[7.500001251000015,0.49998554400002604],[7.999987417999989,0.49998616699997456],[8.499993082999993,0.5000056650000033],[8.999981958000035,0.4999888750000423],[9.29988683299996,0.2999048749999247]],"bpm":[[0,161],[0.4999713340000085,155],[0.9999841680000259,155],[1.5000211249999893,155],[1.9999980420000156,155],[2.499994582999989,155],[2.9999983330000077,155],[3.4999795420000055,155],[4.0000429579999945,155],[4.500111333000007,155],[4.999984583000014,155],[5.499503333000007,154],[6.000022083000033,154],[6.499557707000008,154],[7.000015706999989,154],[7.500001251000015,154],[7.999987417999989,154],[8.499993082999993,154],[8.999981958000035,154],[9.29988683299996,154]],"kcal":[[0,0.12650258943764425],[0.4999713340000085,0.12114695287638584],[0.9999841680000259,0.12115700864999437],[1.5000211249999893,0.12116285384098625],[1.9999980420000156,0.12114830568082498],[2.499994582999989,0.12115306072903502],[2.9999983330000077,0.12115480752596003],[3.4999795420000055,0.12114934566588596],[4.0000429579999945,0.12116926506301295],[4.500111333000007,0.12117046666738752],[4.999984583000014,0.12112318635835172],[5.499503333000007,0.12014745082770015],[6.000022083000033,0.12038797723603156],[6.499557707000008,0.12015150947030992],[7.000015706999989,0.12037336525671496],[7.500001251000015,0.12025972711195507],[7.999987417999989,0.12025987695989507],[8.499993082999993,0.12026456674381147],[8.999981958000035,0.12026052830542508],[9.29988683299996,0.07213504242241463]],"reps":[],"score":[[0,0.6056183162281524],[0.4999713340000085,0.5635017310364794],[0.9999841680000259,0.5635485043617737],[1.5000211249999893,0.563575692624986],[1.9999980420000156,0.5635080234575853],[2.499994582999989,0.5635301410415104],[2.9999983330000077,0.5635382660753446],[3.4999795420000055,0.5635128608337489],[4.0000429579999945,0.5636055137193209],[4.500111333000007,0.5636111028499513],[4.999984583000014,0.5633911836910037],[5.499503333000007,0.5559879478403877],[6.000022083000033,0.557100995044039],[6.499557707000008,0.5560067293988817],[7.000015706999989,0.5570333774263687],[7.500001251000015,0.5565075115967886],[7.999987417999989,0.5565082050251391],[8.499993082999993,0.5565299072195472],[8.999981958000035,0.5565112191570418],[9.29988683299996,0.3338082824689534]],"motion":[]},"serverReceivedTimestamp":"2020-01-26T16:25:16.167Z"}