{"timestamp":"2020-01-26T16:25:36.107Z","videoElapsedSeconds":400.200207709,"metrics":{"time":[[0,0],[0.49987733400001844,0.49987733400001844],[0.9999286660000166,0.5000513319999982],[1.4999362500000188,0.5000075840000022],[1.9998988739999959,0.49996262399997704],[2.4999282910000034,0.5000294170000075],[2.9999532900000077,0.5000249990000043],[3.499911456999996,0.4999581669999884],[3.999907083000039,0.4999956260000431],[4.499946833000024,0.5000397499999849],[4.999972291000006,0.5000254579999819],[5.4998956240000325,0.49992333300002656],[5.999922416999993,0.5000267929999609],[6.499903458000006,0.4999810410000123],[6.999892208000006,0.49998875],[7.499888790999989,0.49999658299998373],[8.000000333000003,0.5001115420000133],[8.499924917000044,0.49992458400004125],[8.999894958000027,0.4999700409999832],[9.499888792000036,0.4999938340000085],[9.999900208000042,0.5000114160000066]],"bpm":[[0,151],[0.49987733400001844,151],[0.9999286660000166,151],[1.4999362500000188,152],[1.9998988739999959,152],[2.4999282910000034,152],[2.9999532900000077,152],[3.499911456999996,152],[3.999907083000039,152],[4.499946833000024,152],[4.999972291000006,152],[5.4998956240000325,152],[5.999922416999993,152],[6.499903458000006,152],[6.999892208000006,151],[7.499888790999989,151],[8.000000333000003,151],[8.499924917000044,151],[8.999894958000027,151],[9.499888792000036,151],[9.999900208000042,151]],"kcal":[[0,0.04708529748058604],[0.49987733400001844,0.11756227116703313],[0.9999286660000166,0.11760319240643492],[1.4999362500000188,0.11848361187386132],[1.9998988739999959,0.11847295798907376],[2.4999282910000034,0.11848878550078507],[2.9999532900000077,0.11848773859546928],[3.499911456999996,0.11847190184217989],[3.999907083000039,0.11848077826278963],[4.499946833000024,0.11849123404596318],[4.999972291000006,0.11848784736176989],[5.4998956240000325,0.11846364745111947],[5.999922416999993,0.11848816370821026],[6.499903458000006,0.11847732214824631],[6.999892208000006,0.11758847423148766],[7.499888790999989,0.11759031641397028],[8.000000333000003,0.11761735272911265],[8.499924917000044,0.11757338352788148],[8.999894958000027,0.11758407420695438],[9.499888792000036,0.11758966989799818],[9.999900208000042,0.11759380487214253]],"reps":[],"score":[[0,0.21441936854293875],[0.49987733400001844,0.5353609151243538],[0.9999286660000166,0.5355472642987674],[1.4999362500000188,0.542510954962707],[1.9998988739999959,0.5424621731175324],[2.4999282910000034,0.5425346438867584],[2.9999532900000077,0.5425298503326657],[3.499911456999996,0.5424573372482426],[3.999907083000039,0.5424979804675496],[4.499946833000024,0.5425458552480753],[4.999972291000006,0.542530348350144],[5.4998956240000325,0.5424195421683495],[5.999922416999993,0.5425317968324004],[6.499903458000006,0.5424821556629905],[6.999892208000006,0.5354802399419691],[7.499888790999989,0.5354886289641437],[8.000000333000003,0.535611748280167],[8.499924917000044,0.5354115191456432],[8.999894958000027,0.5354602028914994],[9.499888792000036,0.535485684827568],[9.999900208000042,0.5355045148783995]],"motion":[]},"serverReceivedTimestamp":"2020-01-26T16:25:46.678Z"}