{"timestamp":"2020-01-26T16:25:46.606Z","videoElapsedSeconds":410.700114875,"metrics":{"time":[[0,0],[0.49998454199999287,0.49998454199999287],[0.9999870839999971,0.5000025420000043],[1.4994632080000088,0.4994761240000116],[2.0000233330000015,0.5005601249999927],[2.500023375000012,0.5000000420000106],[3.0000379589999966,0.5000145839999846],[3.4999440830000026,0.499906124000006],[3.999992082999995,0.5000479999999925],[4.50004041699998,0.5000483339999846],[5.0000001249999855,0.4999597080000058],[5.499975876000008,0.49997575100002223],[5.999235542000008,0.4992596660000004],[6.499971291999998,0.5007357499999898],[7.000090500999988,0.5001192089999904],[7.499553209999988,0.49946270899999945],[8.000016459999983,0.5004632499999957],[8.50001662599999,0.5000001660000066],[8.999976167,0.4999595410000097],[9.299885124999946,0.2999089579999463]],"bpm":[[0,151],[0.49998454199999287,151],[0.9999870839999971,157],[1.4994632080000088,157],[2.0000233330000015,157],[2.500023375000012,157],[3.0000379589999966,157],[3.4999440830000026,157],[3.999992082999995,157],[4.50004041699998,157],[5.0000001249999855,157],[5.499975876000008,157],[5.999235542000008,157],[6.499971291999998,157],[7.000090500999988,157],[7.499553209999988,157],[8.000016459999983,157],[8.50001662599999,157],[8.999976167,157],[9.299885124999946,157]],"kcal":[[0,0.1175927564297081],[0.49998454199999287,0.11758748458461983],[0.9999870839999971,0.12293591329473334],[1.4994632080000088,0.12280648259755124],[2.0000233330000015,0.12307300654843363],[2.500023375000012,0.12293529861829346],[3.0000379589999966,0.1229388740682117],[3.4999440830000026,0.12291220694548076],[3.999992082999995,0.1229470900794008],[4.50004041699998,0.12294717220017143],[5.0000001249999855,0.12292538167445635],[5.499975876000008,0.12292932617612051],[5.999235542000008,0.12275326194428238],[6.499971291999998,0.1231161875684454],[7.000090500999988,0.12296459827728823],[7.499553209999988,0.12280318424376338],[8.000016459999983,0.12304918783632784],[8.50001662599999,0.122935329106244],[8.999976167,0.12292534061407104],[9.299885124999946,0.07373878842598948]],"reps":[],"score":[[0,0.5354997404291176],[0.49998454199999287,0.5354757332388614],[0.9999870839999971,0.5775578513850026],[1.4994632080000088,0.5769497807784213],[2.0000233330000015,0.578201920989437],[2.500023375000012,0.5775549636104345],[3.0000379589999966,0.577571761217555],[3.4999440830000026,0.5774464780053973],[3.999992082999995,0.5776103603676499],[4.50004041699998,0.5776107461743241],[5.0000001249999855,0.577508373410538],[5.499975876000008,0.5775269048375627],[5.999235542000008,0.5766997480147847],[6.499971291999998,0.5784047871533611],[7.000090500999988,0.5776926145835456],[7.499553209999988,0.5769342849800353],[8.000016459999983,0.5780900197246407],[8.50001662599999,0.5775551068440489],[8.999976167,0.5775081805072009],[9.299885124999946,0.3464277855482633]],"motion":[]},"serverReceivedTimestamp":"2020-01-26T16:25:56.171Z"}