{"timestamp":"2020-01-26T16:25:56.106Z","videoElapsedSeconds":420.200156334,"metrics":{"time":[[0,0],[0.4999413340000274,0.4999413340000274],[0.9999402920000193,0.49999895799999194],[1.4998176260000378,0.49987733400001844],[1.9999340820000384,0.5001164560000007],[2.500022623999996,0.5000885419999577],[2.9999487080000335,0.49992608400003746],[3.4999862910000274,0.5000375829999939],[3.9993988740000077,0.49941258299998026],[4.4999482069999885,0.5005493329999808],[4.999992666000026,0.500044459000037],[5.499932041000022,0.49993937499999674],[5.999947458999998,0.5000154179999754],[6.499955459000034,0.5000080000000366],[6.999950334000005,0.4999948749999703],[7.499948542000027,0.49999820800002226],[8.000032207999993,0.5000836659999663],[8.499942083000008,0.4999098750000144],[9.000013667000019,0.5000715840000112],[9.499974959000042,0.49996129200002315],[9.999944666000033,0.4999697069999911]],"bpm":[[0,157],[0.4999413340000274,157],[0.9999402920000193,157],[1.4998176260000378,157],[1.9999340820000384,157],[2.500022623999996,157],[2.9999487080000335,157],[3.4999862910000274,157],[3.9993988740000077,157],[4.4999482069999885,157],[4.999992666000026,157],[5.499932041000022,157],[5.999947458999998,157],[6.499955459000034,160],[6.999950334000005,160],[7.499948542000027,160],[8.000032207999993,160],[8.499942083000008,160],[9.000013667000019,160],[9.499974959000042,160],[9.999944666000033,160]],"kcal":[[0,0.049212553247420486],[0.4999413340000274,0.12292086404848751],[0.9999402920000193,0.12293503209458387],[1.4998176260000378,0.122905128331584],[1.9999340820000384,0.1229639213955934],[2.500022623999996,0.12295705816430809],[2.9999487080000335,0.1229171145221971],[3.4999862910000274,0.12294452884560488],[3.9993988740000077,0.12279085973523685],[4.4999482069999885,0.12307035311316826],[4.999992666000026,0.12294621945170005],[5.499932041000022,0.12292038238802046],[5.999947458999998,0.12293907912427032],[6.499955459000034,0.12560938213971373],[6.999950334000005,0.12560608494617098],[7.499948542000027,0.1256069222449286],[8.000032207999993,0.12562839055457936],[8.499942083000008,0.12558473169287032],[9.000013667000019,0.12562535537804342],[9.499974959000042,0.12559764840140816],[9.999944666000033,0.12559976237347797]],"reps":[],"score":[[0,0.23120254897856501],[0.4999413340000274,0.577487149422543],[0.9999402920000193,0.577553711471357],[1.4998176260000378,0.5774132223934004],[1.9999340820000384,0.5776894345661949],[2.500022623999996,0.5776571908303453],[2.9999487080000335,0.5774695339976442],[3.4999862910000274,0.5775983275885505],[3.9993988740000077,0.5768763839446649],[4.4999482069999885,0.5781894550441359],[4.999992666000026,0.5776062701237926],[5.499932041000022,0.5774848865623502],[5.999947458999998,0.5775727245791429],[6.499955459000034,0.5985958057641817],[6.999950334000005,0.5985800928756072],[7.499948542000027,0.5985840830514678],[8.000032207999993,0.5986863910152115],[8.499942083000008,0.5984783332168346],[9.000013667000019,0.5986719267776425],[9.499974959000042,0.5985398882330548],[9.999944666000033,0.5985499624392402]],"motion":[]},"serverReceivedTimestamp":"2020-01-26T16:26:06.711Z"}