{"timestamp":"2020-01-26T16:26:06.605Z","videoElapsedSeconds":430.700159459,"metrics":{"time":[[0,0],[0.49993358299997226,0.49993358299997226],[0.9999587489999726,0.5000251660000004],[1.5000081669999759,0.5000494180000032],[1.9999495419999676,0.4999413749999917],[2.500012374999983,0.5000628330000154],[2.9999496249999993,0.4999372500000163],[3.4999709999999595,0.5000213749999602],[3.9999439579999603,0.49997295800000074],[4.499950667000007,0.5000067090000471],[4.999948874999973,0.4999982079999654],[5.4993731239999875,0.4994242490000147],[5.999951791000001,0.5005786670000134],[6.499921083000004,0.49996929200000295],[6.999947499999962,0.5000264169999582],[7.499948625000002,0.5000011250000398],[7.999967249999997,0.5000186249999956],[8.50002191699997,0.5000546669999721],[8.999959291999971,0.4999373750000018],[9.299840540999924,0.2998812489999523]],"bpm":[[0,160],[0.49993358299997226,160],[0.9999587489999726,158],[1.5000081669999759,158],[1.9999495419999676,158],[2.500012374999983,158],[2.9999496249999993,158],[3.4999709999999595,158],[3.9999439579999603,158],[4.499950667000007,158],[4.999948874999973,158],[5.4993731239999875,158],[5.999951791000001,158],[6.499921083000004,152],[6.999947499999962,152],[7.499948625000002,152],[7.999967249999997,152],[8.50002191699997,152],[8.999959291999971,152],[9.299840540999924,152]],"kcal":[[0,0.125622058184515],[0.49993358299997226,0.1255906874920305],[0.9999587489999726,0.12383221541110957],[1.5000081669999759,0.12383822146658979],[1.9999495419999676,0.12381146440522402],[2.500012374999983,0.12384154371771676],[2.9999496249999993,0.12381044284087035],[3.4999709999999595,0.1238312765624965],[3.9999439579999603,0.12381928599726856],[4.499950667000007,0.1238276444987846],[4.999948874999973,0.12382553920940138],[5.4993731239999875,0.12368339713465819],[5.999951791000001,0.12396929102194769],[6.499921083000004,0.11847453806256132],[6.999947499999962,0.11848807460988495],[7.499948625000002,0.11848208132578737],[7.999967249999997,0.11848622818929287],[8.50002191699997,0.11849476883242116],[8.999959291999971,0.11846697489439882],[9.299840540999924,0.07106094917704078]],"reps":[],"score":[[0,0.598656213889136],[0.49993358299997226,0.5985067157813893],[0.9999587489999726,0.5845947752020413],[1.5000081669999759,0.5846231289599197],[1.9999495419999676,0.5844968125710684],[2.500012374999983,0.5846388128483512],[2.9999496249999993,0.5844919899069362],[3.4999709999999595,0.584590343027489],[3.9999439579999603,0.5845337372261576],[4.499950667000007,0.5845731965566605],[4.999948874999973,0.5845632577764357],[5.4993731239999875,0.5838922246857705],[5.999951791000001,0.5852418902168018],[6.499921083000004,0.5424694079339182],[6.999947499999962,0.5425313888703474],[7.499948625000002,0.5425039469125297],[7.999967249999997,0.5425229345079016],[8.50002191699997,0.5425620402743974],[8.999959291999971,0.5424347778148876],[9.299840540999924,0.3253727902862623]],"motion":[]},"serverReceivedTimestamp":"2020-01-26T16:26:16.192Z"}