{"timestamp":"2020-01-26T16:26:16.105Z","videoElapsedSeconds":440.200140917,"metrics":{"time":[[0,0],[0.49993962500002453,0.49993962500002453],[0.9998567499999922,0.49991712499996765],[1.4999828750000006,0.5001261250000084],[1.9994019160000107,0.4994190410000101],[2.4999862910000274,0.5005843750000167],[2.9999767909999946,0.49999049999996714],[3.499970748999999,0.49999395800000457],[3.999985831999993,0.5000150829999939],[4.499994457000014,0.5000086250000209],[5.000144040999999,0.5001495839999848],[5.500077165999983,0.4999331249999841],[6.0000123739999935,0.4999352080000108],[6.500070499000003,0.5000581250000096],[6.999963665999985,0.499893166999982],[7.499959999999987,0.4999963340000022],[7.999106417000007,0.49914641700001994],[8.499989916999994,0.5008834999999863],[8.999979875000008,0.49998995800001467],[9.500060374999975,0.5000804999999673],[9.999959624999974,0.4998992499999986]],"bpm":[[0,152],[0.49993962500002453,152],[0.9998567499999922,152],[1.4999828750000006,154],[1.9994019160000107,154],[2.4999862910000274,154],[2.9999767909999946,154],[3.499970748999999,154],[3.999985831999993,154],[4.499994457000014,154],[5.000144040999999,154],[5.500077165999983,154],[6.0000123739999935,154],[6.500070499000003,157],[6.999963665999985,157],[7.499959999999987,157],[7.999106417000007,157],[8.499989916999994,157],[8.999979875000008,157],[9.500060374999975,157],[9.999959624999974,157]],"kcal":[[0,0.04742611810046701],[0.49993962500002453,0.11846750806257053],[0.9998567499999922,0.1184621763808937],[1.4999828750000006,0.12029354055495933],[1.9994019160000107,0.12012346818005679],[2.4999862910000274,0.12040376178157552],[2.9999767909999946,0.12026091916082052],[3.499970748999999,0.12026175090114952],[3.999985831999993,0.12026683202152277],[4.499994457000014,0.12026527870198432],[5.000144040999999,0.12029918306396649],[5.500077165999983,0.12024711895814708],[6.0000123739999935,0.12024761997466202],[6.500070499000003,0.1229495795189929],[6.999963665999985,0.12290902120041405],[7.499959999999987,0.12293438693019344],[7.999106417000007,0.1227254173473597],[8.499989916999994,0.12315251494613473],[8.999979875000008,0.12293281925940018],[9.500060374999975,0.12295508087313357],[9.999959624999974,0.1229105168311355]],"reps":[],"score":[[0,0.21715398622596008],[0.49993962500002453,0.5424372190771805],[0.9998567499999922,0.5424128064544361],[1.4999828750000006,0.5566639848857002],[1.9994019160000107,0.5558769670167817],[2.4999862910000274,0.5571740387667657],[2.9999767909999946,0.5565130278586641],[3.499970748999999,0.5565168767759359],[3.999985831999993,0.5565403898981003],[4.499994457000014,0.5565332018392893],[5.000144040999999,0.5566900958600235],[5.500077165999983,0.5564491667753756],[6.0000123739999935,0.5564514852527305],[6.500070499000003,0.5776220558547003],[6.999963665999985,0.5774315112472997],[7.499959999999987,0.5775506804631745],[7.999106417000007,0.5765689329816479],[8.499989916999994,0.5785754546307678],[8.999979875000008,0.5775433154829115],[9.500060374999975,0.577647901437102],[9.999959624999974,0.5774385377804159]],"motion":[]},"serverReceivedTimestamp":"2020-01-26T16:26:26.677Z"}