{"timestamp":"2020-01-26T16:26:26.604Z","videoElapsedSeconds":450.7002195,"metrics":{"time":[[0,0],[0.49987404199998764,0.49987404199998764],[0.9998762509999892,0.5000022090000016],[1.4999192920000155,0.5000430410000263],[1.9999496670000099,0.5000303749999944],[2.4999338750000106,0.49998420800000076],[2.999955375000013,0.5000215000000026],[3.499853707999989,0.499898332999976],[3.9999195830000076,0.5000658750000184],[4.499947543000019,0.5000279600000113],[4.9999165429999834,0.4999689999999646],[5.499920292000013,0.5000037490000295],[5.9997445419999735,0.49982424999996056],[6.499880416999986,0.5001358750000122],[6.999914541999999,0.5000341250000133],[7.499448875999974,0.49953433399997493],[7.999890542000003,0.5004416660000288],[8.499885251000023,0.4999947090000205],[8.999875584999984,0.4999903339999605],[9.29978049999994,0.2999049149999564]],"bpm":[[0,157],[0.49987404199998764,157],[0.9998762509999892,157],[1.4999192920000155,157],[1.9999496670000099,157],[2.4999338750000106,157],[2.999955375000013,157],[3.499853707999989,157],[3.9999195830000076,157],[4.499947543000019,157],[4.9999165429999834,157],[5.499920292000013,157],[5.9997445419999735,151],[6.499880416999986,151],[6.999914541999999,151],[7.499448875999974,151],[7.999890542000003,151],[8.499885251000023,151],[8.999875584999984,151],[9.29978049999994,151]],"kcal":[[0,0.12296453656378324],[0.49987404199998764,0.1229043189256383],[0.9998762509999892,0.12293583141983068],[1.4999192920000155,0.1229458708072198],[1.9999496670000099,0.12294275661048898],[2.4999338750000106,0.12293140550358142],[2.999955375000013,0.1229405745091238],[3.499853707999989,0.12291029136781122],[3.9999195830000076,0.1229514850159636],[4.499947543000019,0.12294216283305068],[4.9999165429999834,0.12292766630384384],[5.499920292000013,0.1229362100605255],[5.9997445419999735,0.11754978675298798],[6.499880416999986,0.11762307541855987],[6.999914541999999,0.1175991456256337],[7.499448875999974,0.11748160365868114],[7.999890542000003,0.11769499203093502],[8.499885251000023,0.11758987568246104],[8.999875584999984,0.11758884676014665],[9.29978049999994,0.07053230971570636]],"reps":[],"score":[[0,0.5776923246510239],[0.49987404199998764,0.5774094197718038],[0.9998762509999892,0.5775574667334261],[1.4999192920000155,0.577604632178041],[1.9999496670000099,0.5775900015568949],[2.4999338750000106,0.5775366736013718],[2.999955375000013,0.5775797499571614],[3.499853707999989,0.5774374785446755],[3.9999195830000076,0.5776310079558945],[4.499947543000019,0.5775872119666745],[4.9999165429999834,0.5775191066910325],[5.499920292000013,0.5775592456025969],[5.9997445419999735,0.5353040629790043],[6.499880416999986,0.5356378085478789],[6.999914541999999,0.5355288358671665],[7.499448875999974,0.5349935674143835],[7.999890542000003,0.5359653059926933],[8.499885251000023,0.5354866219390857],[8.999875584999984,0.535481936381497],[9.29978049999994,0.3211935385425223]],"motion":[]},"serverReceivedTimestamp":"2020-01-26T16:26:36.183Z"}