{"timestamp":"2020-01-26T16:26:56.104Z","videoElapsedSeconds":480.200122291,"metrics":{"time":[[0,0],[0.4999773750000145,0.4999773750000145],[1.0000194169999759,0.5000420419999614],[1.5000501259999623,0.5000307089999865],[1.9999796249999804,0.49992949900001804],[2.4999952089999624,0.500015583999982],[3.000025500999982,0.5000302920000195],[3.500013709999962,0.4999882089999801],[4.000003000999982,0.4999892910000199],[4.499989833999962,0.4999868329999799],[5.000095210999973,0.5001053770000112],[5.500018501999989,0.499923291000016],[5.999997709000013,0.49997920700002396],[6.5000070840000035,0.5000093749999905],[7.000035250999986,0.5000281669999822],[7.5000070840000035,0.4999718330000178],[7.9999890849999815,0.499982000999978],[8.500000876000001,0.5000117910000199],[9.000029667999968,0.5000287919999664],[9.500021333999996,0.4999916660000281],[9.999785207999992,0.49976387399999567]],"bpm":[[0,156],[0.4999773750000145,156],[1.0000194169999759,148],[1.5000501259999623,148],[1.9999796249999804,148],[2.4999952089999624,148],[3.000025500999982,148],[3.500013709999962,148],[4.000003000999982,148],[4.499989833999962,148],[5.000095210999973,148],[5.500018501999989,148],[5.999997709000013,147],[6.5000070840000035,147],[7.000035250999986,147],[7.5000070840000035,147],[7.9999890849999815,147],[8.500000876000001,147],[9.000029667999968,147],[9.500021333999996,147],[9.999785207999992,147]],"kcal":[[0,0.04884768734349275],[0.4999773750000145,0.12203907106386423],[1.0000194169999759,0.11492869875387514],[1.5000501259999623,0.11492609399901316],[1.9999796249999804,0.11490283208777323],[2.4999952089999624,0.11492261769817612],[3.000025500999982,0.11492599815654482],[3.500013709999962,0.11491632588096005],[4.000003000999982,0.11491657456576289],[4.499989833999962,0.11491600962377323],[5.000095210999973,0.11494325554816427],[5.500018501999989,0.11490140525302299],[5.999997709000013,0.11402359920907158],[6.5000070840000035,0.11403047922305812],[7.000035250999986,0.11403476486423153],[7.5000070840000035,0.11402191751909428],[7.9999890849999815,0.11402423639943168],[8.500000876000001,0.11403103020800943],[9.000029667999968,0.11403490739965441],[9.500021333999996,0.11402644056727833],[9.999785207999992,0.11397449107947748]],"reps":[],"score":[[0,0.2283573358426028],[0.4999773750000145,0.5705186601953351],[1.0000194169999759,0.514504233166388],[1.5000501259999623,0.5144925723939493],[1.9999796249999804,0.5143884352033757],[2.4999952089999624,0.514477009949444],[3.000025500999982,0.5144921433335299],[3.500013709999962,0.5144488432110481],[4.000003000999982,0.5144499565046395],[4.499989833999962,0.5144474274144442],[5.000095210999973,0.5145693999381716],[5.500018501999989,0.5143820476559051],[5.999997709000013,0.5074294346288685],[6.5000070840000035,0.5074600521644632],[7.000035250999986,0.5074791241854549],[7.5000070840000035,0.5074219507483356],[7.9999890849999815,0.5074322702624252],[8.500000876000001,0.50746250416549],[9.000029667999968,0.5074797584986107],[9.500021333999996,0.5074420792813653],[9.999785207999992,0.5072108929356711]],"motion":[]},"serverReceivedTimestamp":"2020-01-26T16:27:06.666Z"}