{"timestamp":"2020-01-26T16:27:06.603Z","videoElapsedSeconds":490.700101166,"metrics":{"time":[[0,0],[0.4999799169999619,0.4999799169999619],[1.0000172089999637,0.5000372920000018],[1.5000651670000025,0.5000479580000388],[2.000009917,0.4999447499999974],[2.500021583999967,0.500011666999967],[3.0000668339999947,0.5000452500000279],[3.500068750999958,0.5000019169999632],[4.000000125999975,0.49993137500001694],[4.4999970829999825,0.49999695700000757],[5.000046624999982,0.5000495419999993],[5.500024291999978,0.499977666999996],[5.99941395899998,0.49938966700000265],[6.499996708999959,0.5005827499999782],[7.0000031669999885,0.5000064580000299],[7.499979000999986,0.4999758339999971],[8.000001750999957,0.500022749999971],[8.500048000999982,0.5000462500000253],[9.000015792999989,0.49996779200000674],[9.299898833999919,0.29988304099993]],"bpm":[[0,147],[0.4999799169999619,145],[1.0000172089999637,145],[1.5000651670000025,145],[2.000009917,145],[2.500021583999967,145],[3.0000668339999947,145],[3.500068750999958,145],[4.000000125999975,145],[4.4999970829999825,145],[5.000046624999982,145],[5.500024291999978,144],[5.99941395899998,144],[6.499996708999959,144],[7.0000031669999885,144],[7.499979000999986,144],[8.000001750999957,144],[8.500048000999982,144],[9.000015792999989,144],[9.299898833999919,144]],"kcal":[[0,0.11407250824517438],[0.4999799169999619,0.11224244326057674],[1.0000172089999637,0.1122553235983015],[1.5000651670000025,0.11225771805028499],[2.000009917,0.11223454848347882],[2.500021583999967,0.1122495709420154],[3.0000668339999947,0.11225711012079174],[3.500068750999958,0.11224738212645499],[4.000000125999975,0.11223154587752332],[4.4999970829999825,0.11224626863670338],[5.000046624999982,0.11225807364861934],[5.500024291999978,0.11135128322306498],[5.99941395899998,0.11122032826476197],[6.499996708999959,0.11148604277924429],[7.0000031669999885,0.11135769533906664],[7.499979000999986,0.11135087499102683],[8.000001750999957,0.11136132377133363],[8.500048000999982,0.11136655751542762],[9.000015792999989,0.1113490839369904],[9.299898833999919,0.06678770600403135]],"reps":[],"score":[[0,0.5076470903133938],[0.4999799169999619,0.4934098428452733],[1.0000172089999637,0.4934664638990204],[1.5000651670000025,0.4934769897406054],[2.000009917,0.4933751379634653],[2.500021583999967,0.49344117562881157],[3.0000668339999947,0.49347431732554553],[3.500068750999958,0.49343155375039993],[4.000000125999975,0.49336193872002765],[4.4999970829999825,0.49342665892819726],[5.000046624999982,0.49347855292573545],[5.500024291999978,0.48639749777715],[5.99941395899998,0.4858254687695229],[6.499996708999959,0.48698614578397953],[7.0000031669999885,0.4864255067689496],[7.499979000999986,0.48639571456427527],[8.000001750999957,0.4864413562528929],[8.500048000999982,0.48646421795648215],[9.000015792999989,0.4863878909974829],[9.299898833999919,0.2917377522947832]],"motion":[]},"serverReceivedTimestamp":"2020-01-26T16:27:16.177Z"}