{"timestamp":"2020-01-26T16:27:16.103Z","videoElapsedSeconds":500.200123541,"metrics":{"time":[[0,0],[0.4999788330000001,0.4999788330000001],[0.9999930840000388,0.5000142510000387],[1.5000472920000334,0.5000542079999946],[2.0000363760000255,0.4999890839999921],[2.4994655010000315,0.499429125000006],[3.000014458999999,0.5005489579999676],[3.4993869589999917,0.49937249999999267],[3.9999981660000117,0.5006112070000199],[4.5000526250000235,0.5000544590000118],[5.00002575100001,0.4999731259999862],[5.50008071000002,0.5000549590000105],[5.999989209000034,0.4999084990000142],[6.499995291999994,0.5000060829999597],[6.999997542000017,0.5000022500000227],[7.499974042000019,0.4999765000000025],[7.999999833999993,0.500025791999974],[8.499297959000046,0.49929812500005255],[8.99998212600002,0.5006841669999744],[9.499980834000041,0.499998708000021],[10.000016584000036,0.500035749999995]],"bpm":[[0,144],[0.4999788330000001,144],[0.9999930840000388,144],[1.5000472920000334,141],[2.0000363760000255,141],[2.4994655010000315,141],[3.000014458999999,141],[3.4993869589999917,141],[3.9999981660000117,141],[4.5000526250000235,141],[5.00002575100001,141],[5.50008071000002,141],[5.999989209000034,141],[6.499995291999994,137],[6.999997542000017,137],[7.499974042000019,137],[7.999999833999993,137],[8.499297959000046,137],[8.99998212600002,137],[9.499980834000041,137],[10.000016584000036,137]],"kcal":[[0,0.04457001695137352],[0.4999788330000001,0.11135154290585737],[0.9999930840000388,0.11135943093769118],[1.5000472920000334,0.10869595603491604],[2.0000363760000255,0.10868180013875951],[2.4994655010000315,0.10856008277718131],[3.000014458999999,0.10880349902402602],[3.4993869589999917,0.10854777429459388],[3.9999981660000117,0.10881702998619905],[4.5000526250000235,0.1086960105943746],[5.00002575100001,0.10867833137469496],[5.50008071000002,0.10869611927854725],[5.999989209000034,0.10866428351061293],[6.499995291999994,0.10512267299847125],[6.999997542000017,0.10512186713787737],[7.499974042000019,0.10511645338607739],[7.999999833999993,0.10512681667358655],[8.499297959000046,0.10497382993465418],[8.99998212600002,0.10526523526925675],[9.499980834000041,0.10512112245792128],[10.000016584000036,0.10512891027127569]],"reps":[],"score":[[0,0.1946878751060748],[0.4999788330000001,0.4863986321067848],[0.9999930840000388,0.4864330880989862],[1.5000472920000334,0.4654383663852886],[2.0000363760000255,0.46537775054066877],[2.4994655010000315,0.46485655424229416],[3.000014458999999,0.4658988677230887],[3.4993869589999917,0.46480384906137345],[3.9999981660000117,0.4659568075872674],[4.5000526250000235,0.4654386000100359],[5.00002575100001,0.4653628972200994],[5.50008071000002,0.4654390653979456],[5.999989209000034,0.4653027439710913],[6.499995291999994,0.43735148059132634],[6.999997542000017,0.43734812789572014],[7.499974042000019,0.43732560456847075],[7.999999833999993,0.43736871990226733],[8.499297959000046,0.4367322351661544],[8.99998212600002,0.43794459545823433],[9.499980834000041,0.4373450297355223],[10.000016584000036,0.437377430088405]],"motion":[]},"serverReceivedTimestamp":"2020-01-26T16:27:26.672Z"}