{"timestamp":"2020-01-26T16:27:26.602Z","videoElapsedSeconds":510.700114875,"metrics":{"time":[[0,0],[0.49993229300002895,0.49993229300002895],[0.9999468760000241,0.5000145829999951],[1.5000203750000196,0.5000734989999955],[2.000008874999992,0.4999884999999722],[2.5000454589999777,0.5000365839999859],[2.9999960839999744,0.49995062499999676],[3.4999991669999986,0.5000030830000242],[3.9999918750000347,0.49999270800003615],[4.50001416799995,0.5000222929999154],[5.000003875999994,0.4999897080000437],[5.5000213760000065,0.5000175000000127],[6.000002542000004,0.49998116599999776],[6.4999923339999555,0.4999897919999512],[6.99990029199995,0.4999079579999943],[7.500008166999976,0.5001078750000261],[7.9999938340000085,0.49998566700003266],[8.500002917000018,0.500009083000009],[8.999981083000023,0.49997816600000533],[9.29988512499989,0.2999040419998664]],"bpm":[[0,137],[0.49993229300002895,137],[0.9999468760000241,132],[1.5000203750000196,132],[2.000008874999992,132],[2.5000454589999777,132],[2.9999960839999744,132],[3.4999991669999986,132],[3.9999918750000347,132],[4.50001416799995,132],[5.000003875999994,132],[5.5000213760000065,132],[6.000002542000004,119],[6.4999923339999555,119],[6.99990029199995,119],[7.500008166999976,119],[7.9999938340000085,119],[8.500002917000018,119],[8.999981083000023,119],[9.29988512499989,119]],"kcal":[[0,0.10511608546119304],[0.49993229300002895,0.10510715918314575],[0.9999468760000241,0.10067085662213685],[1.5000203750000196,0.10068271852455019],[2.000008874999992,0.10066560517938926],[2.5000454589999777,0.10067528621197465],[2.9999960839999744,0.10065797958441317],[3.4999991669999986,0.10066854125997023],[3.9999918750000347,0.10066645240062141],[4.50001416799995,0.10067240892145556],[5.000003875999994,0.1006658483930997],[5.5000213760000065,0.10067144391878881],[6.000002542000004,0.008142054404652741],[6.4999923339999555,0.008142194876665872],[6.99990029199995,0.00814086223270824],[7.500008166999976,0.008144117825521258],[7.9999938340000085,0.00814212770218803],[8.500002917000018,0.008142509025243203],[8.999981083000023,0.008142005550486197],[9.29988512499989,0.004883854017289492]],"reps":[],"score":[[0,0.4373240738568903],[0.49993229300002895,0.437286937045118],[0.9999468760000241,0.4023057043294789],[1.5000203750000196,0.40235310743267283],[2.000008874999992,0.402284718262168],[2.5000454589999777,0.4023234060687844],[2.9999960839999744,0.40225424449388275],[3.4999991669999986,0.4022964515681687],[3.9999918750000347,0.40228810396827963],[4.50001416799995,0.4023119077024479],[5.000003875999994,0.40228569020445953],[5.5000213760000065,0.40230805131251995],[6.000002542000004,0.3111465593958391],[6.4999923339999555,0.3111519274984585],[6.99990029199995,0.31110100084509695],[7.500008166999976,0.31122541250488456],[7.9999938340000085,0.3111493604426983],[8.500002917000018,0.3111639326072575],[8.999981083000023,0.31114469244616316],[9.29988512499989,0.18663525181099336]],"motion":[]},"serverReceivedTimestamp":"2020-01-26T16:27:36.177Z"}