{"timestamp":"2020-01-26T16:27:36.102Z","videoElapsedSeconds":520.200141667,"metrics":{"time":[[0,0],[0.49995191599998634,0.49995191599998634],[0.9999677910000173,0.500015875000031],[1.4999908749999804,0.5000230839999631],[1.9990917079999235,0.4991008329999431],[2.4999603750000006,0.500868667000077],[2.999953999000013,0.49999362400001246],[3.4999466240000174,0.4999926250000044],[3.9999745829999256,0.5000279589999082],[4.499957540999958,0.49998295800003234],[4.999974040999973,0.5000165000000152],[5.4999606249999715,0.4999865839999984],[6.000000709000005,0.5000400840000339],[6.4999821259999635,0.49998141699995813],[6.999982041999942,0.49999991599997884],[7.500006624999969,0.5000245830000267],[7.999952957999994,0.49994633300002533],[8.499942749999946,0.4999897919999512],[8.999990541999978,0.5000477920000321],[9.499952833999942,0.4999622919999638],[9.999952582999981,0.49999974900003963]],"bpm":[[0,119],[0.49995191599998634,119],[0.9999677910000173,119],[1.4999908749999804,119],[1.9990917079999235,119],[2.4999603750000006,119],[2.999953999000013,119],[3.4999466240000174,119],[3.9999745829999256,119],[4.499957540999958,119],[4.999974040999973,119],[5.4999606249999715,119],[6.000000709000005,119],[6.4999821259999635,120],[6.999982041999942,120],[7.500006624999969,120],[7.999952957999994,120],[8.499942749999946,120],[8.999990541999978,120],[9.499952833999942,120],[9.999952582999981,120]],"kcal":[[0,0.003259251452189764],[0.49995191599998634,0.008141578076527555],[0.9999677910000173,0.008142619631076894],[1.4999908749999804,0.008142737027638288],[1.9990917079999235,0.008127718426283796],[2.4999603750000006,0.008156507111910977],[2.999953999000013,0.008142257279722426],[3.4999466240000174,0.008142241011284794],[3.9999745829999256,0.008142816415658225],[4.499957540999958,0.008142083586875527],[4.999974040999973,0.008142629809028025],[5.4999606249999715,0.008142142635277752],[6.000000709000005,0.008143013867917218],[6.4999821259999635,0.08997623984026355],[6.999982041999942,0.08997956890491693],[7.500006624999969,0.08998400795772366],[7.999952957999994,0.08996992615282402],[8.499942749999946,0.08997774699829467],[8.999990541999978,0.08998818463005573],[9.499952833999942,0.08997279812117574],[9.999952582999981,0.08997953885174678]],"reps":[],"score":[[0,0.12455147376259625],[0.49995191599998634,0.3111283566364458],[0.9999677910000173,0.3111681593813481],[1.4999908749999804,0.31117264566138847],[1.9990917079999235,0.31059871359140406],[2.4999603750000006,0.311698865965393],[2.999953999000013,0.31115431221555534],[3.4999466240000174,0.31115369052130665],[3.9999745829999256,0.3111756794545853],[4.499957540999958,0.3111476745871365],[4.999974040999973,0.31116854832918844],[5.4999606249999715,0.3111499311069627],[6.000000709000005,0.3111832250429561],[6.4999821259999635,0.31815689281023196],[6.999982041999942,0.3181686644164689],[7.500006624999969,0.3181843609520267],[7.999952957999994,0.3181345675476793],[8.499942749999946,0.3181622221362519],[8.999990541999978,0.3181991297075762],[9.499952833999942,0.3181447228567771],[9.999952582999981,0.3181685581481558]],"motion":[]},"serverReceivedTimestamp":"2020-01-26T16:27:46.672Z"}