{"timestamp":"2020-01-26T16:27:46.601Z","videoElapsedSeconds":530.700143667,"metrics":{"time":[[0,0],[0.49995979200002694,0.49995979200002694],[0.9994517509999241,0.4994919589998972],[1.4990430409999362,0.4995912900000121],[1.9999470409999276,0.5009039999999914],[2.500149040999986,0.5002020000000584],[3.000115748999974,0.4999667079999881],[3.4999837499999558,0.49986800099998163],[3.9999745829999256,0.4999908329999698],[4.499984833999974,0.5000102510000488],[4.999995583999976,0.5000107500000013],[5.499964873999943,0.49996928999996726],[6.000017499000023,0.5000526250000803],[6.499248167000019,0.4992306679999956],[6.999982959000022,0.5007347920000029],[7.499947292000002,0.4999643329999799],[8.000004582999964,0.5000572909999619],[8.500031748999959,0.5000271659999953],[8.999971748999997,0.4999400000000378],[9.299856332999866,0.2998845839998694]],"bpm":[[0,120],[0.49995979200002694,120],[0.9994517509999241,119],[1.4990430409999362,119],[1.9999470409999276,119],[2.500149040999986,119],[3.000115748999974,119],[3.4999837499999558,119],[3.9999745829999256,119],[4.499984833999974,119],[4.999995583999976,119],[5.499964873999943,119],[6.000017499000023,120],[6.499248167000019,120],[6.999982959000022,120],[7.499947292000002,120],[8.000004582999964,120],[8.500031748999959,120],[8.999971748999997,120],[9.299856332999866,120]],"kcal":[[0,0.0899884770637005],[0.49995979200002694,0.08997234822326702],[0.9994517509999241,0.008134087804546936],[1.4990430409999362,0.008135705382291865],[1.9999470409999276,0.008157082499999859],[2.500149040999986,0.008145650625000953],[3.000115748999974,0.008141818960138695],[3.4999837499999558,0.008140211544062201],[3.9999745829999256,0.008142211829062008],[4.499984833999974,0.008142528045799407],[4.999995583999976,0.00814253617187502],[5.499964873999943,0.008141861007291133],[6.000017499000023,0.08998905437272356],[6.499248167000019,0.0898411356748212],[6.999982959000022,0.09011181657849598],[7.499947292000002,0.08997316541784062],[8.000004582999964,0.08998989406218032],[8.500031748999959,0.08998447279224904],[8.999971748999997,0.08996878647141505],[9.299856332999866,0.05396698024553215]],"reps":[],"score":[[0,0.3182001637558976],[0.49995979200002694,0.31814313201322797],[0.9994517509999241,0.3108421177783049],[1.4990430409999362,0.31090393310461883],[1.9999470409999276,0.31172085427636165],[2.500149040999986,0.31128398805113466],[3.000115748999974,0.3111375619430055],[3.4999837499999558,0.31107613494229264],[3.9999745829999256,0.31115257533000923],[4.499984833999974,0.3111646594730246],[4.999995583999976,0.31116497000895854],[5.499964873999943,0.311139168764351],[6.000017499000023,0.3182022051264337],[6.499248167000019,0.31767916311671324],[6.999982959000022,0.31863629352590933],[7.499947292000002,0.3181460216214937],[8.000004582999964,0.31820517427683354],[8.500031748999959,0.3181860046116032],[8.999971748999997,0.3181305376227067],[9.299856332999866,0.19082778719972995]],"motion":[]},"serverReceivedTimestamp":"2020-01-26T16:27:56.179Z"}