{"timestamp":"2020-01-26T16:28:16.101Z","videoElapsedSeconds":560.200188376,"metrics":{"time":[[0,0],[0.499929791999989,0.499929791999989],[0.9999154579999185,0.49998566599992955],[1.4999525409999706,0.500037083000052],[1.999871999999982,0.49991945900001156],[2.4999471669999593,0.5000751669999772],[2.999963998999988,0.5000168320000284],[3.4999224580000146,0.4999584590000268],[3.9999114149999286,0.4999889569999141],[4.499904664999917,0.4999932499999886],[4.999986040999943,0.5000813760000256],[5.499959249999961,0.49997320900001796],[5.99990595700001,0.4999467070000492],[6.500019539999926,0.5001135829999157],[6.999932790000003,0.4999132500000769],[7.499995624000007,0.5000628340000048],[7.998972290999973,0.49897666699996535],[8.49997791599992,0.5010056249999479],[8.999926791000007,0.49994887500008645],[9.499912999000003,0.4999862079999957],[9.999995375000026,0.500082376000023]],"bpm":[[0,148],[0.499929791999989,148],[0.9999154579999185,148],[1.4999525409999706,153],[1.999871999999982,153],[2.4999471669999593,153],[2.999963998999988,153],[3.4999224580000146,153],[3.9999114149999286,153],[4.499904664999917,153],[4.999986040999943,153],[5.499959249999961,153],[5.99990595700001,153],[6.500019539999926,153],[6.999932790000003,153],[7.499995624000007,153],[7.998972290999973,153],[8.49997791599992,153],[8.999926791000007,153],[9.499912999000003,153],[9.999995375000026,153]],"kcal":[[0,0.046010910337314366],[0.499929791999989,0.11490289943032159],[0.9999154579999185,0.11491574140273186],[1.4999525409999706,0.11938136283324957],[1.999871999999982,0.11935328068913643],[2.4999471669999593,0.11939045519853163],[2.999963998999988,0.11937652800786612],[3.4999224580000146,0.11936259174487729],[3.9999114149999286,0.11936987299043687],[4.499904664999917,0.11937089792282085],[4.999986040999943,0.11939193756636554],[5.499959249999961,0.11936611323390402],[5.99990595700001,0.11935978601342045],[6.500019539999926,0.11939962682716312],[6.999932790000003,0.11935179832132964],[7.499995624000007,0.11938751075622007],[7.998972290999973,0.1191281937952634],[8.49997791599992,0.11961259741132345],[8.999926791000007,0.11936030361263034],[9.499912999000003,0.11936921668039943],[9.999995375000026,0.11939217631138382]],"reps":[],"score":[[0,0.20597821429340044],[0.499929791999989,0.5143887366774773],[0.9999154579999185,0.5144462266624762],[1.4999525409999706,0.5495539192376254],[1.999871999999982,0.5494246473647659],[2.4999471669999593,0.5495957745562222],[2.999963998999988,0.5495316628554294],[3.4999224580000146,0.5494675093915781],[3.9999114149999286,0.5495010274964083],[4.499904664999917,0.5495057456165167],[4.999986040999943,0.5496025984107464],[5.499959249999961,0.5494837200299076],[5.99990595700001,0.549454593634195],[6.500019539999926,0.5496379947515744],[6.999932790000003,0.5494178235103666],[7.499995624000007,0.5495822202645482],[7.998972290999973,0.548388494134804],[8.49997791599992,0.5506183723953706],[8.999926791000007,0.5494569763233152],[9.499912999000003,0.5494980062731221],[9.999995375000026,0.5496036974370717]],"motion":[]},"serverReceivedTimestamp":"2020-01-26T16:28:26.672Z"}