{"timestamp":"2020-01-26T16:28:26.600Z","videoElapsedSeconds":570.700143501,"metrics":{"time":[[0,0],[0.49994870800003355,0.49994870800003355],[0.9999496670000099,0.5000009589999763],[1.5000630399999864,0.5001133729999765],[1.9999689150000677,0.4999058750000813],[2.500062291000063,0.5000933759999953],[2.9999921660000837,0.49992987500002073],[3.499903457000073,0.49991129099998943],[3.9999500410000337,0.5000465839999606],[4.49992579100001,0.49997574999997596],[4.9993854159999955,0.49945962499998586],[5.4999709170000415,0.500585501000046],[5.99995595900009,0.49998504200004845],[6.500006750000011,0.5000507909999214],[6.999959999999987,0.4999532499999759],[7.499991707000049,0.5000317070000619],[7.99996391500008,0.49997220800003106],[8.500002958000096,0.5000390430000152],[8.999952208000082,0.499949249999986],[9.29985649899993,0.29990429099984794]],"bpm":[[0,153],[0.49994870800003355,153],[0.9999496670000099,153],[1.5000630399999864,153],[1.9999689150000677,153],[2.500062291000063,153],[2.9999921660000837,153],[3.499903457000073,153],[3.9999500410000337,153],[4.49992579100001,153],[4.9993854159999955,153],[5.4999709170000415,153],[5.99995595900009,158],[6.500006750000011,158],[6.999959999999987,158],[7.499991707000049,158],[7.99996391500008,158],[8.500002958000096,158],[8.999952208000082,158],[9.29985649899993,158]],"kcal":[[0,0.11936289996466705],[0.49994870800003355,0.11936026374219957],[0.9999496670000099,0.11937273840816863],[1.5000630399999864,0.11939957669072367],[1.9999689150000677,0.11935003757681628],[2.500062291000063,0.11939480250658516],[2.9999921660000837,0.11935576745725551],[3.499903457000073,0.11935133061981672],[3.9999500410000337,0.11938363114965234],[4.49992579100001,0.11936671988498698],[4.9993854159999955,0.11924349761210787],[5.4999709170000415,0.11951229489902508],[5.99995595900009,0.12382227862363755],[6.500006750000011,0.12383856149271885],[6.999959999999987,0.1238144052723164],[7.499991707000049,0.12383383530263443],[7.99996391500008,0.12381910025830158],[8.500002958000096,0.12383565207744547],[8.999952208000082,0.12381341466445488],[9.29985649899993,0.07427188727898794]],"reps":[],"score":[[0,0.5494689282344313],[0.49994870800003355,0.5494567927858603],[0.9999496670000099,0.5495142180104664],[1.5000630399999864,0.5496377639561123],[1.9999689150000677,0.5494097181912018],[2.500062291000063,0.5496157867266501],[2.9999921660000837,0.5494360948230094],[3.499903457000073,0.5494156705176938],[3.9999500410000337,0.5495643610866682],[4.49992579100001,0.5494865126557612],[4.9993854159999955,0.5489192776921874],[5.4999709170000415,0.5501566450584164],[5.99995595900009,0.5845478650016613],[6.500006750000011,0.584624734176283],[6.999959999999987,0.5845106959981804],[7.499991707000049,0.5846024224860594],[7.99996391500008,0.5845328603781639],[8.500002958000096,0.584610999228862],[8.999952208000082,0.5845060194753693],[9.29985649899993,0.35062731538432923]],"motion":[]},"serverReceivedTimestamp":"2020-01-26T16:28:36.182Z"}