{"timestamp":"2020-01-26T16:28:36.100Z","videoElapsedSeconds":580.200178792,"metrics":{"time":[[0,0],[0.49992325000005167,0.49992325000005167],[0.9999058750000813,0.49998262500002966],[1.499934708000069,0.5000288329999876],[1.9998824580000019,0.49994774999993297],[2.499966332999975,0.500083874999973],[2.9998924579999766,0.4999261250000018],[3.4999933740000415,0.5001009160000649],[3.999911750000024,0.49991837599998235],[4.49995233300001,0.5000405829999863],[4.999980124999979,0.5000277919999689],[5.499881250000044,0.4999011250000649],[5.9996342499999855,0.4997529999999415],[6.499985207999998,0.5003509580000127],[6.999923373999991,0.49993816599999263],[7.499928040999976,0.5000046669999847],[7.999938416000077,0.5000103750001017],[8.499963833000038,0.5000254169999607],[8.999989459000062,0.5000256260000242],[9.499996334000002,0.50000687499994],[9.999919625000075,0.4999232910000728]],"bpm":[[0,158],[0.49992325000005167,158],[0.9999058750000813,158],[1.499934708000069,162],[1.9998824580000019,162],[2.499966332999975,162],[2.9998924579999766,162],[3.4999933740000415,162],[3.999911750000024,162],[4.49995233300001,162],[4.999980124999979,162],[5.499881250000044,162],[5.9996342499999855,162],[6.499985207999998,160],[6.999923373999991,160],[7.499928040999976,160],[7.999938416000077,160],[8.499963833000038,160],[8.999989459000062,160],[9.499996334000002,160],[9.999919625000075,160]],"kcal":[[0,0.04957467139102068],[0.49992325000005167,0.12380697571335504],[0.9999058750000813,0.12382168004883107],[1.499934708000069,0.1273961078420957],[1.9998824580000019,0.12737544971612896],[2.499966332999975,0.12741013130655057],[2.9998924579999766,0.12736994015219685],[3.4999933740000415,0.12741447297035507],[3.999911750000024,0.1273679658811609],[4.49995233300001,0.1273991014779987],[4.999980124999979,0.1273958426186888],[5.499881250000044,0.12736357071412086],[5.9996342499999855,0.12732583179339377],[6.499985207999998,0.12569553824616972],[6.999923373999991,0.12559183880921126],[7.499928040999976,0.1256085448409561],[7.999938416000077,0.12560997877474908],[8.499963833000038,0.1256137575469056],[8.999989459000062,0.1256138100508032],[9.499996334000002,0.12560909952310148],[9.999919625000075,0.12558810198990183]],"reps":[],"score":[[0,0.23403517236071975],[0.49992325000005167,0.5844756220770974],[0.9999058750000813,0.5845450392127236],[1.499934708000069,0.6126424305115054],[1.9998824580000019,0.6125430864678257],[2.499966332999975,0.6127098687519144],[2.9998924579999766,0.6125165912106659],[3.4999933740000415,0.6127307476273425],[3.999911750000024,0.6125070970257458],[4.49995233300001,0.6126568267784458],[4.999980124999979,0.6126411550634923],[5.499881250000044,0.6124859608555477],[5.9996342499999855,0.6123044760008631],[6.499985207999998,0.5990063856355817],[6.999923373999991,0.598512202422783],[7.499928040999976,0.5985918155883211],[7.999938416000077,0.5985986490488444],[8.499963833000038,0.5986166569167704],[8.999989459000062,0.5986169071258899],[9.499996334000002,0.5985944589450521],[9.999919625000075,0.5984943944825846]],"motion":[]},"serverReceivedTimestamp":"2020-01-26T16:28:46.711Z"}