{"timestamp":"2020-01-26T16:28:46.599Z","videoElapsedSeconds":590.70011675,"metrics":{"time":[[0,0],[0.5000048340000376,0.5000048340000376],[0.9999669589999485,0.4999621249999109],[1.4999908749999804,0.5000239160000319],[1.9999817919999714,0.499990916999991],[2.5000340420000384,0.500052250000067],[3.0000088750000486,0.4999748330000102],[3.4999645839999403,0.4999557089998916],[3.999927918000026,0.4999633340000855],[4.500035958000012,0.5001080399999864],[5.000006999999982,0.4999710419999701],[5.499502541999959,0.4994955419999769],[6.000005624999972,0.5005030830000123],[6.500030667000033,0.5000250420000611],[7.000005249999958,0.4999745829999256],[7.4999916670000175,0.4999864170000592],[8.000085832999957,0.5000941659999398],[8.499995167999941,0.4999093349999839],[8.999998376000008,0.5000032080000665],[9.29988324999988,0.29988487399987207]],"bpm":[[0,161],[0.5000048340000376,161],[0.9999669589999485,161],[1.4999908749999804,161],[1.9999817919999714,161],[2.5000340420000384,161],[3.0000088750000486,161],[3.4999645839999403,161],[3.999927918000026,161],[4.500035958000012,161],[5.000006999999982,161],[5.499502541999959,161],[6.000005624999972,161],[6.500030667000033,161],[7.000005249999958,161],[7.4999916670000175,161],[8.000085832999957,161],[8.499995167999941,161],[8.999998376000008,161],[9.29988324999988,161]],"kcal":[[0,0.1265027053098708],[0.5000048340000376,0.12649929011507466],[0.9999669589999485,0.12648848490314435],[1.4999908749999804,0.12650411778730727],[1.9999817919999714,0.12649576916786234],[2.5000340420000384,0.12651128617978438],[3.0000088750000486,0.12649169997804371],[3.4999645839999403,0.12648686167994208],[3.999927918000026,0.12648879077551486],[4.500035958000012,0.12652540083409453],[5.000006999999982,0.1264907408696886],[5.499502541999959,0.12637044120784802],[6.000005624999972,0.12662534518596893],[6.500030667000033,0.12650440266096186],[7.000005249999958,0.12649163672898872],[7.4999916670000175,0.12649463068527542],[8.000085832999957,0.126521890765716],[8.499995167999941,0.12647512923723506],[8.999998376000008,0.12649887874336768],[9.29988324999988,0.0758697138460657]],"reps":[],"score":[[0,0.6056188709546843],[0.5000048340000376,0.6056025210559889],[0.9999669589999485,0.6055507921998065],[1.4999908749999804,0.6056256330471489],[1.9999817919999714,0.6055856648783269],[2.5000340420000384,0.6056599509990687],[3.0000088750000486,0.6055661840447936],[3.4999645839999403,0.6055430211833631],[3.999927918000026,0.6055522565327567],[4.500035958000012,0.6057275234749797],[5.000006999999982,0.6055615924108223],[5.499502541999959,0.6049856699813244],[6.000005624999972,0.6062059969225808],[6.500030667000033,0.6056269968508764],[7.000005249999958,0.605565881246358],[7.4999916670000175,0.6055802145084141],[8.000085832999957,0.6057107193786311],[8.499995167999941,0.6054868533038831],[8.999998376000008,0.6056005516556656],[9.29988324999988,0.3632185598446963]],"motion":[]},"serverReceivedTimestamp":"2020-01-26T16:28:56.184Z"}