{"timestamp":"2020-01-26T16:28:56.099Z","videoElapsedSeconds":600.199978625,"metrics":{"time":[[0,0],[0.5001615420000007,0.5001615420000007],[1.0001206670000329,0.49995912500003215],[1.5002153750000389,0.500094708000006],[2.0001473340000757,0.49993195900003684],[2.500182375999998,0.5000350419999222],[3.0002342510000517,0.5000518750000538],[3.5000998760000357,0.499865624999984],[3.999511666999979,0.49941179099994315],[4.50012162500002,0.5006099580000409],[5.000228250000077,0.5001066250000576],[5.50012012500008,0.499891875000003],[5.999864833000061,0.49974470799998016],[6.5002619159999995,0.5003970829999389],[7.000167043000033,0.49990512700003364],[7.500144334000083,0.4999772910000502],[8.00014283300004,0.4999984989999575],[8.500185833000046,0.5000430000000051],[9.000181500000053,0.4999956670000074],[9.500118000000043,0.4999364999999898],[10.00015975000008,0.5000417500000367]],"bpm":[[0,161],[0.5001615420000007,161],[1.0001206670000329,162],[1.5002153750000389,162],[2.0001473340000757,162],[2.500182375999998,162],[3.0002342510000517,162],[3.5000998760000357,162],[3.999511666999979,162],[4.50012162500002,162],[5.000228250000077,162],[5.50012012500008,162],[5.999864833000061,159],[6.5002619159999995,159],[7.000167043000033,159],[7.500144334000083,159],[8.00014283300004,159],[8.500185833000046,159],[9.000181500000053,159],[9.500118000000043,159],[10.00015975000008,159]],"kcal":[[0,0.05059381906035254],[0.5001615420000007,0.12653893663327354],[1.0001206670000329,0.12737834781048615],[1.5002153750000389,0.12741289131147307],[2.0001473340000757,0.12737142652427896],[2.500182375999998,0.1273976897557236],[3.0002342510000517,0.1274019784258133],[3.5000998760000357,0.12735452611200948],[3.999511666999979,0.12723889940931565],[4.50012162500002,0.1275441654305599],[5.000228250000077,0.12741592749523595],[5.50012012500008,0.127361214022011],[5.999864833000061,0.12465299937156166],[6.5002619159999995,0.12481572345679577],[7.000167043000033,0.12469301322101871],[7.500144334000083,0.12471101332968357],[8.00014283300004,0.12471630331226231],[8.500185833000046,0.12472740334602388],[9.000181500000053,0.1247155969170122],[9.500118000000043,0.12470083869366745],[10.00015975000008,0.12472709155433746]],"reps":[],"score":[[0,0.24221277720157547],[0.5001615420000007,0.6057923247406615],[1.0001206670000329,0.6125570232795612],[1.5002153750000389,0.6127231414974681],[2.0001473340000757,0.6125237391103974],[2.500182375999998,0.6126500378664417],[3.0002342510000517,0.6126706618973631],[3.5000998760000357,0.612442465751071],[3.999511666999979,0.611886421886229],[4.50012162500002,0.6133544331180905],[5.000228250000077,0.612737742375246],[5.50012012500008,0.6124746276240496],[5.999864833000061,0.5912737414880901],[6.5002619159999995,0.5920456000008548],[7.000167043000033,0.5914635414816648],[7.500144334000083,0.5915489224323932],[8.00014283300004,0.5915740147110186],[8.500185833000046,0.5916266661395918],[9.000181500000053,0.5915706640257995],[9.500118000000043,0.5915006604961712],[10.00015975000008,0.5916251872001526]],"motion":[]},"serverReceivedTimestamp":"2020-01-26T16:29:06.697Z"}