{"timestamp":"2020-01-26T16:29:06.598Z","videoElapsedSeconds":610.700109417,"metrics":{"time":[[0,0],[0.4999778750000132,0.4999778750000132],[0.9999812080000083,0.5000033329999951],[1.4999829160000218,0.5000017080000134],[2.000012416000004,0.5000294999999824],[2.500016665999965,0.5000042499999608],[3.0000110409999934,0.4999943750000284],[3.4999991659999523,0.4999881249999589],[4.000034625000012,0.5000354590000597],[4.500011248999954,0.4999766239999417],[5.000058206999938,0.5000469579999844],[5.4999805410000135,0.49992233400007535],[6.000100248999956,0.5001197079999429],[6.499988832999975,0.49988858400001845],[6.99997770799996,0.49998887499998546],[7.4999815420000004,0.5000038340000401],[8.000012958999946,0.5000314169999456],[8.499984541999993,0.49997158300004685],[8.999991292000004,0.5000067500000114],[9.299890582999865,0.29989929099986057]],"bpm":[[0,159],[0.4999778750000132,155],[0.9999812080000083,155],[1.4999829160000218,155],[2.000012416000004,155],[2.500016665999965,155],[3.0000110409999934,155],[3.4999991659999523,155],[4.000034625000012,155],[4.500011248999954,155],[5.000058206999938,155],[5.4999805410000135,155],[6.000100248999956,154],[6.499988832999975,154],[6.99997770799996,154],[7.4999815420000004,154],[8.000012958999946,154],[8.499984541999993,154],[8.999991292000004,154],[9.299890582999865,154]],"kcal":[[0,0.12470945462062559],[0.4999778750000132,0.12114853781169202],[0.9999812080000083,0.1211547064836026],[1.4999829160000218,0.12115431273343569],[2.000012416000004,0.12116104695174305],[2.500016665999965,0.12115492867984481],[3.0000110409999934,0.1211525358903585],[3.4999991659999523,0.12115102146660572],[4.000034625000012,0.12116249086392857],[4.500011248999954,0.1211482346846197],[5.000058206999938,0.12116527716127658],[5.4999805410000135,0.12113507979431261],[6.000100248999956,0.12029199709698135],[6.499988832999975,0.1202364056714022],[6.99997770799996,0.12026052830541141],[7.4999815420000004,0.12026412633996668],[8.000012958999946,0.1202707607798647],[8.499984541999993,0.12025636912277346],[8.999991292000004,0.12026482771496645],[9.299890582999865,0.07213369932293512]],"reps":[],"score":[[0,0.5915415289180672],[0.4999778750000132,0.5635091031887904],[0.9999812080000083,0.5635377960879288],[1.4999829160000218,0.5635359646023208],[2.000012416000004,0.5635672880783412],[2.500016665999965,0.5635388296093187],[3.0000110409999934,0.5635276998121134],[3.4999991659999523,0.5635206556365404],[4.000034625000012,0.563574004277112],[4.500011248999954,0.5635076932265428],[5.000058206999938,0.5635869644328692],[5.4999805410000135,0.5634465047006769],[6.000100248999956,0.5566568424617216],[6.499988832999975,0.5563995905399176],[6.99997770799996,0.5565112191569787],[7.4999815420000004,0.5565278692301583],[8.000012958999946,0.5565585704110704],[8.499984541999993,0.5564919723448021],[8.999991292000004,0.5565311148757721],[9.299890582999865,0.333802067213297]],"motion":[]},"serverReceivedTimestamp":"2020-01-26T16:29:16.186Z"}