{"timestamp":"2020-01-26T16:29:36.097Z","videoElapsedSeconds":640.199450085,"metrics":{"time":[[0,0],[0.5006505410000273,0.5006505410000273],[1.0006507059999876,0.5000001649999604],[1.5006731650000802,0.5000224590000926],[2.0007277079999994,0.5000545429999192],[2.5006761240000515,0.499948416000052],[3.0006610820000787,0.4999849580000273],[3.5006531230000064,0.49999204099992767],[4.000680332000002,0.5000272089999953],[4.500658332000057,0.49997800000005554],[5.000712166000085,0.5000538340000276],[5.500042541000084,0.49933037499999955],[5.999772832000076,0.49973029099999167],[6.500662498999986,0.5008896669999103],[7.000712417000045,0.5000499180000588],[7.5006534170000805,0.4999410000000353],[8.000664873999995,0.5000114569999141],[8.500664749000066,0.49999987500007137],[9.000664415000074,0.4999996660000079],[9.500654290000057,0.49998987499998293],[10.000815665000005,0.5001613749999478]],"bpm":[[0,163],[0.5006505410000273,163],[1.0006507059999876,163],[1.5006731650000802,167],[2.0007277079999994,167],[2.5006761240000515,167],[3.0006610820000787,167],[3.5006531230000064,167],[4.000680332000002,167],[4.500658332000057,167],[5.000712166000085,167],[5.500042541000084,167],[5.999772832000076,167],[6.500662498999986,167],[7.000712417000045,167],[7.5006534170000805,167],[8.000664873999995,167],[8.500664749000066,167],[9.000664415000074,167],[9.500654290000057,167],[10.000815665000005,167]],"kcal":[[0,0.05117069702602725],[0.5006505410000273,0.12844635864366113],[1.0006507059999876,0.12827949888397536],[1.5006731650000802,0.13184815748134412],[2.0007277079999994,0.13185661753385905],[2.5006761240000515,0.13182863349206317],[3.0006610820000787,0.13183826904998805],[3.5006531230000064,0.13184013672706832],[4.000680332000002,0.13184940998255468],[4.500658332000057,0.13183643433344777],[5.000712166000085,0.13185643058159782],[5.500042541000084,0.13166566567804178],[5.999772832000076,0.13177111731685762],[6.500662498999986,0.13207682676383536],[7.000712417000045,0.13185539799321846],[7.5006534170000805,0.13182667800802345],[8.000664873999995,0.1318452564247495],[8.500664749000066,0.13184220243125036],[9.000664415000074,0.13184214732117921],[9.500654290000057,0.1318395655865192],[10.000815665000005,0.13188478747324933]],"reps":[],"score":[[0,0.24716554270850444],[0.5006505410000273,0.6204237149035469],[1.0006507059999876,0.6196177461468975],[1.5006731650000802,0.6476883842849541],[2.0007277079999994,0.6477299432862251],[2.5006761240000515,0.6475924750108791],[3.0006610820000787,0.6476398085425966],[3.5006531230000064,0.6476489832840082],[4.000680332000002,0.647694537048109],[4.500658332000057,0.6476307957159156],[5.000712166000085,0.6477290249054883],[5.500042541000084,0.6467919150169413],[5.999772832000076,0.6473099336443497],[6.500662498999986,0.6488116949245685],[7.000712417000045,0.6477239524379482],[7.5006534170000805,0.6475828689282277],[8.000664873999995,0.6476741331896458],[8.500664749000066,0.6476591308099928],[9.000664415000074,0.6476588600883263],[9.500654290000057,0.6476461776240238],[10.000815665000005,0.6478683247613829]],"motion":[]},"serverReceivedTimestamp":"2020-01-26T16:29:46.676Z"}