{"timestamp":"2020-01-26T16:29:46.597Z","videoElapsedSeconds":650.700146125,"metrics":{"time":[[0,0],[0.49993924900002185,0.49993924900002185],[0.9993924990000096,0.49945324999998775],[1.499491209000098,0.5000987100000884],[1.999645876000045,0.500154666999947],[2.499961583000072,0.500315707000027],[3.0000835410000946,0.5001219580000225],[3.500049709000109,0.4999661680000145],[3.9999875840001096,0.49993787500000053],[4.499943417000054,0.4999558329999445],[4.999959625000088,0.5000162080000337],[5.499915750000014,0.49995612499992603],[5.999932584000021,0.5000168340000073],[6.499923792000004,0.4999912079999831],[6.999928750000095,0.5000049580000905],[7.4997157920000745,0.4997870419999799],[7.9999223750000965,0.500206583000022],[8.499946041000044,0.5000236659999473],[8.999393625000039,0.499447583999995],[9.29985387499994,0.30046024999990095]],"bpm":[[0,167],[0.49993924900002185,167],[0.9993924990000096,168],[1.499491209000098,168],[1.999645876000045,168],[2.499961583000072,168],[3.0000835410000946,168],[3.500049709000109,168],[3.9999875840001096,168],[4.499943417000054,168],[4.999959625000088,168],[5.499915750000014,168],[5.999932584000021,167],[6.499923792000004,167],[6.999928750000095,167],[7.4997157920000745,167],[7.9999223750000965,167],[8.499946041000044,167],[8.999393625000039,167],[9.29985387499994,167]],"kcal":[[0,0.13181069213696633],[0.49993924900002185,0.13182621629651156],[0.9993924990000096,0.1325877866427272],[1.499491209000098,0.13275913423688093],[1.999645876000045,0.13277398890998282],[2.499961583000072,0.13281673953213124],[3.0000835410000946,0.1327653057871814],[3.500049709000109,0.1327239488608182],[3.9999875840001096,0.13271643803523175],[4.499943417000054,0.13272120527113443],[4.999959625000088,0.13273723277246788],[5.499915750000014,0.13272128278716072],[5.999932584000021,0.13184667425617344],[6.499923792000004,0.13183991707791878],[6.999928750000095,0.13184354273942037],[7.4997157920000745,0.13178608167425596],[7.9999223750000965,0.13189670812082402],[8.499946041000044,0.13184847574846206],[8.999393625000039,0.13169657187117667],[9.29985387499994,0.07922670201272625]],"reps":[],"score":[[0,0.647504340238907],[0.49993924900002185,0.6475806008253672],[0.9993924990000096,0.6539538491373108],[1.499491209000098,0.6547989753859237],[1.999645876000045,0.6548722420939563],[2.499961583000072,0.6550830981208565],[3.0000835410000946,0.654829414909626],[3.500049709000109,0.6546254329149902],[3.9999875840001096,0.6545883877736026],[4.499943417000054,0.6546119008915695],[4.999959625000088,0.6546909522616425],[5.499915750000014,0.6546122832186678],[5.999932584000021,0.6476810981178005],[6.499923792000004,0.6476479042836983],[6.999928750000095,0.6476657149143874],[7.4997157920000745,0.6473834442693774],[7.9999223750000965,0.6479268835240899],[8.499946041000044,0.6476899477342986],[8.999393625000039,0.6469437380130174],[9.29985387499994,0.38919174601365897]],"motion":[]},"serverReceivedTimestamp":"2020-01-26T16:29:56.172Z"}