{"timestamp":"2020-01-26T16:29:56.097Z","videoElapsedSeconds":660.200184042,"metrics":{"time":[[0,0],[0.49990933300000506,0.49990933300000506],[0.999908290999997,0.49999895799999194],[1.4999349999999367,0.5000267089999397],[1.9999342489999208,0.49999924899998405],[2.4999753739999733,0.5000411250000525],[2.9999915829999964,0.5000162090000231],[3.499933874999897,0.4999422919999006],[3.9992358339999328,0.4993019590000358],[4.4999012499999935,0.5006654160000608],[4.999934958999916,0.500033708999922],[5.499942626000006,0.5000076670000908],[5.9999204999999165,0.4999778739999101],[6.499919999999975,0.4999995000000581],[6.9999839589999056,0.500063958999931],[7.499916999999982,0.49993304100007663],[7.9998598329999595,0.4999428329999773],[8.499942165999983,0.500082333000023],[8.99990733300001,0.4999651670000276],[9.499927791000005,0.5000204579999945],[9.999931833000005,0.5000040420000005]],"bpm":[[0,167],[0.49990933300000506,167],[0.999908290999997,167],[1.4999349999999367,161],[1.9999342489999208,161],[2.4999753739999733,161],[2.9999915829999964,161],[3.499933874999897,161],[3.9992358339999328,161],[4.4999012499999935,161],[4.999934958999916,161],[5.499942626000006,161],[5.9999204999999165,161],[6.499919999999975,161],[6.9999839589999056,161],[7.499916999999982,161],[7.9998598329999595,161],[8.499942165999983,161],[8.99990733300001,161],[9.499927791000005,161],[9.999931833000005,161]],"kcal":[[0,0.05278542317413027],[0.49990933300000506,0.13181832791187917],[0.999908290999997,0.1318419606325697],[1.4999349999999367,0.12650482440548697],[1.9999342489999208,0.12649787713165128],[2.4999753739999733,0.126508471597787],[2.9999915829999964,0.12650216794609825],[3.499933874999897,0.12648346723081094],[3.9992358339999328,0.12632146545720377],[4.4999012499999935,0.1266664148074446],[4.999934958999916,0.1265065953784223],[5.499942626000006,0.12650000685313653],[5.9999204999999165,0.12649246933926267],[6.499919999999975,0.12649794063369973],[6.9999839589999056,0.12651424851148604],[7.499916999999982,0.12648112676361736],[7.9998598329999595,0.12648360410173898],[8.499942165999983,0.12651889706248026],[8.99990733300001,0.1264892545174143],[9.499927791000005,0.1265032429266655],[9.999931833000005,0.12649908974212698]],"reps":[],"score":[[0,0.25930211011319987],[0.49990933300000506,0.6475418500745431],[0.999908290999997,0.647657943002747],[1.4999349999999367,0.6056290159100143],[1.9999342489999208,0.6055957565411632],[2.4999753739999733,0.6056464764732292],[2.9999915829999964,0.6056162983801262],[3.499933874999897,0.6055267706024345],[3.9992358339999328,0.6047512035425501],[4.4999012499999935,0.6064026135698509],[4.999934958999916,0.605637494263319],[5.499942626000006,0.6056059523667637],[5.9999204999999165,0.6055698672835959],[6.499919999999975,0.6055960605507793],[6.9999839589999056,0.6056741328616316],[7.499916999999982,0.6055155658531307],[7.9998598329999595,0.6055274258581204],[8.499942165999983,0.6056963873280308],[8.99990733300001,0.6055544766500647],[9.499927791000005,0.6056214447405605],[9.999931833000005,0.6056015617908248]],"motion":[]},"serverReceivedTimestamp":"2020-01-26T16:30:06.652Z"}