{"timestamp":"2020-01-26T16:30:06.596Z","videoElapsedSeconds":670.700116375,"metrics":{"time":[[0,0],[0.4999967920000472,0.4999967920000472],[0.9999920840000414,0.49999529199999415],[1.4999808339999845,0.49998874999994314],[2.0000179999999546,0.5000371659999701],[2.500003334999974,0.4999853350000194],[2.9999815850000005,0.4999782500000265],[3.499994708000031,0.5000131230000306],[3.9999723749999703,0.4999776669999392],[4.499996249999981,0.5000238750000108],[4.999981375000061,0.4999851250000802],[5.499535292000019,0.49955391699995744],[6.000006542000051,0.5004712500000323],[6.499999666000008,0.4999931239999569],[7.000014583000052,0.5000149170000441],[7.49997212400001,0.49995754099995793],[7.999991666000028,0.5000195420000182],[8.500007584000059,0.500015918000031],[8.999988750000057,0.49998116599999776],[9.299883624999893,0.29989487499983625]],"bpm":[[0,161],[0.4999967920000472,161],[0.9999920840000414,163],[1.4999808339999845,163],[2.0000179999999546,163],[2.500003334999974,163],[2.9999815850000005,163],[3.499994708000031,163],[3.9999723749999703,163],[4.499996249999981,163],[4.999981375000061,163],[5.499535292000019,163],[6.000006542000051,159],[6.499999666000008,159],[7.000014583000052,159],[7.49997212400001,159],[7.999991666000028,159],[8.500007584000059,159],[8.999988750000057,159],[9.299883624999893,159]],"kcal":[[0,0.12649819362980458],[0.4999967920000472,0.12649725552016539],[0.9999920840000414,0.12827824867240045],[1.4999808339999845,0.12827657026397785],[2.0000179999999546,0.1282889918203216],[2.500003334999974,0.12827569411530917],[2.9999815850000005,0.12827387639541166],[3.499994708000031,0.12828282337438937],[3.9999723749999703,0.1282737268215429],[4.499996249999981,0.12828558189581796],[4.999981375000061,0.12827564023795301],[5.499535292000019,0.12816500998212],[6.000006542000051,0.12483422318049078],[6.499999666000008,0.12471496260797675],[7.000014583000052,0.12472039850911322],[7.49997212400001,0.12470608702089096],[7.999991666000028,0.1247215521383756],[8.500007584000059,0.12472064819189874],[8.999988750000057,0.12471197988392277],[9.299883624999893,0.0748037849455139]],"reps":[],"score":[[0,0.6055972717439708],[0.4999967920000472,0.6055927806392223],[0.9999920840000414,0.6196117073543782],[1.4999808339999845,0.6196036002783998],[2.0000179999999546,0.6196635990842284],[2.500003334999974,0.6195993682906846],[2.9999815850000005,0.6195905883101279],[3.499994708000031,0.6196338041551945],[3.9999723749999703,0.6195898658359661],[4.499996249999981,0.6196471284107861],[4.999981375000061,0.6195991080513924],[5.499535292000019,0.6190647399694207],[6.000006542000051,0.5921333508042914],[6.499999666000008,0.5915676552712686],[7.000014583000052,0.5915934396937819],[7.49997212400001,0.5915255551885544],[7.999991666000028,0.5915989117698145],[8.500007584000059,0.5915946240284992],[8.999988750000057,0.5915535071447084],[9.299883624999893,0.3548210955627834]],"motion":[]},"serverReceivedTimestamp":"2020-01-26T16:30:16.186Z"}