{"timestamp":"2020-01-26T16:30:16.096Z","videoElapsedSeconds":680.200165917,"metrics":{"time":[[0,0],[0.5000245409999025,0.5000245409999025],[0.9999743329999546,0.4999497920000522],[1.4999932489999992,0.5000189160000446],[2.000075874999993,0.500082625999994],[2.499931665999952,0.499855790999959],[2.9999486659999093,0.5000169999999571],[3.4999225409999326,0.4999738750000233],[3.9999483329999066,0.500025791999974],[4.4999727499999835,0.5000244170000769],[4.999932333999936,0.4999595839999529],[5.499938208999993,0.5000058750000562],[5.999927916999923,0.49998970799993003],[6.500015749999989,0.500087833000066],[6.999954748999926,0.4999389989999372],[7.499978040999963,0.5000232920000371],[7.999048124999945,0.49907008399998176],[8.500003499999934,0.5009553749999895],[8.999983000999919,0.49997950099998434],[9.499947917999975,0.49996491700005663],[9.999975957999936,0.500028039999961]],"bpm":[[0,159],[0.5000245409999025,159],[0.9999743329999546,159],[1.4999932489999992,157],[2.000075874999993,157],[2.499931665999952,157],[2.9999486659999093,157],[3.4999225409999326,157],[3.9999483329999066,157],[4.4999727499999835,157],[4.999932333999936,157],[5.499938208999993,157],[5.999927916999923,157],[6.500015749999989,155],[6.999954748999926,155],[7.499978040999963,155],[7.999048124999945,155],[8.500003499999934,155],[8.999983000999919,155],[9.499947917999975,155],[9.999975957999936,155]],"kcal":[[0,0.049928056318768226],[0.5000245409999025,0.1247227990556905],[0.9999743329999546,0.1247041541618433],[1.4999932489999992,0.12293993917956424],[2.000075874999993,0.12295560359398591],[2.499931665999952,0.12289983154173802],[2.9999486659999093,0.122939468091518],[3.4999225409999326,0.12292886492291911],[3.9999483329999066,0.12294162978563149],[4.4999727499999835,0.122941291713614],[4.999932333999936,0.12292535118649187],[5.499938208999993,0.12293673278137789],[5.999927916999923,0.12293275779173521],[6.500015749999989,0.1211751814925291],[6.999954748999926,0.12113911785372854],[7.499978040999963,0.12115954270494794],[7.999048124999945,0.12092857297366312],[8.500003499999934,0.1213853936839805],[8.999983000999919,0.12114893180416417],[9.499947917999975,0.12114539798725939],[9.999975957999936,0.12116069318235319]],"reps":[],"score":[[0,0.23682662120973497],[0.5000245409999025,0.5916048263444321],[0.9999743329999546,0.591516386947063],[1.4999932489999992,0.5775767651534087],[2.000075874999993,0.5776503572006318],[2.499931665999952,0.57738833786226],[2.9999486659999093,0.577574551962873],[3.4999225409999326,0.5775247378515226],[3.9999483329999066,0.5775847076885197],[4.4999727499999835,0.577583119412622],[4.999932333999936,0.5775082301768579],[5.499938208999993,0.5775617013661267],[5.999927916999923,0.5775430267053562],[6.500015749999989,0.5636330333406959],[6.999954748999926,0.5634652872900601],[7.499978040999963,0.5635602912397677],[7.999048124999945,0.5624859609301243],[8.500003499999934,0.5646108122361231],[8.999983000999919,0.5635109358014545],[9.499947917999975,0.5634944986406698],[9.999975957999936,0.5635656425589216]],"motion":[]},"serverReceivedTimestamp":"2020-01-26T16:30:26.658Z"}