{"timestamp":"2020-01-26T16:30:26.596Z","videoElapsedSeconds":690.70010775,"metrics":{"time":[[0,0],[0.5000836240000126,0.5000836240000126],[0.9999949159999915,0.49991129199997886],[1.5000966249999692,0.5001017089999777],[2.0000000420000106,0.4999034170000414],[2.500055166999914,0.5000551249999035],[3.000004084000011,0.499948917000097],[3.499992376000023,0.4999882920000118],[4.000034458999949,0.5000420829999257],[4.499982166999985,0.4999477080000361],[4.999985917000004,0.500003750000019],[5.500001958999974,0.5000160419999702],[6.000013000999957,0.5000110419999828],[6.500051792000022,0.5000387910000654],[7.000030958000025,0.4999791660000028],[7.500051625999959,0.5000206679999337],[8.000026083999956,0.49997445799999696],[8.500215541999978,0.5001894580000226],[8.999997709000013,0.49978216700003486],[9.299892249999857,0.29989454099984414]],"bpm":[[0,155],[0.5000836240000126,155],[0.9999949159999915,155],[1.5000966249999692,155],[2.0000000420000106,155],[2.500055166999914,155],[3.000004084000011,155],[3.499992376000023,155],[4.000034458999949,155],[4.499982166999985,155],[4.999985917000004,155],[5.500001958999974,155],[6.000013000999957,152],[6.500051792000022,152],[7.000030958000025,152],[7.500051625999959,152],[8.000026083999956,152],[8.500215541999978,152],[8.999997709000013,152],[9.299892249999857,152]],"kcal":[[0,0.12114563011812647],[0.5000836240000126,0.12117416161899545],[0.9999949159999915,0.12113240423158657],[1.5000966249999692,0.12117854375550918],[2.0000000420000106,0.12113049605769449],[2.500055166999914,0.1211672560890411],[3.000004084000011,0.12114152106250527],[3.499992376000023,0.12115106193202078],[4.000034458999949,0.12116409591074834],[4.499982166999985,0.12114122811236304],[4.999985917000004,0.12115480752596003],[5.500001958999974,0.12115778597339807],[6.000013000999957,0.11848443129408748],[6.500051792000022,0.11849100679786159],[7.000030958000025,0.1184768778414388],[7.500051625999959,0.11848671230597323],[8.000026083999956,0.11847576221666978],[8.500215541999978,0.11852670939701479],[8.999997709000013,0.1184301962434018],[9.299892249999857,0.07106409889757825]],"reps":[],"score":[[0,0.5634955783718748],[0.5000836240000126,0.5636282895110907],[0.9999949159999915,0.5634340596148383],[1.5000966249999692,0.5636486725372626],[2.0000000420000106,0.5634251839537855],[2.500055166999914,0.5635961691977802],[3.000004084000011,0.5634764655514491],[3.499992376000023,0.5635208438569692],[4.000034458999949,0.5635814699759172],[4.499982166999985,0.5634751029260727],[4.999985917000004,0.5635382660753446],[5.500001958999974,0.5635521199961184],[6.000013000999957,0.5425147069115409],[6.500051792000022,0.5425448147279337],[7.000030958000025,0.5424801212777567],[7.500051625999959,0.5425251511739739],[8.000026083999956,0.5424750130720797],[8.500215541999978,0.5427082892444084],[8.999997709000013,0.542266376288642],[9.299892249999857,0.3253872121786205]],"motion":[]},"serverReceivedTimestamp":"2020-01-26T16:30:36.151Z"}