{"timestamp":"2020-01-26T16:31:16.094Z","videoElapsedSeconds":740.199980792,"metrics":{"time":[[0,0],[0.50012983299996,0.50012983299996],[1.0001304579999442,0.5000006249999842],[1.5001796669999976,0.5000492090000535],[2.0000990409999986,0.49991937400000097],[2.5001395829999637,0.5000405419999652],[3.0001971670000103,0.5000575840000465],[3.500176124999939,0.49997895799992875],[4.000118623999924,0.4999424989999852],[4.500181581999982,0.5000629580000577],[5.00016283299999,0.49998125100000834],[5.500130832999957,0.4999679999999671],[6.000174541999968,0.5000437090000105],[6.500128249999989,0.4999537080000209],[7.000174166999955,0.5000459169999658],[7.500180957999987,0.5000067910000325],[8.000168125999949,0.49998716799996146],[8.50013900099998,0.4999708750000309],[8.999561707999987,0.4994227070000079],[9.500152040999978,0.500590332999991],[10.000138416000027,0.4999863750000486]],"bpm":[[0,141],[0.50012983299996,141],[1.0001304579999442,141],[1.5001796669999976,141],[2.0000990409999986,141],[2.5001395829999637,141],[3.0001971670000103,141],[3.500176124999939,141],[4.000118623999924,141],[4.500181581999982,141],[5.00016283299999,141],[5.500130832999957,141],[6.000174541999968,141],[6.500128249999989,140],[7.000174166999955,140],[7.500180957999987,140],[8.000168125999949,140],[8.50013900099998,140],[8.999561707999987,140],[9.500152040999978,140],[10.000138416000027,140]],"kcal":[[0,0.043469493961491454],[0.50012983299996,0.10871239451606442],[1.0001304579999442,0.10868430878683741],[1.5001796669999976,0.10869486941056787],[2.0000990409999986,0.10866664739137132],[2.5001395829999637,0.1086929854790951],[3.0001971670000103,0.10869668987046296],[3.500176124999939,0.10867959906687553],[4.000118623999924,0.10867167403436598],[4.500181581999982,0.10869785800795609],[5.00016283299999,0.10868009749250991],[5.500130832999957,0.10867721714454989],[6.000174541999968,0.10869367388465628],[6.500128249999989,0.10778349827023516],[7.000174166999955,0.10780337732788993],[7.500180957999987,0.10779494227264652],[8.000168125999949,0.10779071180978492],[8.50013900099998,0.10778719925151857],[8.999561707999987,0.10766902138077401],[9.500152040999978,0.10792074631637438],[10.000138416000027,0.10779054084934725]],"reps":[],"score":[[0,0.13642742814010558],[0.50012983299996,0.34118990213959965],[1.0001304579999442,0.3411017560983948],[1.5001796669999976,0.34113490023244847],[2.0000990409999986,0.34104632645012384],[2.5001395829999637,0.3411289875819388],[3.0001971670000103,0.3411406136797166],[3.500176124999939,0.34108697481333483],[4.000118623999924,0.3410621023866127],[4.500181581999982,0.34114427983681606],[5.00016283299999,0.34108853910408726],[5.500130832999957,0.34107949923661884],[6.000174541999968,0.3411311481177922],[6.500128249999989,0.3376841971228657],[7.000174166999955,0.3377464779333],[7.500180957999987,0.33772005102284275],[8.000168125999949,0.3377067970416878],[8.50013900099998,0.33769579224561924],[8.999561707999987,0.33732554262447595],[9.500152040999978,0.3381141933376017],[10.000138416000027,0.3377062614250205]],"motion":[]},"serverReceivedTimestamp":"2020-01-26T16:31:26.676Z"}