{"timestamp":"2020-01-26T16:31:26.593Z","videoElapsedSeconds":750.700159083,"metrics":{"time":[[0,0],[0.4999399179999955,0.4999399179999955],[0.9999415009999666,0.5000015829999711],[1.499681457999941,0.4997399569999743],[1.9999738330000127,0.5002923750000718],[2.4999190839999983,0.49994525099998555],[3.0000276680000297,0.5001085840000314],[3.499381041999982,0.49935337399995205],[3.9999857919999613,0.5006047499999795],[4.4999361249999765,0.49995033300001523],[4.999938833999977,0.5000027090000003],[5.499177334000024,0.49923850000004677],[5.999966500000028,0.5007891660000041],[6.499935625000035,0.4999691250000069],[6.999982166999985,0.50004654199995],[7.499044583999989,0.49906241700000464],[7.999992917999975,0.5009483339999861],[8.499316499999964,0.49932358199998816],[8.999911249999968,0.5005947500000048],[9.29984091699987,0.2999296669999012]],"bpm":[[0,140],[0.4999399179999955,140],[0.9999415009999666,138],[1.499681457999941,138],[1.9999738330000127,138],[2.4999190839999983,138],[3.0000276680000297,138],[3.499381041999982,138],[3.9999857919999613,138],[4.4999361249999765,138],[4.999938833999977,138],[5.499177334000024,138],[5.999966500000028,136],[6.499935625000035,136],[6.999982166999985,136],[7.499044583999989,136],[7.999992917999975,136],[8.499316499999964,136],[8.999911249999968,136],[9.29984091699987,136]],"kcal":[[0,0.1078020747515001],[0.4999399179999955,0.1077805253261003],[0.9999415009999666,0.10601242443587255],[1.499681457999941,0.10595695339838365],[1.9999738330000127,0.10607407937054752],[2.4999190839999983,0.1060004806899029],[3.0000276680000297,0.10603511123491308],[3.499381041999982,0.10587498845572854],[3.9999857919999613,0.10614031042300674],[4.4999361249999765,0.10600155819677975],[4.999938833999977,0.10601266317510274],[5.499177334000024,0.10585063239037061],[5.999966500000028,0.10439521002981],[6.499935625000035,0.10422426313590742],[6.999982166999985,0.10424040159200362],[7.499044583999989,0.10403524951795719],[7.999992917999975,0.10442839041372458],[8.499316499999964,0.10408969233916174],[8.999911249999968,0.10435468179850817],[9.29984091699987,0.06252375791337587]],"reps":[],"score":[[0,0.33774239697963404],[0.4999399179999955,0.33767488293034664],[0.9999415009999666,0.33094478083851203],[1.499681457999941,0.33077161386829745],[1.9999738330000127,0.3311372524186329],[2.4999190839999983,0.33090749539377895],[3.0000276680000297,0.3310156034593166],[3.499381041999982,0.3305157394259594],[3.9999857919999613,0.33134400951580767],[4.4999361249999765,0.3309108591059015],[4.999938833999977,0.3309455261238183],[5.499177334000024,0.33043970576523657],[5.999966500000028,0.324683653014174],[6.499935625000035,0.3241519843488409],[6.999982166999985,0.3242021771965571],[7.499044583999989,0.3235641256537151],[7.999992917999975,0.32478684863258145],[8.499316499999964,0.3237334504154934],[8.999911249999968,0.32455760456630445],[9.29984091699987,0.1944576012030817]],"motion":[]},"serverReceivedTimestamp":"2020-01-26T16:31:36.174Z"}