{"timestamp":"2020-01-26T16:31:36.093Z","videoElapsedSeconds":760.200097917,"metrics":{"time":[[0,0],[0.5000267499999609,0.5000267499999609],[0.9999895409999908,0.49996279100002994],[1.4999854159999586,0.4999958749999678],[2.0000288759999876,0.500043460000029],[2.5000292089999903,0.5000003330000027],[3.0000570830000015,0.5000278740000113],[3.4999885409999933,0.49993145799999184],[3.9996708319999925,0.49968229099999917],[4.500151331999973,0.5004804999999806],[5.0000106669999695,0.49985933499999646],[5.500035207999986,0.5000245410000161],[5.999802040999953,0.49976683299996694],[6.500017958000058,0.500215917000105],[7.000036832999967,0.5000188749999097],[7.500068041999953,0.5000312089999852],[8.000070749999963,0.5000027080000109],[8.500091416000032,0.5000206660000686],[9.000020416999973,0.4999290009999413],[9.500032833999967,0.5000124169999935],[10.000005916999953,0.4999730829999862]],"bpm":[[0,136],[0.5000267499999609,136],[0.9999895409999908,136],[1.4999854159999586,142],[2.0000288759999876,142],[2.5000292089999903,142],[3.0000570830000015,142],[3.4999885409999933,142],[3.9996708319999925,142],[4.500151331999973,142],[5.0000106669999695,142],[5.500035207999986,142],[5.999802040999953,142],[6.500017958000058,142],[7.000036832999967,145],[7.500068041999953,145],[8.000070749999963,145],[8.500091416000032,145],[9.000020416999973,145],[9.500032833999967,145],[10.000005916999953,145]],"kcal":[[0,0.041712691667442195],[0.5000267499999609,0.10423627572400157],[0.9999895409999908,0.10422294274141246],[1.4999854159999586,0.10957396364896597],[2.0000288759999876,0.10958439188913281],[2.5000292089999903,0.10957494061849352],[3.0000570830000015,0.1095809762213548],[3.4999885409999933,0.10955984668047351],[3.9996708319999925,0.10950524179838378],[4.500151331999973,0.1096801690894304],[5.0000106669999695,0.10954404094411667],[5.500035207999986,0.10958024579528819],[5.999802040999953,0.10952376915529703],[6.500017958000058,0.10962218579504723],[7.000036832999967,0.11225118909405926],[7.500068041999953,0.11225395800188252],[8.000070749999963,0.11224755970114339],[8.500091416000032,0.11225159116267616],[9.000020416999973,0.1122310129289793],[9.500032833999967,0.11224973931244901],[10.000005916999953,0.11224090906924539]],"reps":[],"score":[[0,0.12973228468788664],[0.5000267499999609,0.3241893451720381],[0.9999895409999908,0.3241478777379349],[1.4999854159999586,0.3444843532527173],[2.0000288759999876,0.3445171380991335],[2.5000292089999903,0.34448742470057436],[3.0000570830000015,0.3445063997442703],[3.4999885409999933,0.3444399715894182],[3.9996708319999925,0.3442683019074545],[4.500151331999973,0.34481824746674355],[5.0000106669999695,0.34439028068945216],[5.500035207999986,0.34450410339262993],[5.999802040999953,0.34432654918035766],[6.500017958000058,0.344635956555656],[7.000036832999967,0.3546581797640027],[7.500068041999953,0.3546669281417834],[8.000070749999963,0.3546467126793725],[8.500091416000032,0.3546594501017601],[9.000020416999973,0.35459443307196653],[9.500032833999967,0.35465359917192973],[10.000005916999953,0.3546256999754335]],"motion":[]},"serverReceivedTimestamp":"2020-01-26T16:31:46.689Z"}