{"timestamp":"2020-01-26T16:31:46.592Z","videoElapsedSeconds":770.699589709,"metrics":{"time":[[0,0],[0.5005351240000664,0.5005351240000664],[1.0005149160000428,0.49997979199997644],[1.5005032490000758,0.499988333000033],[2.000557748999995,0.5000544999999192],[2.500564541000017,0.500006792000022],[3.000660374000063,0.5000958330000458],[3.5005419160000883,0.49988154200002555],[4.000513291000061,0.4999713749999728],[4.500554875000034,0.5000415839999732],[5.000523416000078,0.49996854100004384],[5.500518708000072,0.49999529199999415],[6.000548333000097,0.5000296250000247],[6.50051433200008,0.49996599899998273],[7.000545457000044,0.500031124999964],[7.500263624000013,0.49971816699996907],[8.000570831999994,0.5003072079999811],[8.500567957000044,0.4999971250000499],[9.000532040000053,0.49996408300000894],[9.300410290999935,0.29987825099988186]],"bpm":[[0,145],[0.5005351240000664,145],[1.0005149160000428,146],[1.5005032490000758,146],[2.000557748999995,146],[2.500564541000017,146],[3.000660374000063,146],[3.5005419160000883,146],[4.000513291000061,146],[4.500554875000034,146],[5.000523416000078,146],[5.500518708000072,146],[6.000548333000097,156],[6.50051433200008,156],[7.000545457000044,156],[7.500263624000013,156],[8.000570831999994,156],[8.500567957000044,156],[9.000532040000053,156],[9.300410290999935,156]],"kcal":[[0,0.11213153384349206],[0.5005351240000664,0.11236708384730477],[1.0005149160000428,0.11313307391053101],[1.5005032490000758,0.113135006527821],[2.000557748999995,0.11314997848510479],[2.500564541000017,0.11313918334345133],[3.000660374000063,0.11315933112181745],[3.5005419160000883,0.11311084236300847],[4.000513291000061,0.11313116935138932],[4.500554875000034,0.11314705591343306],[5.000523416000078,0.11313052808722512],[5.500518708000072,0.11313658117757594],[6.000548333000097,0.122051824723896],[6.50051433200008,0.1220362943052633],[7.000545457000044,0.12205219085766195],[7.500263624000013,0.12197580119382687],[8.000570831999994,0.12211957973272575],[8.500567957000044,0.12204389182531937],[9.000532040000053,0.1220358266303871],[9.300410290999935,0.07319703853455536]],"reps":[],"score":[[0,0.3542801284158801],[0.5005351240000664,0.35502434980248493],[1.0005149160000428,0.35801618730645934],[1.5005032490000758,0.3580223031861908],[2.000557748999995,0.35806968281513546],[2.500564541000017,0.35803552096199553],[3.000660374000063,0.3580992797775568],[3.5005419160000883,0.357945834282301],[4.000513291000061,0.35801016021836884],[4.500554875000034,0.35806043416723027],[5.000523416000078,0.35800813090065314],[5.500518708000072,0.3580272862568537],[6.000548333000097,0.3919125324189125],[6.50051433200008,0.39186266372002465],[7.000545457000044,0.3919137080868039],[7.500263624000013,0.39166841829558646],[8.000570831999994,0.3921300960412066],[8.500567957000044,0.3918870596135888],[9.000532040000053,0.3918611620001979],[9.300410290999935,0.23503816352223567]],"motion":[]},"serverReceivedTimestamp":"2020-01-26T16:31:56.171Z"}