{"timestamp":"2020-01-26T16:31:56.093Z","videoElapsedSeconds":780.2001475,"metrics":{"time":[[0,0],[0.4999577080000108,0.4999577080000108],[0.999950917000092,0.49999320900008115],[1.4999542920000977,0.5000033750000057],[1.9999477920000572,0.49999349999995957],[2.499955333999992,0.5000075419999348],[2.999971374000097,0.500016040000105],[3.500059833000023,0.5000884589999259],[3.9997276249999913,0.49966779199996836],[4.500019250000037,0.5002916250000453],[4.99998266700004,0.4999634170000036],[5.499997667000002,0.5000149999999621],[5.999978375000069,0.49998070800006644],[6.499945042000036,0.49996666699996695],[7.000017250000042,0.500072208000006],[7.499968749999994,0.4999514999999519],[8.000010042000099,0.5000412920001054],[8.499983917000009,0.49997387499990964],[9.000070251000011,0.5000863340000024],[9.499952459000042,0.4998822080000309],[9.999430541000038,0.499478081999996]],"bpm":[[0,156],[0.4999577080000108,156],[0.999950917000092,156],[1.4999542920000977,156],[1.9999477920000572,156],[2.499955333999992,156],[2.999971374000097,156],[3.500059833000023,156],[3.9997276249999913,156],[4.500019250000037,156],[4.99998266700004,156],[5.499997667000002,156],[5.999978375000069,156],[6.499945042000036,157],[7.000017250000042,157],[7.499968749999994,157],[8.000010042000099,157],[8.499983917000009,157],[9.000070251000011,157],[9.499952459000042,157],[9.999430541000038,157]],"kcal":[[0,0.048853840587812045],[0.4999577080000108,0.12203427056181941],[0.999950917000092,0.12204293597207004],[1.4999542920000977,0.12204541738272834],[1.9999477920000572,0.12204300700199384],[2.499955333999992,0.12204643450235393],[2.999971374000097,0.122048508772308],[3.500059833000023,0.1220661854671095],[3.9997276249999913,0.12196350520102334],[4.500019250000037,0.12211577609093786],[4.99998266700004,0.12203566406698714],[5.499997667000002,0.12204825491951847],[5.999978375000069,0.12203988461313772],[6.499945042000036,0.12292709268778924],[7.000017250000042,0.12295304211432204],[7.499968749999994,0.12292336356875051],[8.000010042000099,0.12294544077960082],[8.499983917000009,0.12292886492289119],[9.000070251000011,0.12295651528208597],[9.499952459000042,0.12290632670477732],[9.999430541000038,0.12280696401213637]],"reps":[],"score":[[0,0.15687133253822358],[0.4999577080000108,0.3918561654114589],[0.999950917000092,0.39188399033651405],[1.4999542920000977,0.3918919582299663],[1.9999477920000572,0.3918842184159989],[2.499955333999992,0.39189522423544515],[2.999971374000097,0.3919018847863419],[3.500059833000023,0.3919586452505145],[3.9997276249999913,0.3916289354473035],[4.500019250000037,0.3921178824189287],[4.99998266700004,0.3918606400036288],[5.499997667000002,0.39190106965645893],[5.999978375000069,0.39187419231989945],[6.499945042000036,0.39524882711237846],[7.000017250000042,0.39533226258764326],[7.499968749999994,0.39523683683510114],[8.000010042000099,0.3953078219328831],[8.499983917000009,0.39525452539930683],[9.000070251000011,0.3953434299019841],[9.499952459000042,0.39518205801982254],[9.999430541000038,0.39486257606619973]],"motion":[]},"serverReceivedTimestamp":"2020-01-26T16:32:06.677Z"}