{"timestamp":"2020-01-26T16:32:06.592Z","videoElapsedSeconds":790.700065083,"metrics":{"time":[[0,0],[0.5000292089999903,0.5000292089999903],[0.9990459169999895,0.4990167079999992],[1.500039749999928,0.5009938329999386],[2.000042084000029,0.5000023340001007],[2.5000502089999372,0.5000081249999084],[3.0000653339999417,0.5000151250000044],[3.500025500999982,0.4999601670000402],[4.000051833999919,0.500026332999937],[4.500090085000011,0.5000382510000918],[5.000036167999951,0.4999460829999407],[5.499069374999976,0.49903320700002496],[6.000042583999971,0.5009732089999943],[6.500067584000021,0.5000250000000506],[6.9991815839999845,0.4991139999999632],[7.500051584999937,0.5008700009999529],[8.000044000999992,0.4999924160000546],[8.499377834000029,0.499333833000037],[9.000052958999959,0.5006751249999297],[9.29993491699986,0.2998819579999008]],"bpm":[[0,157],[0.5000292089999903,157],[0.9990459169999895,163],[1.500039749999928,163],[2.000042084000029,163],[2.5000502089999372,163],[3.0000653339999417,163],[3.500025500999982,163],[4.000051833999919,163],[4.500090085000011,163],[5.000036167999951,163],[5.499069374999976,163],[6.000042583999971,163],[6.500067584000021,163],[6.9991815839999845,163],[7.500051584999937,163],[8.000044000999992,163],[8.499377834000029,163],[9.000052958999959,163],[9.29993491699986,163]],"kcal":[[0,0.12305503758909475],[0.5000292089999903,0.12294246992539565],[0.9990459169999895,0.12802718422498127],[1.500039749999928,0.12853443326603553],[2.000042084000029,0.12828005536029388],[2.5000502089999372,0.12828154109291032],[3.0000653339999417,0.12828333700532668],[3.500025500999982,0.12826923704058954],[4.000051833999919,0.12828621251760747],[4.500090085000011,0.12828927018677355],[5.000036167999951,0.12826562366483185],[5.499069374999976,0.12803141719049516],[6.000042583999971,0.12852914199502596],[6.500067584000021,0.1282858705246054],[6.9991815839999845,0.12805214535474568],[7.500051584999937,0.12850266306271177],[8.000044000999992,0.1282775108089819],[8.499377834000029,0.1281085454703089],[9.000052958999959,0.12845266588795584],[9.29993491699986,0.0769373892038129]],"reps":[],"score":[[0,0.395660209754482],[0.5000292089999903,0.39529826971282783],[0.9990459169999895,0.4147730784538039],[1.500039749999928,0.4164164266815607],[2.000042084000029,0.41559231180553813],[2.5000502089999372,0.4155971251730648],[3.0000653339999417,0.41560294343835025],[3.500025500999982,0.41555726340706994],[4.000051833999919,0.41561225931206913],[4.500090085000011,0.4156221653243007],[5.000036167999951,0.41554555705739354],[5.499069374999976,0.4147867921049149],[6.000042583999971,0.4163992844099498],[6.500067584000021,0.4156111513482322],[6.9991815839999845,0.41485394569068607],[7.500051584999937,0.4163134999077238],[8.000044000999992,0.4155840681548842],[8.499377834000029,0.4150366666471682],[9.000052958999959,0.41615152272910316],[9.29993491699986,0.24925610886033375]],"motion":[]},"serverReceivedTimestamp":"2020-01-26T16:32:16.156Z"}