{"timestamp":"2020-01-26T16:32:36.091Z","videoElapsedSeconds":820.200096584,"metrics":{"time":[[0,0],[0.49999304200002825,0.49999304200002825],[0.9999843739999505,0.4999913319999223],[1.4999829990000535,0.49999862500010295],[2.0000171660000206,0.5000341669999671],[2.49998395800003,0.49996679200000926],[2.9999794159999738,0.49999545799994394],[3.5000319990000435,0.5000525830000697],[4.0000116260000596,0.4999796270000161],[4.500026042000059,0.5000144159999991],[5.000039999000023,0.5000139569999646],[5.500000791000048,0.4999607920000244],[5.999058998999999,0.49905820799995126],[6.50000149899995,0.500942499999951],[7.000032874999988,0.5000313760000381],[7.500000125000042,0.49996725000005426],[7.9999949159999915,0.49999479099994915],[8.499442333000047,0.4994474170000558],[9.00001870799997,0.5005763749999232],[9.500008957999967,0.4999902499999962],[10.00008070900003,0.5000717510000641]],"bpm":[[0,164],[0.49999304200002825,163],[0.9999843739999505,163],[1.4999829990000535,163],[2.0000171660000206,163],[2.49998395800003,163],[2.9999794159999738,163],[3.5000319990000435,163],[4.0000116260000596,163],[4.500026042000059,163],[5.000039999000023,163],[5.500000791000048,163],[5.999058998999999,162],[6.50000149899995,162],[7.000032874999988,162],[7.500000125000042,162],[7.9999949159999915,162],[8.499442333000047,162],[9.00001870799997,162],[9.500008957999967,162],[10.00008070900003,162]],"kcal":[[0,0.05169301204451513],[0.49999304200002825,0.12827767141485474],[0.9999843739999505,0.12827723269908614],[1.4999829990000535,0.12827910378328575],[2.0000171660000206,0.12828822240014043],[2.49998395800003,0.12827093674338091],[2.9999794159999738,0.12827829126116716],[3.5000319990000435,0.12829294718911047],[4.0000116260000596,0.12827422967703234],[4.500026042000059,0.1282831551050559],[5.000039999000023,0.12828303734450597],[5.500000791000048,0.12826939738990614],[5.999058998999999,0.12714881440816114],[6.50000149899995,0.12762888965781777],[7.000032874999988,0.12739675574135131],[7.500000125000042,0.12738041787787172],[7.9999949159999915,0.1273874347056247],[8.499442333000047,0.12724797611340313],[9.00001870799997,0.12753560923695204],[9.500008957999967,0.1273862777609016],[10.00008070900003,0.12740704238387665]],"reps":[],"score":[[0,0.25077223624808576],[0.49999304200002825,0.619608919075483],[0.9999843739999505,0.6196067999833591],[1.4999829990000535,0.6196158377250458],[2.0000171660000206,0.6196598826182097],[2.49998395800003,0.6195763891545216],[2.9999794159999738,0.6196119130673399],[3.5000319990000435,0.6196827043716319],[4.0000116260000596,0.6195922947368248],[4.500026042000059,0.6196354064861183],[5.000039999000023,0.6196348376771723],[5.500000791000048,0.6195689537440403],[5.999058998999999,0.611453206970995],[6.50000149899995,0.6137618683010774],[7.000032874999988,0.6126455462312977],[7.500000125000042,0.6125669781450269],[7.9999949159999915,0.6126007217693956],[8.499442333000047,0.6119300713677348],[9.00001870799997,0.613313286749205],[9.500008957999967,0.6125951580717356],[10.00008070900003,0.6126950142549703]],"motion":[]},"serverReceivedTimestamp":"2020-01-26T16:32:46.683Z"}