{"timestamp":"2020-01-26T16:32:46.590Z","videoElapsedSeconds":830.700165168,"metrics":{"time":[[0,0],[0.5000107920000119,0.5000107920000119],[0.9999169999999822,0.4999062079999703],[1.4993434149999985,0.4994264150000163],[1.9999562069999683,0.5006127919999699],[2.4999305420000155,0.4999743350000472],[2.999988832999975,0.5000582909999594],[3.500137873999961,0.500149040999986],[3.9999629159999586,0.49982504199999767],[4.499787125000012,0.4998242090000531],[4.9999335410000185,0.5001464160000069],[5.4999714580000045,0.500037916999986],[5.999989708000044,0.5000182500000392],[6.499421331999997,0.49943162399995344],[6.999984915000027,0.5005635830000301],[7.498974083000007,0.49898916799998005],[8.000021249000042,0.5010471660000348],[8.499941791999959,0.4999205429999165],[8.999936625000032,0.4999948330000734],[9.299834831999874,0.29989820699984193]],"bpm":[[0,162],[0.5000107920000119,160],[0.9999169999999822,160],[1.4993434149999985,160],[1.9999562069999683,160],[2.4999305420000155,160],[2.999988832999975,160],[3.500137873999961,160],[3.9999629159999586,160],[4.499787125000012,160],[4.9999335410000185,160],[5.4999714580000045,157],[5.999989708000044,157],[6.499421331999997,157],[6.999984915000027,157],[7.498974083000007,157],[8.000021249000042,157],[8.499941791999959,157],[8.999936625000032,157],[9.299834831999874,157]],"kcal":[[0,0.12738567266428077],[0.5000107920000119,0.1256100835312751],[0.9999169999999822,0.12558381048838996],[1.4993434149999985,0.1254632794123288],[1.9999562069999683,0.1257613148076603],[2.4999305420000155,0.1256009249953312],[2.999988832999975,0.12562201598042722],[3.500137873999961,0.12564481371852845],[3.9999629159999586,0.12556342039241686],[4.499787125000012,0.12556321113054833],[4.9999335410000185,0.1256441542798285],[5.4999714580000045,0.12294461096637552],[5.999989708000044,0.12293977542975891],[6.499421331999997,0.12279554135687899],[6.999984915000027,0.12307385676889668],[7.498974083000007,0.12268675444505273],[8.000021249000042,0.1231927555999338],[8.499941791999959,0.12291575215330251],[8.999936625000032,0.12293401787847548],[9.299834831999874,0.07373614507139495]],"reps":[],"score":[[0,0.612592248187982],[0.5000107920000119,0.5985991482696513],[0.9999169999999822,0.5984739431853829],[1.4993434149999985,0.5978995482208874],[1.9999562069999683,0.599319846088576],[2.4999305420000155,0.5985555029534372],[2.999988832999975,0.5986560127641126],[3.500137873999961,0.5987646561645963],[3.9999629159999586,0.5983767734857895],[4.499787125000012,0.5983757762411994],[4.9999335410000185,0.5987615135869222],[5.4999714580000045,0.5775987133952246],[5.999989708000044,0.5775759958502557],[6.499421331999997,0.5768983783909106],[6.999984915000027,0.578205915359273],[7.498974083000007,0.5763872931159141],[8.000021249000042,0.5787645068362921],[8.499941791999959,0.5774631335339354],[8.999936625000032,0.5775489466434016],[9.299834831999874,0.34641536696235836]],"motion":[]},"serverReceivedTimestamp":"2020-01-26T16:32:56.161Z"}