{"timestamp":"2020-01-26T16:32:56.091Z","videoElapsedSeconds":840.200101542,"metrics":{"time":[[0,0],[0.5000730410000642,0.5000730410000642],[1.000074541999993,0.5000015009999288],[1.4999917920000598,0.4999172500000668],[2.0000349580000147,0.5000431659999549],[2.5000857910000605,0.5000508330000457],[3.000019709000071,0.49993391800001064],[3.5000072920000775,0.49998758300000645],[3.999522250000041,0.49951495799996337],[4.500014792000002,0.5004925419999608],[5.000036582999996,0.5000217909999947],[5.500010208000049,0.4999736250000524],[6.000014125000007,0.5000039169999582],[6.500048333999985,0.5000342089999776],[7.000033626000004,0.4999852920000194],[7.5000227090000635,0.4999890830000595],[8.000105709000081,0.5000830000000178],[8.500045792000037,0.49994008299995585],[8.999494958000014,0.4994491659999767],[9.500040624999997,0.500545666999983],[9.999086875999978,0.49904625099998157]],"bpm":[[0,157],[0.5000730410000642,157],[1.000074541999993,157],[1.4999917920000598,157],[2.0000349580000147,157],[2.5000857910000605,157],[3.000019709000071,157],[3.5000072920000775,157],[3.999522250000041,157],[4.500014792000002,157],[5.000036582999996,157],[5.500010208000049,157],[6.000014125000007,157],[6.500048333999985,146],[7.000033626000004,146],[7.5000227090000635,146],[8.000105709000081,146],[8.500045792000037,146],[8.999494958000014,146],[9.500040624999997,146],[9.999086875999978,146]],"kcal":[[0,0.04919908150679875],[0.5000730410000642,0.12295324692452667],[1.000074541999993,0.12293565734344457],[1.4999917920000598,0.1229149425015308],[2.0000349580000147,0.12294590154102433],[2.5000857910000605,0.12294778663075735],[3.000019709000071,0.12291904067228746],[3.5000072920000775,0.12293223531677877],[3.999522250000041,0.12281603073551045],[4.500014792000002,0.12305638987724857],[5.000036582999996,0.12294064605745965],[5.500010208000049,0.1229288034552821],[6.000014125000007,0.12293625136676481],[6.500048333999985,0.11314538713314846],[7.000033626000004,0.11313431842465203],[7.5000227090000635,0.11313517623429672],[8.000105709000081,0.11315642733097653],[8.500045792000037,0.11312408874491806],[8.999494958000014,0.11301300635692711],[9.500040624999997,0.11326111744193812],[9.999086875999978,0.1129218366472639]],"reps":[],"score":[[0,0.23113925820079811],[0.5000730410000642,0.5776392854729906],[1.000074541999993,0.5775566489155822],[1.4999917920000598,0.5774593297574382],[2.0000349580000147,0.5776047765666873],[2.5000857910000605,0.5776136327938602],[3.000019709000071,0.5774785831280229],[3.5000072920000775,0.5775405720970553],[3.999522250000041,0.5769946383135113],[4.500014792000002,0.5781238552017464],[5.000036582999996,0.5775800860941129],[5.500010208000049,0.5775244490740986],[6.000014125000007,0.5775594396609659],[6.500048333999985,0.500474338814723],[7.000033626000004,0.5004253787580504],[7.5000227090000635,0.5004291730949264],[8.000105709000081,0.5005231727605726],[8.500045792000037,0.5003801299650517],[8.999494958000014,0.49988878086021976],[9.500040624999997,0.5009862469997572],[9.999086875999978,0.4994855112146802]],"motion":[]},"serverReceivedTimestamp":"2020-01-26T16:33:06.692Z"}