{"timestamp":"2020-01-26T16:33:06.589Z","videoElapsedSeconds":850.700130001,"metrics":{"time":[[0,0],[0.4999782499999128,0.4999782499999128],[0.9991906660000041,0.49921241600009125],[1.4999567069999102,0.5007660409999062],[1.9999877069999457,0.5000310000000354],[2.5000484979999555,0.5000607910000099],[3.0000095819999615,0.49996108400000594],[3.4999866239999164,0.49997704199995496],[3.9999831659999927,0.49999654200007626],[4.4999772909999365,0.4999941249999438],[5.000102998999978,0.5001257080000414],[5.499979290999931,0.49987629199995354],[5.999969123999904,0.49998983299997235],[6.50001066599998,0.5000415420000763],[6.999993832999962,0.49998316699998213],[7.499977914999931,0.499984081999969],[8.000008039999898,0.5000301249999666],[8.499969581999949,0.49996154200005094],[8.999955831999955,0.4999862500000063],[9.299869998999839,0.2999141669998835]],"bpm":[[0,146],[0.4999782499999128,146],[0.9991906660000041,145],[1.4999567069999102,145],[1.9999877069999457,145],[2.5000484979999555,145],[3.0000095819999615,145],[3.4999866239999164,145],[3.9999831659999927,145],[4.4999772909999365,145],[5.000102998999978,145],[5.499979290999931,145],[5.999969123999904,134],[6.50001066599998,134],[6.999993832999962,134],[7.499977914999931,134],[8.000008039999898,134],[8.499969581999949,134],[8.999955831999955,134],[9.299869998999839,134]],"kcal":[[0,0.11335070345085323],[0.4999782499999128,0.11313272499401485],[0.9991906660000041,0.1120701439651424],[1.4999567069999102,0.11241892330599332],[1.9999877069999457,0.11225391108266794],[2.5000484979999555,0.11226059898054268],[3.0000095819999615,0.11223821536690118],[3.4999866239999164,0.1122417978406025],[3.9999831659999927,0.11224617547174884],[4.4999772909999365,0.11224563286995422],[5.000102998999978,0.11227517245128606],[5.499979290999931,0.11221918007982018],[5.999969123999904,0.10244722675730565],[6.50001066599998,0.10245782186006455],[6.999993832999962,0.10244586090310726],[7.499977914999931,0.10244604838534178],[8.000008039999898,0.1024554825324984],[8.499969581999949,0.10244142997046549],[8.999955831999955,0.10244649260555742],[9.299869998999839,0.061451998913680306]],"reps":[],"score":[[0,0.5013825114849021],[0.4999782499999128,0.5004183305595794],[0.9991906660000041,0.49265242732746195],[1.4999567069999102,0.49418563664434584],[1.9999877069999457,0.49346025458018766],[2.5000484979999555,0.49348965410628026],[3.0000095819999615,0.49339125732367006],[3.4999866239999164,0.49340700562471024],[3.9999831659999927,0.49342624938164564],[4.4999772909999365,0.4934238641425291],[5.000102998999978,0.4935537180530398],[5.499979290999931,0.4933075795478277],[5.999969123999904,0.4163063812031941],[6.50001066599998,0.4163494356520811],[6.999993832999962,0.41630083089366804],[7.499977914999931,0.4163015927498263],[8.000008039999898,0.4163399295187836],[8.499969581999949,0.4162828252766121],[8.999955831999955,0.416303397891032],[9.299869998999839,0.24971744082503936]],"motion":[]},"serverReceivedTimestamp":"2020-01-26T16:33:16.176Z"}