{"timestamp":"2020-01-26T16:33:16.090Z","videoElapsedSeconds":860.200177251,"metrics":{"time":[[0,0],[0.49992758299993056,0.49992758299993056],[0.9999148739999555,0.4999872910000249],[1.4999216239999669,0.5000067500000114],[1.9993459989999565,0.4994243749999896],[2.499949999000023,0.5006040000000667],[2.999923458000012,0.4999734589999889],[3.49990333300002,0.4999798750000082],[3.999965082000017,0.5000617489999968],[4.499944039999946,0.49997895799992875],[4.999935415999971,0.4999913760000254],[5.499946708000039,0.5000112920000674],[5.999938917000009,0.49999220899997],[6.49995787499995,0.5000189579999414],[6.999930289999952,0.499972415000002],[7.499906872999986,0.4999765830000342],[7.999914332999992,0.5000074600000062],[8.499701582999933,0.4997872499999403],[8.999938790999977,0.5002372080000441],[9.49999354099998,0.5000547500000039],[9.999912042000005,0.49991850100002466]],"bpm":[[0,134],[0.49992758299993056,134],[0.9999148739999555,134],[1.4999216239999669,133],[1.9993459989999565,133],[2.499949999000023,133],[2.999923458000012,133],[3.49990333300002,133],[3.999965082000017,133],[4.499944039999946,133],[4.999935415999971,133],[5.499946708000039,133],[5.999938917000009,133],[6.49995787499995,132],[6.999930289999952,132],[7.499906872999986,132],[7.999914332999992,132],[8.499701582999933,132],[8.999938790999977,132],[9.49999354099998,132],[9.999912042000005,132]],"kcal":[[0,0.04101604246993813],[0.49992758299993056,0.10243447181820686],[0.9999148739999555,0.10244670590502455],[1.4999216239999669,0.10155998629288189],[1.9993459989999565,0.10144169589576318],[2.499949999000023,0.10168129805881113],[2.999923458000012,0.10155322431715665],[3.49990333300002,0.10155452751731146],[3.999965082000017,0.10157115753743935],[4.499944039999946,0.10155434125879496],[4.999935415999971,0.10155686356858298],[5.499946708000039,0.10156090885135423],[5.999938917000009,0.10155703276522472],[6.49995787499995,0.10067173746643078],[6.999930289999952,0.10066236669239145],[7.499906872999986,0.10066320586018355],[7.999914332999992,0.10066942250694304],[8.499701582999933,0.10062508634136484],[8.999938790999977,0.10071567901376784],[9.49999354099998,0.10067894367886739],[9.999912042000005,0.10065151187185985]],"reps":[],"score":[[0,0.16667352306556024],[0.49992758299993056,0.4162545500047639],[0.9999148739999555,0.416304264658558],[1.4999216239999669,0.4093099343959433],[1.9993459989999565,0.4088331970857915],[2.499949999000023,0.40979884851228393],[2.999923458000012,0.4092826820897791],[3.49990333300002,0.4092879342839684],[3.999965082000017,0.4093549570622891],[4.499944039999946,0.4092871836196177],[4.999935415999971,0.40929734910399346],[5.499946708000039,0.4093136525172386],[5.999938917000009,0.4092980310050931],[6.49995787499995,0.40230922440168215],[6.999930289999952,0.40227177646514417],[7.499906872999986,0.40227512998771253],[7.999914332999992,0.40229997324957656],[8.499701582999933,0.4021227949388054],[8.999938790999977,0.4024848257201165],[9.49999354099998,0.40233802221335413],[9.999912042000005,0.4022283979108549]],"motion":[]},"serverReceivedTimestamp":"2020-01-26T16:33:26.675Z"}