{"timestamp":"2020-01-26T16:33:26.589Z","videoElapsedSeconds":870.70013371,"metrics":{"time":[[0,0],[0.49997524799994153,0.49997524799994153],[0.9999677060000067,0.4999924580000652],[1.499957581999979,0.49998987599997236],[1.9999820399999635,0.5000244579999844],[2.5000309989999323,0.5000489589999688],[3.0000493739999,0.5000183749999678],[3.499957708000011,0.4999083340001107],[4.00004916599994,0.5000914579999289],[4.500016791000007,0.49996762500006753],[4.999976290999939,0.4999594999999317],[5.4999949159999915,0.5000186250000525],[5.999989123999967,0.4999942079999755],[6.499684748999925,0.49969562499995845],[6.999994873999981,0.5003101250000555],[7.499990040999933,0.49999516699995183],[8.000081540999986,0.5000915000000532],[8.500047289999998,0.4999657490000118],[8.99999887399997,0.4999515839999731],[9.29986628999984,0.29986741599987]],"bpm":[[0,132],[0.49997524799994153,132],[0.9999677060000067,132],[1.499957581999979,132],[1.9999820399999635,132],[2.5000309989999323,132],[3.0000493739999,132],[3.499957708000011,132],[4.00004916599994,132],[4.500016791000007,132],[4.999976290999939,132],[5.4999949159999915,132],[5.999989123999967,132],[6.499684748999925,132],[6.999994873999981,132],[7.499990040999933,132],[8.000081540999986,132],[8.500047289999998,132],[8.99999887399997,132],[9.29986628999984,132]],"kcal":[[0,0.10067686327562601],[0.49997524799994153,0.10066293707681705],[0.9999677060000067,0.100666402066667],[1.499957581999979,0.10066588221750661],[1.9999820399999635,0.1006728448135654],[2.5000309989999323,0.10067777774300463],[3.0000493739999,0.10067162008764073],[3.499957708000011,0.10064946489038087],[4.00004916599994,0.10068633431490678],[4.500016791000007,0.10066140229372585],[4.999976290999939,0.1006597664399897],[5.4999949159999915,0.10067167042161804],[5.999989123999967,0.10066675440437083],[6.499684748999925,0.10060663894492927],[6.999994873999981,0.10073035981929439],[7.499990040999933,0.10066694748543766],[8.000081540999986,0.10068634277103714],[8.500047289999998,0.10066102458767674],[8.99999887399997,0.10065817266548],[9.29986628999984,0.06037405841376004]],"reps":[],"score":[[0,0.4023297084061671],[0.49997524799994153,0.40227405586273535],[0.9999677060000067,0.4022879028213175],[1.499957581999979,0.40228582537517643],[1.9999820399999635,0.40231364963539795],[2.5000309989999323,0.4023333628445535],[3.0000493739999,0.40230875532693317],[3.499957708000011,0.4022202176653173],[4.00004916599994,0.4023675570274705],[4.500016791000007,0.4022679224889545],[4.999976290999939,0.4022613852118161],[5.4999949159999915,0.40230895647398673],[5.999989123999967,0.4022893108501439],[6.499684748999925,0.4020490745686299],[6.999994873999981,0.4025434938590959],[7.499990040999933,0.4022900824499613],[8.000081540999986,0.402367590820264],[8.500047289999998,0.40226641308193034],[8.99999887399997,0.4022550160937001],[9.29986628999984,0.24126970712630139]],"motion":[]},"serverReceivedTimestamp":"2020-01-26T16:33:36.181Z"}