{"timestamp":"2020-01-26T16:33:56.089Z","videoElapsedSeconds":900.200203375,"metrics":{"time":[[0,0],[0.4999057920000496,0.4999057920000496],[0.999914667999974,0.5000088759999244],[1.4998874589999787,0.4999727910000047],[1.9998852920000445,0.49999783300006584],[2.4999353340000425,0.500050041999998],[2.999901292000004,0.4999659579999616],[3.4999876670000276,0.5000863750000235],[3.9999098749999575,0.4999222079999299],[4.499889959000029,0.49998008400007166],[4.999948624000012,0.5000586649999832],[5.499949999000023,0.5000013750000107],[5.9998878330000025,0.4999378339999794],[6.499897000000033,0.5000091670000302],[6.999936875000003,0.5000398749999704],[7.499907874999963,0.49997099999995953],[7.999938500999974,0.5000306260000116],[8.499441208999997,0.4995027080000227],[8.999941001000025,0.5004997920000278],[9.49919700099997,0.49925599999994574],[9.999926082999991,0.5007290820000208]],"bpm":[[0,129],[0.4999057920000496,129],[0.999914667999974,129],[1.4998874589999787,128],[1.9998852920000445,128],[2.4999353340000425,128],[2.999901292000004,128],[3.4999876670000276,128],[3.9999098749999575,128],[4.499889959000029,128],[4.999948624000012,128],[5.499949999000023,128],[5.9998878330000025,128],[6.499897000000033,122],[6.999936875000003,122],[7.499907874999963,122],[7.999938500999974,122],[8.499441208999997,122],[8.999941001000025,122],[9.49919700099997,122],[9.999926082999991,122]],"kcal":[[0,0.03923819437110214],[0.4999057920000496,0.09797737242804459],[0.999914667999974,0.09799757603362136],[1.4998874589999787,0.09709985743394164],[1.9998852920000445,0.09710472084787049],[2.4999353340000425,0.09711486037254352],[2.999901292000004,0.09709853039506675],[3.4999876670000276,0.09712191661477534],[3.9999098749999575,0.09709003369516173],[4.499889959000029,0.0971012738095515],[4.999948624000012,0.0971165350478144],[5.499949999000023,0.09710540874068357],[5.9998878330000025,0.09709306842505977],[6.499897000000033,0.09176265578719621],[6.999936875000003,0.09176829137913012],[7.499907874999963,0.09175565130503657],[7.999938500999974,0.09176659398465094],[8.499441208999997,0.0916697094454984],[8.999941001000025,0.09185269624238523],[9.49919700099997,0.09162443311301267],[9.999926082999991,0.09189477598958475]],"reps":[],"score":[[0,0.15266014168006095],[0.4999057920000496,0.3811908217499677],[0.999914667999974,0.38126942590949214],[1.4998874589999787,0.3742318539146553],[1.9998852920000445,0.3742505979628862],[2.4999353340000425,0.37428967663114043],[2.999901292000004,0.3742267393837849],[3.4999876670000276,0.374316872042976],[3.9999098749999575,0.37419399231451367],[4.499889959000029,0.3742373127575859],[4.999948624000012,0.374296130984915],[5.499949999000023,0.3742532491655712],[5.9998878330000025,0.37420568844492924],[6.499897000000033,0.3321956837586351],[6.999936875000003,0.33221608551466336],[7.499907874999963,0.332170326398166],[7.999938500999974,0.3322099406715921],[8.499441208999997,0.3318592029400681],[8.999941001000025,0.332521644797152],[9.49919700099997,0.33169529527960256],[9.999926082999991,0.33267398030088624]],"motion":[]},"serverReceivedTimestamp":"2020-01-26T16:34:06.670Z"}