{"timestamp":"2020-01-26T16:34:06.587Z","videoElapsedSeconds":910.700124458,"metrics":{"time":[[0,0],[0.49997325100002854,0.49997325100002854],[0.9999819170000137,0.5000086659999852],[1.4999609179999425,0.49997900099992876],[1.9999592089999396,0.49999829099999715],[2.500022125999976,0.5000629170000366],[3.0000189590000446,0.49999683300006836],[3.500039085000026,0.5000201259999812],[3.9999972929999785,0.4999582079999527],[4.500050958999964,0.5000536659999852],[4.999976251000021,0.4999252920000572],[5.499994460000039,0.500018209000018],[6.000031293000006,0.5000368329999674],[6.50004383299995,0.5000125399999433],[7.0000818329999674,0.5000380000000177],[7.499968125000009,0.499886292000042],[8.000069332999942,0.5001012079999327],[8.500005834000035,0.4999365010000929],[9.000056375999975,0.5000505419999399],[9.299875541999882,0.29981916599990655]],"bpm":[[0,122],[0.49997325100002854,122],[0.9999819170000137,114],[1.4999609179999425,114],[1.9999592089999396,114],[2.500022125999976,114],[3.0000189590000446,114],[3.500039085000026,114],[3.9999972929999785,114],[4.500050958999964,114],[4.999976251000021,114],[5.499994460000039,114],[6.000031293000006,114],[6.50004383299995,114],[7.0000818329999674,114],[7.499968125000009,114],[8.000069332999942,114],[8.500005834000035,114],[9.000056375999975,114],[9.299875541999882,114]],"kcal":[[0,0.09176005583177149],[0.49997325100002854,0.09175606441295166],[0.9999819170000137,0.008142502234513647],[1.4999609179999425,0.008142019148228007],[1.9999592089999396,0.008142333280520787],[2.500022125999976,0.008143385696979762],[3.0000189590000446,0.008142309537396947],[3.500039085000026,0.00814268885743025],[3.9999972929999785,0.008141680539999231],[4.500050958999964,0.008143235047013649],[4.999976251000021,0.008141144512084265],[5.499994460000039,0.008142657639618349],[6.000031293000006,0.008142960926284191],[6.50004383299995,0.008142565321526855],[7.0000818329999674,0.008142979930555846],[7.499968125000009,0.008140509407917352],[8.000069332999942,0.008144009255276682],[8.500005834000035,0.008141327047536236],[9.000056375999975,0.008143184173540688],[9.299875541999882,0.004882471835206811]],"reps":[],"score":[[0,0.33218627149868424],[0.49997325100002854,0.33217182191576133],[0.9999819170000137,0.27611087676224455],[1.4999609179999425,0.27609449538781705],[1.9999592089999396,0.27610514756085686],[2.500022125999976,0.2761408348253902],[3.0000189590000446,0.27610434243553394],[3.500039085000026,0.27611720511385474],[3.9999972929999785,0.27608301323991785],[4.500050958999964,0.2761357263104608],[4.999976251000021,0.2760648366237736],[5.499994460000039,0.27611614652312105],[6.000031293000006,0.2761264309227815],[6.50004383299995,0.2761130160322168],[7.0000818329999674,0.2761270753544264],[7.499968125000009,0.2760433003486445],[8.000069332999942,0.27616197958201616],[8.500005834000035,0.2760710263701479],[9.000056375999975,0.2761340011995774],[9.299875541999882,0.16556379603701027]],"motion":[]},"serverReceivedTimestamp":"2020-01-26T16:34:16.164Z"}