{"timestamp":"2020-01-26T16:34:16.088Z","videoElapsedSeconds":920.200159,"metrics":{"time":[[0,0],[0.49995012500005487,0.49995012500005487],[0.9999703319999753,0.5000202069999204],[1.4999545409999655,0.4999842089999902],[1.999803457999974,0.49984891700000844],[2.499944375000041,0.500140917000067],[2.9999879580000197,0.5000435829999788],[3.4999222080000436,0.4999342500000239],[3.999987709000038,0.5000655009999946],[4.499961624999969,0.4999739159999308],[5.00001470899997,0.500053084000001],[5.499120001000051,0.49910529200008114],[5.999941958000022,0.500821956999971],[6.500012625000068,0.5000706670000454],[6.999984500999972,0.4999718759999041],[7.499961625999958,0.4999771249999867],[7.999552666999989,0.4995910410000306],[8.499951084000031,0.5003984170000422],[8.999947709000025,0.4999966249999943],[9.499975709000068,0.500028000000043],[9.999983541999995,0.5000078329999269]],"bpm":[[0,114],[0.49995012500005487,114],[0.9999703319999753,114],[1.4999545409999655,114],[1.999803457999974,114],[2.499944375000041,114],[2.9999879580000197,114],[3.4999222080000436,114],[3.999987709000038,114],[4.499961624999969,114],[5.00001470899997,114],[5.499120001000051,114],[5.999941958000022,114],[6.500012625000068,114],[6.999984500999972,114],[7.499961625999958,114],[7.999552666999989,114],[8.499951084000031,114],[8.999947709000025,114],[9.499975709000068,114],[9.999983541999995,114]],"kcal":[[0,0.0032595337152793867],[0.49995012500005487,0.008141548910591172],[0.9999703319999753,0.00814269017649176],[1.4999545409999655,0.00814210395906234],[1.999803457999974,0.00813990076642375],[2.499944375000041,0.00814465590531359],[2.9999879580000197,0.008143070848159377],[3.4999222080000436,0.008141290390625389],[3.999987709000038,0.0081434277767013],[4.499961624999969,0.00814193634041554],[5.00001470899997,0.008143225569305572],[5.499120001000051,0.008127791039862433],[5.999941958000022,0.00815574645253425],[6.500012625000068,0.008143511903577129],[6.999984500999972,0.008141903119581772],[7.499961625999958,0.008141988598090061],[7.999552666999989,0.008135701327396333],[8.499951084000031,0.008148849221285408],[8.999947709000025,0.008142306150173518],[9.499975709000068,0.008142817083334032],[9.999983541999995,0.008142488669339087]],"reps":[],"score":[[0,0.11053023825367662],[0.49995012500005487,0.27607854970890244],[0.9999703319999753,0.27611724984300795],[1.4999545409999655,0.2760973713088979],[1.999803457999974,0.27602266141830195],[2.499944375000041,0.2761839073756485],[2.9999879580000197,0.27613015835502025],[3.4999222080000436,0.2760697833404868],[3.999987709000038,0.2761422617416468],[4.499961624999969,0.27609168738886974],[5.00001470899997,0.2761354049229793],[5.499120001000051,0.2756120226340688],[5.999941958000022,0.2765599859604218],[6.500012625000068,0.2761451144698101],[6.999984500999972,0.27609056087600253],[7.499961625999958,0.2760934594377945],[7.999552666999989,0.2758802591495184],[8.499951084000031,0.2763261020126499],[8.999947709000025,0.2761042275753591],[9.499975709000068,0.2761215532326145],[9.999983541999995,0.27611041676946424]],"motion":[]},"serverReceivedTimestamp":"2020-01-26T16:34:26.652Z"}