{"timestamp":"2020-01-26T16:34:26.587Z","videoElapsedSeconds":930.700159625,"metrics":{"time":[[0,0],[0.4999616260000721,0.4999616260000721],[0.9998872920000395,0.49992566599996735],[1.499945165999975,0.5000578739999355],[1.999160583000048,0.4992154170000731],[2.499957375000008,0.5007967919999601],[2.9999841250000827,0.5000267500000746],[3.4995010840000305,0.49951695899994775],[3.999985084000059,0.5004840000000286],[4.499962333999974,0.49997724999991533],[4.999957542000061,0.4999952080000867],[5.49994279200007,0.4999852500000088],[5.99997595800005,0.5000331659999802],[6.499930833999997,0.49995487599994703],[7.000057708999975,0.5001268749999781],[7.50000362600008,0.4999459170001046],[7.999953834000053,0.4999502079999729],[8.49998662500002,0.5000327909999669],[8.99994991699998,0.49996329199996126],[9.299840374999917,0.2998904579999362]],"bpm":[[0,114],[0.4999616260000721,114],[0.9998872920000395,115],[1.499945165999975,115],[1.999160583000048,115],[2.499957375000008,115],[2.9999841250000827,115],[3.4995010840000305,115],[3.999985084000059,115],[4.499962333999974,115],[4.999957542000061,115],[5.49994279200007,117],[5.99997595800005,117],[6.499930833999997,117],[7.000057708999975,117],[7.50000362600008,117],[7.999953834000053,117],[8.49998662500002,117],[8.99994991699998,117],[9.299840374999917,117]],"kcal":[[0,0.008142639303020652],[0.4999616260000721,0.00814173620118173],[0.9998872920000395,0.008141150602568913],[1.499945165999975,0.00814330357312395],[1.999160583000048,0.008129584394897024],[2.499957375000008,0.00815533664749935],[2.9999841250000827,0.00814279672743177],[3.4995010840000305,0.008134494922603316],[3.999985084000059,0.008150242916667131],[4.499962333999974,0.008141990633679177],[4.999957542000061,0.008142283074723634],[5.49994279200007,0.008142120911458477],[5.99997595800005,0.00814290121020801],[6.499930833999997,0.008141626279304693],[7.000057708999975,0.0081444272352427],[7.50000362600008,0.00814148038448087],[7.999953834000053,0.00814155026222178],[8.49998662500002,0.008142895103436961],[8.99994991699998,0.008141763331527146],[9.299840374999917,0.0048836328056239605]],"reps":[],"score":[[0,0.2761155247321873],[0.4999616260000721,0.2760849007012238],[0.9998872920000395,0.2830744386862099],[1.499945165999975,0.2831492992263383],[1.999160583000048,0.28267227222298114],[2.499957375000008,0.2835676990251838],[2.9999841250000827,0.2831316757887165],[3.4995010840000305,0.28284301527171835],[3.999985084000059,0.28339058585451066],[4.499962333999974,0.28310364725224996],[4.999957542000061,0.28311381566560445],[5.49994279200007,0.29712863902672276],[5.99997595800005,0.2971571142984615],[6.499930833999997,0.2971105885236326],[7.000057708999975,0.29721280319655186],[7.50000362600008,0.297105264415711],[7.999953834000053,0.2971078144488388],[8.49998662500002,0.29715689144540014],[8.99994991699998,0.29711558994043497],[9.299840374999917,0.17821734469690861]],"motion":[]},"serverReceivedTimestamp":"2020-01-26T16:34:36.182Z"}