{"timestamp":"2020-01-26T16:34:36.087Z","videoElapsedSeconds":940.200095667,"metrics":{"time":[[0,0],[0.5000584169999911,0.5000584169999911],[1.0000537089999852,0.49999529199999415],[1.4999850419999348,0.4999313329999495],[1.9999935829999913,0.5000085410000565],[2.5000101670000276,0.5000165840000363],[2.999999915999979,0.4999897489999512],[3.500019040999973,0.5000191249999943],[4.000104999999962,0.5000859589999891],[4.500049332999993,0.4999443330000304],[5.0000184579999996,0.4999691250000069],[5.5000089169999455,0.499990458999946],[5.999436833999994,0.4994279170000482],[6.500005833999921,0.5005689999999277],[7.000012040999991,0.5000062070000695],[7.500007458000027,0.49999541700003647],[7.999763708999922,0.4997562509998943],[8.500038833999952,0.5002751250000301],[9.00001891599993,0.4999800819999791],[9.500029874999996,0.5000109590000648],[10.000083748999941,0.5000538739999456]],"bpm":[[0,117],[0.5000584169999911,117],[1.0000537089999852,128],[1.4999850419999348,128],[1.9999935829999913,128],[2.5000101670000276,128],[2.999999915999979,128],[3.500019040999973,128],[4.000104999999962,128],[4.500049332999993,128],[5.0000184579999996,128],[5.5000089169999455,128],[5.999436833999994,128],[6.500005833999921,128],[7.000012040999991,128],[7.500007458000027,128],[7.999763708999922,128],[8.500038833999952,128],[9.00001891599993,128],[9.500029874999996,128],[10.000083748999941,128]],"kcal":[[0,0.0032585023549675817],[0.5000584169999911,0.008143312415729022],[1.0000537089999852,0.09710422735952642],[1.4999850419999348,0.09709180586400158],[1.9999935829999913,0.09710680045158336],[2.5000101670000276,0.09710836248488884],[2.999999915999979,0.09710315085191717],[3.500019040999973,0.0971088559732108],[4.000104999999962,0.09712183582329076],[4.500049332999993,0.09709433059770153],[5.0000184579999996,0.09709914545904309],[5.5000089169999455,0.09710328874121739],[5.999436833999994,0.09699403729999109],[6.500005833999921,0.09721564735278411],[7.000012040999991,0.09710634716478439],[7.500007458000027,0.09710425163582008],[7.999763708999922,0.09705780313915209],[8.500038833999952,0.09715857380576895],[9.00001891599993,0.09710127342111295],[9.500029874999996,0.09710727005205022],[10.000083748999941,0.09711560458633933]],"reps":[],"score":[[0,0.11891181432031307],[0.5000584169999911,0.29717212033167406],[1.0000537089999852,0.3742486960130506],[1.4999850419999348,0.3742008224175428],[1.9999935829999913,0.3742586129484221],[2.5000101670000276,0.37426463316961744],[2.999999915999979,0.3742445470529078],[3.500019040999973,0.3742665351193679],[4.000104999999962,0.3743165606651032],[4.500049332999993,0.37421055297532263],[5.0000184579999996,0.3742291098973801],[5.5000089169999455,0.3742450784910563],[5.999436833999994,0.37382401330647785],[6.500005833999921,0.37467811899823217],[7.000012040999991,0.374256865939069],[7.500007458000027,0.3742487895761373],[7.999763708999922,0.37406977276314723],[8.500038833999952,0.37445815225602036],[9.00001891599993,0.3742373112605078],[9.500029874999996,0.37426042283216404],[10.000083748999941,0.37429254490011504]],"motion":[]},"serverReceivedTimestamp":"2020-01-26T16:34:46.676Z"}