{"timestamp":"2020-01-26T16:34:46.586Z","videoElapsedSeconds":950.70010975,"metrics":{"time":[[0,0],[0.49997133399995164,0.49997133399995164],[0.9999811679999766,0.500009834000025],[1.499419290999981,0.49943812300000445],[1.999870206999958,0.500450915999977],[2.500018415999989,0.5001482090000309],[2.999979790999987,0.49996137499999804],[3.4999771669999973,0.49999737600001026],[3.9999962919999916,0.5000191249999943],[4.500009126000009,0.5000128340000174],[4.99999508399992,0.4999859579999111],[5.500015291999944,0.5000202080000236],[5.999999541999955,0.49998425000001134],[6.500044709000008,0.500045167000053],[7.000034208999978,0.49998949999996967],[7.500064374999965,0.5000301659999877],[8.000045499999942,0.4999811249999766],[8.500019209000016,0.49997370900007354],[9.000000499999942,0.4999812909999264],[9.299890249999862,0.29988974999992024]],"bpm":[[0,128],[0.49997133399995164,141],[0.9999811679999766,141],[1.499419290999981,141],[1.999870206999958,141],[2.500018415999989,141],[2.999979790999987,141],[3.4999771669999973,141],[3.9999962919999916,141],[4.500009126000009,141],[4.99999508399992,141],[5.500015291999944,142],[5.999999541999955,142],[6.500044709000008,142],[7.000034208999978,142],[7.500064374999965,142],[8.000045499999942,142],[8.500019209000016,142],[9.000000499999942,142],[9.299890249999862,142]],"kcal":[[0,0.09709161184794898],[0.49997133399995164,0.10867794185061165],[0.9999811679999766,0.10868631053194332],[1.499419290999981,0.10856203865755704],[1.999870206999958,0.10878218779666295],[2.500018415999989,0.10871638887680343],[2.999979790999987,0.10867577707926528],[3.4999771669999973,0.10868360255708737],[3.9999962919999916,0.10868833010123806],[4.500009126000009,0.10868696263697927],[4.99999508399992,0.10868112064529273],[5.500015291999944,0.10957929621948682],[5.999999541999955,0.10957141603330284],[6.500044709000008,0.10958476597773621],[7.000034208999978,0.10957256656940395],[7.500064374999965,0.10958147851254292],[8.000045499999942,0.10957073119037247],[8.500019209000016,0.10956910597595684],[9.000000499999942,0.1095707675692175],[9.299890249999862,0.06572075932664619]],"reps":[],"score":[[0,0.37420007466168637],[0.49997133399995164,0.46536122926979456],[0.9999811679999766,0.4653970641390013],[1.499419290999981,0.46486492936313706],[1.999870206999958,0.46580761259997866],[2.500018415999989,0.46552586024334547],[2.999979790999987,0.46535195967342863],[3.4999771669999973,0.46538546853379986],[3.9999962919999916,0.46540571197713293],[4.500009126000009,0.4653998564664596],[4.99999508399992,0.4653748409353745],[5.500015291999944,0.47241744110411954],[5.999999541999955,0.4723834681044663],[6.500044709000008,0.47244102228491536],[7.000034208999978,0.47238842828708777],[7.500064374999965,0.47242684938959745],[8.000045499999942,0.4723805156147544],[8.500019209000016,0.47237350900253877],[9.000000499999942,0.4723806724509587],[9.299890249999862,0.2833348453555097]],"motion":[]},"serverReceivedTimestamp":"2020-01-26T16:34:56.151Z"}