{"timestamp":"2020-01-26T16:35:16.085Z","videoElapsedSeconds":980.200126458,"metrics":{"time":[[0,0],[0.5000955420000537,0.5000955420000537],[1.0000720829999636,0.49997654099990996],[1.50005679100002,0.49998470800005634],[1.9995293749999519,0.4994725839999319],[2.500005582999961,0.5004762080000091],[2.9999721679999993,0.4999665850000383],[3.499964292999948,0.49999212499994883],[4.000048543000048,0.5000842500000999],[4.500077208999983,0.5000286659999347],[4.99996550100002,0.4998882920000369],[5.499965625999948,0.5000001249999286],[5.999920833000033,0.49995520700008456],[6.499931875000016,0.5000110419999828],[7.000039833999949,0.5001079589999335],[7.499966042999972,0.49992620900002294],[7.9998404179999625,0.4998743749999903],[8.50000404299999,0.5001636250000274],[8.999992708000036,0.49998866500004624],[9.499977625000042,0.49998491700000613],[10.00002633300005,0.5000487080000084]],"bpm":[[0,133],[0.5000955420000537,133],[1.0000720829999636,133],[1.50005679100002,132],[1.9995293749999519,132],[2.500005582999961,132],[2.9999721679999993,132],[3.499964292999948,132],[4.000048543000048,132],[4.500077208999983,132],[4.99996550100002,132],[5.499965625999948,132],[5.999920833000033,132],[6.499931875000016,128],[7.000039833999949,128],[7.499966042999972,128],[7.9998404179999625,128],[8.50000404299999,128],[8.999992708000036,128],[9.499977625000042,128],[10.00002633300005,128]],"kcal":[[0,0.04064913189938748],[0.5000955420000537,0.1015780214780213],[1.0000720829999636,0.10155385032444501],[1.50005679100002,0.10066484171389682],[1.9995293749999519,0.1005617327975929],[2.500005582999961,0.10076379827977967],[2.9999721679999993,0.10066119290444522],[3.499964292999948,0.10066633502180848],[4.000048543000048,0.10068488308619868],[4.500077208999983,0.10067369203477465],[4.99996550100002,0.10064542971743903],[5.499965625999948,0.10066794570853309],[5.999920833000033,0.1006589021052547],[6.499931875000016,0.09710728617148782],[7.000039833999949,0.09712610844951483],[7.499966042999972,0.09709081073052368],[7.9998404179999625,0.09708074403468744],[8.50000404299999,0.09713691935916897],[8.999992708000036,0.09710294032798843],[9.499977625000042,0.09710221242783845],[10.00002633300005,0.09711460129602746]],"reps":[],"score":[[0,0.16382528314851164],[0.5000955420000537,0.40938262031010786],[1.0000720829999636,0.40928520504209026],[1.50005679100002,0.4022816672647595],[1.9995293749999519,0.4018696184694264],[2.500005582999961,0.40267712223823765],[2.9999721679999993,0.4022670857174713],[3.499964292999948,0.40228763489343916],[4.000048543000048,0.4023617575577218],[4.500077208999983,0.4023170353414181],[4.99996550100002,0.40220409211372343],[5.499965625999948,0.4022940715969593],[5.999920833000033,0.40225793111590386],[6.499931875000016,0.3742604849579712],[7.000039833999949,0.3743330277627404],[7.499966042999972,0.3741969870808475],[7.9998404179999625,0.374158189101683],[8.50000404299999,0.37437469401096457],[8.999992708000036,0.3742437356741661],[9.499977625000042,0.3742409302794952],[10.00002633300005,0.37428867812622535]],"motion":[]},"serverReceivedTimestamp":"2020-01-26T16:35:26.649Z"}