{"timestamp":"2020-01-22T16:18:06.534Z","videoElapsedSeconds":995.0257318,"metrics":{"time":[[0,0],[0.4996001580000211,0.4996001580000211],[0.9996613109999544,0.5000611529999333],[1.4995957259999386,0.49993441499998426],[1.9996821229999568,0.5000863970000182],[2.499563536999972,0.49988141400001496],[2.9995576569999685,0.49999411999999666],[3.499522737999996,0.49996508100002757],[3.999515889999998,0.49999315200000183],[4.499499806000017,0.49998391600001924],[4.9995660749999615,0.5000662689999444],[5.4994945319999715,0.49992845700001],[5.999612651000007,0.5001181190000352],[6.499483064999936,0.49987041399992904],[6.999480213999959,0.49999714900002346],[7.499505964000036,0.5000257500000771],[7.999435624999933,0.49992966099989644],[8.499413248999986,0.49997762400005286],[8.999570516999938,0.5001572679999526],[9.499424097999963,0.49985358100002486],[9.999407166999958,0.49998306899999534]],"bpm":[[0,154],[0.4996001580000211,154],[0.9996613109999544,154],[1.4995957259999386,154],[1.9996821229999568,154],[2.499563536999972,154],[2.9995576569999685,154],[3.499522737999996,154],[3.999515889999998,154],[4.499499806000017,153],[4.9995660749999615,153],[5.4994945319999715,153],[5.999612651000007,153],[6.499483064999936,152],[6.999480213999959,152],[7.499505964000036,151],[7.999435624999933,151],[8.499413248999986,150],[8.999570516999938,150],[9.499424097999963,149],[9.999407166999958,149]],"kcal":[[0,0.005966227288448384],[0.4996001580000211,0.11583830497507867],[0.9996613109999544,0.11594519220987379],[1.4995957259999386,0.11591580648039601],[1.9996821229999568,0.11595104533488546],[2.499563536999972,0.11590351756114707],[2.9995576569999685,0.11592964980267931],[3.499522737999996,0.11592291676130469],[3.999515889999998,0.11592942536023905],[4.499499806000017,0.1150366178244292],[4.9995660749999615,0.11505556565510118],[5.4994945319999715,0.11502385778238619],[5.999612651000007,0.11506749533614447],[6.499483064999936,0.11412003934508412],[6.999480213999959,0.11414897285023286],[7.499505964000036,0.1132647618562377],[7.999435624999933,0.11324299598173532],[8.499413248999986,0.11236320560815925],[8.999570516999938,0.11240357816630597],[9.499424097999963,0.11144489474162667],[9.999407166999958,0.11147376474891586]],"reps":[[0,0],[0.4996001580000211,1],[0.9996613109999544,0],[1.4995957259999386,0],[1.9996821229999568,0],[2.499563536999972,1],[2.9995576569999685,0],[3.499522737999996,0],[3.999515889999998,0],[4.499499806000017,1],[4.9995660749999615,0],[5.4994945319999715,0],[5.999612651000007,0],[6.499483064999936,1],[6.999480213999959,0],[7.499505964000036,0],[7.999435624999933,1],[8.499413248999986,0],[8.999570516999938,0],[9.499424097999963,0],[9.999407166999958,1]],"score":[],"motion":[]},"serverReceivedTimestamp":"2020-01-22T16:18:17.145Z"}