{"timestamp":"2020-01-22T16:18:17.032Z","videoElapsedSeconds":1005.5251448,"metrics":{"time":[[0,0],[0.5000250059999871,0.5000250059999871],[0.9994762449999826,0.49945123899999544],[1.4991142239999817,0.4996379789999992],[1.9991129740000133,0.4999987500000316],[2.4994053140000005,0.5002923399999872],[2.9991460999999617,0.4997407859999612],[3.499140976000035,0.4999948760000734],[3.999183435999953,0.5000424599999178],[4.499486610999952,0.5003031749999991],[4.999236563999943,0.49974995299999136],[5.499074600999961,0.4998380370000177],[5.999290604999942,0.5002160039999808],[6.499196935999976,0.4999063310000338],[6.999377396999989,0.5001804610000136],[7.4993432510000275,0.49996585400003823],[7.999333168000021,0.4999899169999935],[8.499674529999993,0.5003413619999719],[8.99946085800002,0.4997863280000274],[9.499684573999957,0.5002237159999368],[9.999546030000033,0.49986145600007603]],"bpm":[[0,149],[0.5000250059999871,149],[0.9994762449999826,149],[1.4991142239999817,149],[1.9991129740000133,149],[2.4994053140000005,149],[2.9991460999999617,149],[3.499140976000035,149],[3.999183435999953,148],[4.499486610999952,148],[4.999236563999943,148],[5.499074600999961,148],[5.999290604999942,148],[6.499196935999976,148],[6.999377396999989,147],[7.4993432510000275,147],[7.999333168000021,147],[8.499674529999993,147],[8.99946085800002,146],[9.499684573999957,146],[9.999546030000033,145]],"kcal":[[0,0.11147884009835007],[0.5000250059999871,0.11148311481607058],[0.9994762449999826,0.11135519054914352],[1.4991142239999817,0.11139682518063466],[1.9991129740000133,0.11147726090752094],[2.4994053140000005,0.11154271828921418],[2.9991460999999617,0.11141974652345381],[3.499140976000035,0.11147639717955345],[3.999183435999953,0.11059623592620649],[4.499486610999952,0.11065389922475619],[4.999236563999943,0.11053154107374549],[5.499074600999961,0.11055102293704215],[5.999290604999942,0.11063461929304011],[6.499196935999976,0.11056612777301571],[6.999377396999989,0.10973574193526886],[7.4993432510000275,0.10968865881187037],[7.999333168000021,0.10969393804878415],[8.499674529999993,0.1097710423757804],[8.99946085800002,0.10875895811278681],[9.499684573999957,0.10885413851388247],[9.999546030000033,0.10788485887612397]],"reps":[[0,0],[0.5000250059999871,0],[0.9994762449999826,0],[1.4991142239999817,1],[1.9991129740000133,0],[2.4994053140000005,0],[2.9991460999999617,0],[3.499140976000035,1],[3.999183435999953,0],[4.499486610999952,0],[4.999236563999943,0],[5.499074600999961,1],[5.999290604999942,0],[6.499196935999976,0],[6.999377396999989,0],[7.4993432510000275,1],[7.999333168000021,0],[8.499674529999993,0],[8.99946085800002,0],[9.499684573999957,1],[9.999546030000033,0]],"score":[],"motion":[]},"serverReceivedTimestamp":"2020-01-22T16:18:27.575Z"}