{"timestamp":"2020-01-22T16:19:16.533Z","videoElapsedSeconds":1065.024051503,"metrics":{"time":[[0,0],[0.500088001999984,0.500088001999984],[0.9998097889999826,0.4997217869999986],[1.4992009850000159,0.49939119600003323],[2.000025390000019,0.500824405000003],[2.498836699000094,0.4988113090000752],[2.9999262920000547,0.5010895929999606],[3.500074669000014,0.5001483769999595],[3.999925752000081,0.49985108300006686],[4.499764373000062,0.4998386209999808],[4.999686913999994,0.4999225409999326],[5.499722664000046,0.5000357500000518],[5.999704289999954,0.4999816259999079],[6.499705538999933,0.500001248999979],[6.999942709999914,0.5002371709999807],[7.4997344979999525,0.49979178800003865],[7.999662245000081,0.4999277470001289],[8.49967553700003,0.5000132919999487],[8.999723786000004,0.500048248999974],[9.499655159999975,0.4999313739999707],[9.999833667000075,0.5001785070001006]],"bpm":[[0,141],[0.500088001999984,140],[0.9998097889999826,140],[1.4992009850000159,139],[2.000025390000019,139],[2.498836699000094,139],[2.9999262920000547,139],[3.500074669000014,137],[3.999925752000081,137],[4.499764373000062,134],[4.999686913999994,134],[5.499722664000046,131],[5.999704289999954,131],[6.499705538999933,128],[6.999942709999914,128],[7.4997344979999525,125],[7.999662245000081,125],[8.49967553700003,123],[8.999723786000004,123],[9.499655159999975,121],[9.999833667000075,121]],"kcal":[[0,0.005019644012522234],[0.500088001999984,0.10347949681169655],[0.9998097889999826,0.10340371866110738],[1.4992009850000159,0.10244570172731164],[2.000025390000019,0.10273971191992183],[2.498836699000094,0.10232674302097265],[2.9999262920000547,0.1027941129004816],[3.500074669000014,0.10081911268044944],[3.999925752000081,0.10075918462978938],[4.499764373000062,0.098085450866185],[4.999686913999994,0.09810191884342034],[5.499722664000046,0.09545185914124778],[5.999704289999954,0.09544152740709097],[6.499705538999933,0.008002334804596885],[6.999942709999914,0.008006110648828394],[7.4997344979999525,0.007998982458870988],[7.999662245000081,0.008001158432312248],[8.49967553700003,0.008002527548351032],[8.999723786000004,0.008003087022189399],[9.499655159999975,0.008001216481101381],[9.999833667000075,0.00800517175323772]],"reps":[[0,0],[0.500088001999984,0],[0.9998097889999826,0],[1.4992009850000159,0],[2.000025390000019,0],[2.498836699000094,0],[2.9999262920000547,1],[3.500074669000014,0],[3.999925752000081,0],[4.499764373000062,0],[4.999686913999994,0],[5.499722664000046,0],[5.999704289999954,1],[6.499705538999933,0],[6.999942709999914,0],[7.4997344979999525,0],[7.999662245000081,1],[8.49967553700003,0],[8.999723786000004,0],[9.499655159999975,0],[9.999833667000075,0]],"score":[],"motion":[]},"serverReceivedTimestamp":"2020-01-22T16:19:27.155Z"}