{"timestamp":"2020-01-22T16:19:27.032Z","videoElapsedSeconds":1075.523654373,"metrics":{"time":[[0,0],[0.5000478269998894,0.5000478269998894],[0.9999927020000996,0.49994487500021023],[1.4999686539999857,0.4999759519998861],[1.9999885300001097,0.500019876000124],[2.5000320459998875,0.5000435159997778],[2.999889334000045,0.4998572880001575],[3.4996608859999014,0.49977155199985646],[3.9994479639999554,0.49978707800005395],[4.499418533999915,0.4999705699999595],[4.999910710999984,0.5004921770000692],[5.499253531000022,0.49934282000003805],[5.999905002000105,0.5006514710000829],[6.499890585000003,0.4999855829998978],[6.999872292999953,0.49998170799995023],[7.499824251000064,0.4999519580001106],[7.999856708999914,0.5000324579998505],[8.50001625799996,0.5001595490000454],[8.999821628000063,0.4998053700001037],[9.499911693000058,0.5000900649999949],[9.999799607000114,0.4998879140000554]],"bpm":[[0,120],[0.5000478269998894,120],[0.9999927020000996,120],[1.4999686539999857,120],[1.9999885300001097,120],[2.5000320459998875,120],[2.999889334000045,119],[3.4996608859999014,119],[3.9994479639999554,118],[4.499418533999915,118],[4.999910710999984,117],[5.499253531000022,117],[5.999905002000105,116],[6.499890585000003,116],[6.999872292999953,115],[7.499824251000064,115],[7.999856708999914,115],[8.50001625799996,115],[8.999821628000063,115],[9.499911693000058,115],[9.999799607000114,116]],"kcal":[[0,0.007998620994308814],[0.5000478269998894,0.00800308026823434],[0.9999927020000996,0.008001432559609846],[1.4999686539999857,0.008001929935479659],[1.9999885300001097,0.008002632922835318],[2.5000320459998875,0.008003011272274221],[2.999889334000045,0.008000030762113633],[3.4996608859999014,0.007998658589182887],[3.9994479639999554,0.007998907077065678],[4.499418533999915,0.008001843798564166],[4.999910710999984,0.008010191925413145],[5.499253531000022,0.007991796892315424],[5.999905002000105,0.008012741366885585],[6.499890585000003,0.00800208407606781],[6.999872292999953,0.008002022058128833],[7.499824251000064,0.008001545920399918],[7.999856708999914,0.00800283429308094],[8.50001625799996,0.00800486833746832],[8.999821628000063,0.00799919983375166],[9.499911693000058,0.008003756271782325],[9.999799607000114,0.008000520919899034]],"reps":[[0,0],[0.5000478269998894,1],[0.9999927020000996,0],[1.4999686539999857,0],[1.9999885300001097,0],[2.5000320459998875,1],[2.999889334000045,0],[3.4996608859999014,0],[3.9994479639999554,0],[4.499418533999915,0],[4.999910710999984,1],[5.499253531000022,0],[5.999905002000105,0],[6.499890585000003,0],[6.999872292999953,1],[7.499824251000064,0],[7.999856708999914,0],[8.50001625799996,0],[8.999821628000063,0],[9.499911693000058,0],[9.999799607000114,0]],"score":[],"motion":[]},"serverReceivedTimestamp":"2020-01-22T16:19:37.649Z"}