{"timestamp":"2020-01-22T16:19:37.532Z","videoElapsedSeconds":1086.023443429,"metrics":{"time":[[0,0],[0.5000153749999754,0.5000153749999754],[1.0000255390000348,0.5000101640000594],[1.4999545789999047,0.49992903999986993],[1.9999692920000598,0.5000147130001551],[2.4999726659998487,0.5000033739997889],[2.999916290999863,0.49994362500001444],[3.4989588129999447,0.4990425220000816],[3.999976917999902,0.5010181049999574],[4.499919290999969,0.49994237300006716],[4.9999185740000485,0.49999928300007923],[5.499866280999868,0.4999477069998193],[5.999940603999903,0.5000743230000353],[6.4998763099999906,0.4999357060000875],[6.999465728999894,0.4995894189999035],[7.499873237999964,0.5004075090000697],[8.000002615999847,0.5001293779998832],[8.499835779000023,0.4998331630001758],[8.998997722000013,0.49916194299999006],[9.499818904999984,0.5008211829999709],[9.999000616999865,0.4991817119998814]],"bpm":[[0,116],[0.5000153749999754,117],[1.0000255390000348,117],[1.4999545789999047,118],[1.9999692920000598,118],[2.4999726659998487,118],[2.999916290999863,119],[3.4989588129999447,120],[3.999976917999902,120],[4.499919290999969,120],[4.9999185740000485,120],[5.499866280999868,122],[5.999940603999903,122],[6.4998763099999906,123],[6.999465728999894,123],[7.499873237999964,125],[8.000002615999847,125],[8.499835779000023,126],[8.998997722000013,126],[9.499818904999984,127],[9.999000616999865,127]],"kcal":[[0,0.00800214594996664],[0.5000153749999754,0.008002560885994976],[1.0000255390000348,0.00800247748587132],[1.4999545789999047,0.008001179126294214],[1.9999692920000598,0.008002550290933037],[2.4999726659998487,0.008002368814431806],[2.999916290999863,0.008001412553819675],[3.4989588129999447,0.007986990734047602],[3.999976917999902,0.008018609208263206],[4.499919290999969,0.008001392516024223],[4.9999185740000485,0.008002303339496638],[5.499866280999868,0.0080014778847147],[5.999940603999903,0.008003504326903343],[6.4998763099999906,0.008001285813158808],[6.999465728999894,0.007995743617975308],[7.499873237999964,0.008008836845431671],[8.000002615999847,0.008004385461785168],[8.499835779000023,0.007999644650424109],[8.998997722000013,0.007988902022921138],[9.499818904999984,0.008015457544587497],[9.999000616999865,0.007989218418442546]],"reps":[[0,1],[0.5000153749999754,0],[1.0000255390000348,0],[1.4999545789999047,0],[1.9999692920000598,0],[2.4999726659998487,0],[2.999916290999863,0],[3.4989588129999447,0],[3.999976917999902,1],[4.499919290999969,0],[4.9999185740000485,0],[5.499866280999868,0],[5.999940603999903,1],[6.4998763099999906,0],[6.999465728999894,0],[7.499873237999964,0],[8.000002615999847,1],[8.499835779000023,0],[8.998997722000013,0],[9.499818904999984,0],[9.999000616999865,0]],"score":[],"motion":[]},"serverReceivedTimestamp":"2020-01-22T16:19:48.169Z"}