{"timestamp":"2020-01-22T16:20:01.533Z","videoElapsedSeconds":1110.023107505,"metrics":{"time":[[0,0],[0.49983995499997036,0.49983995499997036],[1.0001072529998964,0.5002672979999261],[1.4998459979999552,0.49973874500005877],[1.9998824959998274,0.5000364979998722],[2.499465945999873,0.49958345000004556],[2.9998351209999328,0.5003691750000598],[3.4997766609999417,0.4999415400000089],[3.999933457999987,0.5001567970000451],[4.499748160999843,0.4998147029998563],[5.000026210999977,0.5002780500001336],[5.499730787999852,0.4997045769998749],[5.999687660999825,0.4999568729999737],[6.49970128599989,0.5000136250000651],[6.999147076999861,0.499445790999971],[7.499702171999843,0.5005550949999815],[7.999676197999861,0.49997402600001806],[8.499699072999874,0.5000228750000133],[8.99968297800001,0.49998390500013556],[9.499654851999821,0.4999718739998116],[9.999806478999972,0.5001516270001503]],"bpm":[[0,132],[0.49983995499997036,132],[1.0001072529998964,132],[1.4998459979999552,133],[1.9998824959998274,133],[2.499465945999873,134],[2.9998351209999328,134],[3.4997766609999417,135],[3.999933457999987,135],[4.499748160999843,137],[5.000026210999977,137],[5.499730787999852,137],[5.999687660999825,138],[6.49970128599989,138],[6.999147076999861,140],[7.499702171999843,141],[7.999676197999861,141],[8.499699072999874,142],[8.99968297800001,142],[9.499654851999821,143],[9.999806478999972,143]],"kcal":[[0,0.0044521567037069465],[0.49983995499997036,0.09630489342758317],[1.0001072529998964,0.09638723022690479],[1.4998459979999552,0.09717562246234206],[1.9998824959998274,0.09723352138129997],[2.499465945999873,0.0980353775794779],[2.9998351209999328,0.09818956372605668],[3.4997766609999417,0.09899623766770216],[3.999933457999987,0.09903886191759989],[4.499748160999843,0.10075185120733071],[5.000026210999977,0.10084525195714683],[5.499730787999852,0.10072965218377741],[5.999687660999825,0.10167112749338336],[6.49970128599989,0.10168266856852085],[6.999147076999861,0.10334660885825134],[7.499702171999843,0.10446783244811729],[7.999676197999861,0.10434656104455882],[8.499699072999874,0.10524749148377696],[8.99968297800001,0.10523928886958603],[9.499654851999821,0.10612740112687995],[9.999806478999972,0.10616555671074926]],"reps":[[0,0],[0.49983995499997036,0],[1.0001072529998964,0],[1.4998459979999552,0],[1.9998824959998274,0],[2.499465945999873,0],[2.9998351209999328,0],[3.4997766609999417,0],[3.999933457999987,0],[4.499748160999843,0],[5.000026210999977,0],[5.499730787999852,0],[5.999687660999825,1],[6.49970128599989,0],[6.999147076999861,0],[7.499702171999843,0],[7.999676197999861,0],[8.499699072999874,0],[8.99968297800001,0],[9.499654851999821,0],[9.999806478999972,0]],"score":[],"motion":[]},"serverReceivedTimestamp":"2020-01-22T16:20:12.178Z"}