{"timestamp":"2020-01-22T16:20:12.032Z","videoElapsedSeconds":1120.522751064,"metrics":{"time":[[0,0],[0.4999707409999701,0.4999707409999701],[0.999953823999931,0.49998308299996097],[1.499994771000047,0.5000409470001159],[1.999680638999962,0.499685867999915],[2.5000042300000587,0.5003235910000967],[2.9998991029999615,0.4998948729999029],[3.5000095630000487,0.5001104600000872],[3.9999054360000628,0.49989587300001403],[4.499793479000118,0.4998880430000554],[4.999826105000011,0.5000326259998928],[5.499077184000043,0.4992510790000324],[5.999838324999928,0.5007611409998844],[6.500014022999949,0.5001756980000209],[6.999857310999914,0.49984328799996547],[7.4999404370000775,0.5000831260001632],[7.999828060000027,0.4998876229999496],[8.49995432600008,0.500126266000052],[8.99980719700011,0.49985287100003006],[9.499802647000024,0.49999544999991485],[9.999787897000033,0.4999852500000088]],"bpm":[[0,144],[0.4999707409999701,144],[0.999953823999931,144],[1.499994771000047,144],[1.999680638999962,145],[2.5000042300000587,145],[2.9998991029999615,146],[3.5000095630000487,146],[3.9999054360000628,146],[4.499793479000118,146],[4.999826105000011,147],[5.499077184000043,147],[5.999838324999928,148],[6.500014022999949,148],[6.999857310999914,150],[7.4999404370000775,150],[7.999828060000027,151],[8.49995432600008,151],[8.99980719700011,152],[9.499802647000024,152],[9.999787897000033,153]],"kcal":[[0,0.10698919332962886],[0.4999707409999701,0.10701780321702742],[0.999953823999931,0.10702044499907189],[1.499994771000047,0.10703283068022104],[1.999680638999962,0.10784696180206407],[2.5000042300000587,0.10798460125205732],[2.9998991029999615,0.10878257868908797],[3.5000095630000487,0.10882949277258547],[3.9999054360000628,0.1087827963000231],[4.499793479000118,0.10878109240659943],[4.999826105000011,0.10970330807451827],[5.499077184000043,0.10953184268037733],[5.999838324999928,0.11075518925474587],[6.500014022999949,0.11062570466630857],[6.999857310999914,0.11233301540989069],[7.4999404370000775,0.11238691575509667],[7.999828060000027,0.11323347362403094],[8.49995432600008,0.11328753052525106],[8.99980719700011,0.11411603429140893],[9.499802647000024,0.11414858496978664],[9.999787897000033,0.1150369247519964]],"reps":[[0,0],[0.4999707409999701,0],[0.999953823999931,0],[1.499994771000047,0],[1.999680638999962,0],[2.5000042300000587,1],[2.9998991029999615,0],[3.5000095630000487,0],[3.9999054360000628,0],[4.499793479000118,1],[4.999826105000011,0],[5.499077184000043,0],[5.999838324999928,1],[6.500014022999949,0],[6.999857310999914,0],[7.4999404370000775,1],[7.999828060000027,0],[8.49995432600008,0],[8.99980719700011,0],[9.499802647000024,1],[9.999787897000033,0]],"score":[],"motion":[]},"serverReceivedTimestamp":"2020-01-22T16:20:22.684Z"}