{"timestamp":"2020-01-22T16:20:22.531Z","videoElapsedSeconds":1131.022525897,"metrics":{"time":[[0,0],[0.4999647910001386,0.4999647910001386],[0.9999895190001098,0.5000247279999712],[1.4999649769999905,0.49997545799988075],[2.00025129200003,0.5002863150000394],[2.499939660000109,0.4996883680000792],[2.9999472470001365,0.5000075870000273],[3.4999124539999684,0.49996520699983193],[3.9999637980001808,0.5000513440002123],[4.4999089220000315,0.4999451239998507],[5.000092217999963,0.5001832959999319],[5.499914548000106,0.49982233000014276],[5.999835851000171,0.49992130300006465],[6.499833350000017,0.49999749899984636],[7.000072202000183,0.5002388520001659],[7.499836696000102,0.49976449399991907],[7.999983249000024,0.5001465529999223],[8.499817495000116,0.4998342460000913],[8.999783939000054,0.49996644399993784],[9.499800188000108,0.5000162490000548],[9.998978837000095,0.49917864899998676]],"bpm":[[0,153],[0.4999647910001386,154],[0.9999895190001098,154],[1.4999649769999905,155],[2.00025129200003,155],[2.499939660000109,155],[2.9999472470001365,157],[3.4999124539999684,157],[3.9999637980001808,157],[4.4999089220000315,159],[5.000092217999963,159],[5.499914548000106,160],[5.999835851000171,160],[6.499833350000017,160],[7.000072202000183,160],[7.499836696000102,161],[7.999983249000024,161],[8.499817495000116,161],[8.999783939000054,161],[9.499800188000108,162],[9.998978837000095,162]],"kcal":[[0,0.11503731266792831],[0.4999647910001386,0.1159228495213428],[0.9999895190001098,0.11593674663557448],[1.4999649769999905,0.1168159737846646],[2.00025129200003,0.11688860347598301],[2.499939660000109,0.11674889709649111],[2.9999472470001365,0.11860489696481852],[3.4999124539999684,0.11859484416624658],[3.9999637980001808,0.11861527639631789],[4.4999089220000315,0.12037127426320623],[5.000092217999963,0.12042861869115908],[5.499914548000106,0.12123208748850488],[5.999835851000171,0.12125609342554561],[6.499833350000017,0.12127457479293831],[7.000072202000183,0.12133311505073421],[7.499836696000102,0.12210833452777589],[7.999983249000024,0.12220168367270684],[8.499817495000116,0.12212537715620042],[8.999783939000054,0.12215767732514594],[9.499800188000108,0.12306056992389812],[9.998978837000095,0.12285442555642452]],"reps":[[0,0],[0.4999647910001386,1],[0.9999895190001098,0],[1.4999649769999905,0],[2.00025129200003,0],[2.499939660000109,0],[2.9999472470001365,1],[3.4999124539999684,0],[3.9999637980001808,0],[4.4999089220000315,1],[5.000092217999963,0],[5.499914548000106,0],[5.999835851000171,0],[6.499833350000017,0],[7.000072202000183,1],[7.499836696000102,0],[7.999983249000024,0],[8.499817495000116,1],[8.999783939000054,0],[9.499800188000108,0],[9.998978837000095,1]],"score":[],"motion":[]},"serverReceivedTimestamp":"2020-01-22T16:20:33.163Z"}