{"timestamp":"2020-01-22T16:21:01.533Z","videoElapsedSeconds":1170.021812967,"metrics":{"time":[[0,0],[0.4999695460001021,0.4999695460001021],[0.9998479349999343,0.49987838899983217],[1.4999221990001388,0.5000742640002045],[1.9998420350000288,0.49991983599989],[2.4999442089999775,0.5001021739999487],[2.999832822000144,0.4998886130001665],[3.4998520550000194,0.5000192329998754],[3.999821744999963,0.4999696899999435],[4.499792859000081,0.4999711140001182],[4.999767853000094,0.4999749940000129],[5.4988770320001095,0.4991091790000155],[5.999753079000129,0.5008760470000198],[6.499794686000087,0.5000416069999574],[6.999750424000013,0.499955737999926],[7.499733473000106,0.49998304900009316],[7.99972405099993,0.4999905779998244],[8.498989606000123,0.49926555500019276],[8.999684054999989,0.5006944489998659],[9.499722061000057,0.500038006000068],[9.99898263,0.49926056899994364]],"bpm":[[0,169],[0.4999695460001021,168],[0.9998479349999343,168],[1.4999221990001388,168],[1.9998420350000288,168],[2.4999442089999775,168],[2.999832822000144,168],[3.4998520550000194,168],[3.999821744999963,168],[4.499792859000081,168],[4.999767853000094,168],[5.4988770320001095,167],[5.999753079000129,167],[6.499794686000087,167],[6.999750424000013,167],[7.499733473000106,165],[7.99972405099993,165],[8.498989606000123,164],[8.999684054999989,164],[9.499722061000057,163],[9.99898263,163]],"kcal":[[0,0.005640459557837594],[0.4999695460001021,0.1283929184592936],[0.9998479349999343,0.12836950920687756],[1.4999221990001388,0.12841981019651225],[1.9998420350000288,0.12838015285775867],[2.4999442089999775,0.12842697752570267],[2.999832822000144,0.12837213474527634],[3.4998520550000194,0.1284056781542819],[3.999821744999963,0.12839295543866572],[4.499792859000081,0.1283933211240155],[4.999767853000094,0.12839431751372382],[5.4988770320001095,0.12728286713098969],[5.999753079000129,0.12773345396518318],[6.499794686000087,0.12752065500229992],[6.999750424000013,0.12749875668228997],[7.499733473000106,0.12572439250862777],[7.99972405099993,0.12572628573064662],[8.498989606000123,0.12465458702007286],[8.999684054999989,0.12501134744474238],[9.499722061000057,0.12395668702101731],[9.99898263,0.12376396464042497]],"reps":[[0,0],[0.4999695460001021,0],[0.9998479349999343,0],[1.4999221990001388,0],[1.9998420350000288,0],[2.4999442089999775,1],[2.999832822000144,0],[3.4998520550000194,0],[3.999821744999963,0],[4.499792859000081,0],[4.999767853000094,1],[5.4988770320001095,0],[5.999753079000129,0],[6.499794686000087,0],[6.999750424000013,0],[7.499733473000106,1],[7.99972405099993,0],[8.498989606000123,0],[8.999684054999989,0],[9.499722061000057,0],[9.99898263,1]],"score":[],"motion":[]},"serverReceivedTimestamp":"2020-01-22T16:21:12.143Z"}