{"timestamp":"2020-01-22T16:21:12.032Z","videoElapsedSeconds":1180.520739533,"metrics":{"time":[[0,0],[0.5007755069998439,0.5007755069998439],[1.0007919139998194,0.5000164069999755],[1.5004721189998236,0.4996802050000042],[2.0007799999998497,0.5003078810000261],[2.5006684579998364,0.4998884579999867],[3.000721674999795,0.5000532169999587],[3.5006415859998015,0.4999199110000063],[4.000756934999799,0.5001153489999979],[4.500649189999876,0.49989225500007706],[5.000735752999844,0.500086562999968],[5.4998864869999124,0.49915073400006804],[6.00061873300001,0.5007322460000978],[6.5005851239998265,0.4999663909998162],[7.000724819999959,0.500139696000133],[7.5005647969999245,0.4998399769999651],[7.999628223999935,0.49906342700001005],[8.500586342999895,0.5009581189999608],[9.000612333999925,0.5000259910000295],[9.500529847999815,0.4999175139998897],[10.000548090999928,0.5000182430001132]],"bpm":[[0,161],[0.5007755069998439,161],[1.0007919139998194,161],[1.5004721189998236,161],[2.0007799999998497,160],[2.5006684579998364,160],[3.000721674999795,159],[3.5006415859998015,159],[4.000756934999799,158],[4.500649189999876,158],[5.000735752999844,157],[5.4998864869999124,157],[6.00061873300001,155],[6.5005851239998265,155],[7.000724819999959,153],[7.5005647969999245,153],[7.999628223999935,152],[8.500586342999895,152],[9.000612333999925,150],[9.500529847999815,150],[10.000548090999928,150]],"kcal":[[0,0.12215217790611488],[0.5007755069998439,0.12235535710558784],[1.0007919139998194,0.12216988487249243],[1.5004721189998236,0.12208774004873188],[2.0007799999998497,0.12134985805969559],[2.5006684579998364,0.12124812685885979],[3.000721674999795,0.12039729970387426],[3.5006415859998015,0.12036520375511728],[4.000756934999799,0.11952135897024459],[4.500649189999876,0.11946804227420246],[5.000735752999844,0.11862363056122623],[5.4998864869999124,0.11840164612539841],[6.00061873300001,0.11699279231801335],[6.5005851239998265,0.11681385533979917],[7.000724819999959,0.11507245978606895],[7.5005647969999245,0.11500350024762447],[7.999628223999935,0.11393580482029038],[8.500586342999895,0.11436836157805283],[9.000612333999925,0.11237407543693186],[9.500529847999815,0.11234969669899365],[10.000548090999928,0.1123723341787918]],"reps":[[0,0],[0.5007755069998439,0],[1.0007919139998194,0],[1.5004721189998236,0],[2.0007799999998497,1],[2.5006684579998364,0],[3.000721674999795,0],[3.5006415859998015,0],[4.000756934999799,0],[4.500649189999876,1],[5.000735752999844,0],[5.4998864869999124,0],[6.00061873300001,0],[6.5005851239998265,0],[7.000724819999959,1],[7.5005647969999245,0],[7.999628223999935,0],[8.500586342999895,0],[9.000612333999925,0],[9.500529847999815,1],[10.000548090999928,0]],"score":[],"motion":[]},"serverReceivedTimestamp":"2020-01-22T16:21:22.692Z"}