{"timestamp":"2020-01-22T16:21:36.533Z","videoElapsedSeconds":1205.021112513,"metrics":{"time":[[0,0],[0.49955894799995804,0.49955894799995804],[0.9998645420000685,0.5003055940001104],[1.4998807920001127,0.5000162500000442],[1.999786073999985,0.4999052819998724],[2.499938702999998,0.5001526290000129],[2.9993353110000953,0.49939660800009733],[3.4998207370001637,0.5004854260000684],[3.999766998000041,0.49994626099987727],[4.4999032499999885,0.5001362519999475],[4.999538779999966,0.49963552999997773],[5.4998077840000406,0.5002690040000743],[5.999388313000054,0.4995805290000135],[6.499782988000106,0.5003946750000523],[6.999721321000152,0.49993833300004553],[7.499854531999972,0.5001332109998202],[7.9996902350001164,0.49983570300014435],[8.498704881000094,0.4990146459999778],[8.999663569000177,0.5009586880000825],[9.499912408,0.5002488389998234],[9.999673117000157,0.49976070900015657]],"bpm":[[0,148],[0.49955894799995804,148],[0.9998645420000685,148],[1.4998807920001127,148],[1.999786073999985,148],[2.499938702999998,148],[2.9993353110000953,148],[3.4998207370001637,148],[3.999766998000041,148],[4.4999032499999885,149],[4.999538779999966,149],[5.4998077840000406,150],[5.999388313000054,150],[6.499782988000106,150],[6.999721321000152,150],[7.499854531999972,151],[7.9996902350001164,151],[8.498704881000094,151],[8.999663569000177,151],[9.499912408,152],[9.999673117000157,152]],"kcal":[[0,0.00466953240083131],[0.49955894799995804,0.11048929579312118],[0.9998645420000685,0.11065443424393638],[1.4998807920001127,0.11059043896382525],[1.999786073999985,0.11056589576177943],[2.499938702999998,0.11062060241045721],[2.9993353110000953,0.11045339045635266],[3.4998207370001637,0.1106942083509081],[3.999766998000041,0.11057495923841412],[4.4999032499999885,0.11150791767680271],[4.999538779999966,0.11139627916364091],[5.4998077840000406,0.11242868932039138],[5.999388313000054,0.11227396388014263],[6.499782988000106,0.11245693217713468],[6.999721321000152,0.11235437548756894],[7.499854531999972,0.11328910369172265],[7.9996902350001164,0.11322171281688549],[8.498704881000094,0.11303572874387674],[8.999663569000177,0.1134760889736856],[9.499912408,0.11420643348778109],[9.999673117000157,0.11409499377619314]],"reps":[[0,0],[0.49955894799995804,0],[0.9998645420000685,1],[1.4998807920001127,0],[1.999786073999985,0],[2.499938702999998,0],[2.9993353110000953,0],[3.4998207370001637,1],[3.999766998000041,0],[4.4999032499999885,0],[4.999538779999966,1],[5.4998077840000406,0],[5.999388313000054,0],[6.499782988000106,1],[6.999721321000152,0],[7.499854531999972,0],[7.9996902350001164,0],[8.498704881000094,1],[8.999663569000177,0],[9.499912408,0],[9.999673117000157,1]],"score":[],"motion":[]},"serverReceivedTimestamp":"2020-01-22T16:21:47.181Z"}