{"timestamp":"2020-01-22T16:21:47.032Z","videoElapsedSeconds":1215.520833214,"metrics":{"time":[[0,0],[0.4989440150000064,0.4989440150000064],[0.9996288209999875,0.5006848059999811],[1.4999114780000582,0.5002826570000707],[2.0000025629999527,0.5000910849998945],[2.4998726609999267,0.49987009799997395],[2.999802993000003,0.4999303320000763],[3.4998406180000075,0.5000376250000045],[3.999841616999902,0.5000009989998944],[4.499820224999894,0.49997860799999216],[4.999846891000061,0.5000266660001671],[5.498887891999857,0.49904100099979587],[5.9998441610000555,0.5009562690001985],[6.499761956999919,0.4999177959998633],[6.999915667999858,0.500153710999939],[7.499740395999879,0.4998247280000214],[7.9997818550000375,0.5000414590001583],[8.49977524499991,0.4999933899998723],[8.999876579999864,0.5001013349999539],[9.499703086999943,0.4998265070000798],[9.999735753999857,0.500032666999914]],"bpm":[[0,152],[0.4989440150000064,152],[0.9996288209999875,152],[1.4999114780000582,152],[2.0000025629999527,153],[2.4998726609999267,153],[2.999802993000003,153],[3.4998406180000075,153],[3.999841616999902,154],[4.499820224999894,154],[4.999846891000061,155],[5.498887891999857,155],[5.9998441610000555,155],[6.499761956999919,155],[6.999915667999858,156],[7.499740395999879,156],[7.9997818550000375,157],[8.49977524499991,157],[8.999876579999864,157],[9.499703086999943,157],[9.999735753999857,158]],"kcal":[[0,0.11416048712276372],[0.4989440150000064,0.1139085431505515],[0.9996288209999875,0.1143059644258357],[1.4999114780000582,0.11421415411178823],[2.0000025629999527,0.11506127533617458],[2.4998726609999267,0.11501043050649004],[2.999802993000003,0.1150242891835956],[3.4998406180000075,0.11504897522535212],[3.999841616999902,0.11593124478153452],[4.499820224999894,0.11592605315892626],[4.999846891000061,0.11682793819676385],[5.498887891999857,0.11659764405931869],[5.9998441610000555,0.11704513381695734],[6.499761956999919,0.11680250143802312],[6.999915667999858,0.11774858995361644],[7.499740395999879,0.11767113919496555],[7.9997818550000375,0.11861293161307178],[8.49977524499991,0.11860152934843751],[8.999876579999864,0.11862713457112896],[9.499703086999943,0.11856194366711953],[9.999735753999857,0.11950159899880566]],"reps":[[0,0],[0.4989440150000064,0],[0.9996288209999875,0],[1.4999114780000582,1],[2.0000025629999527,0],[2.4998726609999267,0],[2.999802993000003,1],[3.4998406180000075,0],[3.999841616999902,0],[4.499820224999894,0],[4.999846891000061,1],[5.498887891999857,0],[5.9998441610000555,0],[6.499761956999919,1],[6.999915667999858,0],[7.499740395999879,0],[7.9997818550000375,0],[8.49977524499991,0],[8.999876579999864,0],[9.499703086999943,0],[9.999735753999857,0]],"score":[],"motion":[]},"serverReceivedTimestamp":"2020-01-22T16:21:57.668Z"}