{"timestamp":"2020-01-22T16:22:26.533Z","videoElapsedSeconds":1255.02002342,"metrics":{"time":[[0,0],[0.49989899800016246,0.49989899800016246],[0.9998927940000613,0.4999937959998988],[1.4999361280001722,0.5000433340001109],[1.9998453079999763,0.4999091799998041],[2.499972102000129,0.5001267940001526],[2.9998249560001113,0.49985285399998247],[3.499897624000141,0.5000726680000298],[3.9998221640000793,0.49992453999993813],[4.499823497000079,0.5000013330000002],[4.999811546000046,0.49998804899996685],[5.5000961340001595,0.5002845880001132],[5.99977091400001,0.4996747799998502],[6.499763454999993,0.49999254099998325],[6.999764746999972,0.500001291999979],[7.4999146669999845,0.5001499200000126],[7.999730126000031,0.49981545900004676],[8.499816419000126,0.5000862930000949],[8.998942939000017,0.49912651999989066],[9.499848084000178,0.5009051450001607],[9.999671810000109,0.4998237259999314]],"bpm":[[0,170],[0.49989899800016246,170],[0.9998927940000613,170],[1.4999361280001722,169],[1.9998453079999763,169],[2.499972102000129,169],[2.9998249560001113,169],[3.499897624000141,169],[3.9998221640000793,169],[4.499823497000079,168],[4.999811546000046,168],[5.5000961340001595,167],[5.99977091400001,167],[6.499763454999993,166],[6.999764746999972,166],[7.4999146669999845,165],[7.999730126000031,165],[8.499816419000126,163],[8.998942939000017,163],[9.499848084000178,162],[9.999671810000109,162]],"kcal":[[0,0.0052133828713966405],[0.49989899800016246,0.13015583120085122],[0.9998927940000613,0.13018051321161983],[1.4999361280001722,0.12930263923150376],[1.9998453079999763,0.12926794930540403],[2.499972102000129,0.12932422055764467],[2.9998249560001113,0.12925338436684952],[3.499897624000141,0.12931022450132104],[3.9998221640000793,0.12927192113828503],[4.499823497000079,0.12840108140785442],[4.999811546000046,0.1283976700570097],[5.5000961340001595,0.12758262003852738],[5.99977091400001,0.12742710674817193],[6.499763454999993,0.1266174607640086],[6.999764746999972,0.12661967685586545],[7.4999146669999845,0.12576635344137166],[7.999730126000031,0.12568225077804612],[8.499816419000126,0.12396865710424637],[8.998942939000017,0.1237307346264147],[9.499848084000178,0.12327933891109574],[9.999671810000109,0.12301318748349538]],"reps":[[0,0],[0.49989899800016246,0],[0.9998927940000613,0],[1.4999361280001722,0],[1.9998453079999763,1],[2.499972102000129,0],[2.9998249560001113,0],[3.499897624000141,0],[3.9998221640000793,0],[4.499823497000079,1],[4.999811546000046,0],[5.5000961340001595,0],[5.99977091400001,0],[6.499763454999993,1],[6.999764746999972,0],[7.4999146669999845,0],[7.999730126000031,0],[8.499816419000126,0],[8.998942939000017,1],[9.499848084000178,0],[9.999671810000109,0]],"score":[],"motion":[]},"serverReceivedTimestamp":"2020-01-22T16:22:37.131Z"}