{"timestamp":"2020-01-22T16:22:37.031Z","videoElapsedSeconds":1265.519715897,"metrics":{"time":[[0,0],[0.4999907290000465,0.4999907290000465],[0.9999741859999176,0.4999834569998711],[1.499967276999996,0.4999930910000785],[2.000083780000068,0.500116503000072],[2.4999363629999607,0.49985258299989255],[2.9999637800001437,0.500027417000183],[3.4999129089999315,0.4999491289997877],[3.9999386590000086,0.5000257500000771],[4.49989573300013,0.4999570740001218],[5.00014394599998,0.5002482129998498],[5.499122510999996,0.4989785650000158],[5.999963111999932,0.5008406009999362],[6.4998459329999605,0.49988282100002834],[6.999964394000017,0.5001184610000564],[7.499823274999926,0.49985888099990916],[7.999848941999971,0.5000256670000454],[8.499806976999935,0.4999580349999633],[8.99986260300011,0.5000556260001758],[9.480284102999804,0.48042149999969297]],"bpm":[[0,161],[0.4999907290000465,161],[0.9999741859999176,159],[1.499967276999996,159],[2.000083780000068,158],[2.4999363629999607,158],[2.9999637800001437,156],[3.4999129089999315,156],[3.9999386590000086,155],[4.49989573300013,155],[5.00014394599998,155],[5.499122510999996,154],[5.999963111999932,153],[6.4998459329999605,153],[6.999964394000017,152],[7.499823274999926,152],[7.999848941999971,151],[8.499806976999935,151],[8.99986260300011,150],[9.480284102999804,150]],"kcal":[[0,0.12217092572574938],[0.4999907290000465,0.12216361092177572],[0.9999741859999176,0.1203805036602686],[1.499967276999996,0.12038282322860827],[2.000083780000068,0.11952163476193423],[2.4999363629999607,0.11945856115872658],[2.9999637800001437,0.1177188572133332],[3.4999129089999315,0.11770042627609509],[3.9999386590000086,0.11682772417937402],[4.49989573300013,0.11681167848416626],[5.00014394599998,0.11687970119451285],[5.499122510999996,0.11569418116256182],[5.999963111999932,0.11523372445481801],[6.4998459329999605,0.11501335782244562],[6.999964394000017,0.11417666828854858],[7.499823274999926,0.11411740636985858],[7.999848941999971,0.1132647430552483],[8.499806976999935,0.11324942319945455],[8.99986260300011,0.11238073550221238],[9.480284102999804,0.10796823136036998]],"reps":[[0,0],[0.4999907290000465,0],[0.9999741859999176,1],[1.499967276999996,0],[2.000083780000068,0],[2.4999363629999607,0],[2.9999637800001437,1],[3.4999129089999315,0],[3.9999386590000086,0],[4.49989573300013,0],[5.00014394599998,0],[5.499122510999996,1],[5.999963111999932,0],[6.4998459329999605,0],[6.999964394000017,0],[7.499823274999926,1],[7.999848941999971,0],[8.499806976999935,0],[8.99986260300011,0],[9.480284102999804,1]],"score":[],"motion":[]},"serverReceivedTimestamp":"2020-01-22T16:22:46.816Z"}