{"timestamp":"2020-01-22T16:22:51.534Z","videoElapsedSeconds":1280.019735429,"metrics":{"time":[[0,0],[0.49983899599988035,0.49983899599988035],[0.9996422799999891,0.49980328400010876],[1.4996885719999682,0.5000462919999791],[1.9996405279998726,0.4999519559999044],[2.499670611999818,0.5000300839999454],[2.9996239889999288,0.4999533770001108],[3.4997434079998584,0.5001194189999296],[3.999615572999801,0.49987216499994247],[4.499614281999811,0.4999987090000104],[4.999563569999964,0.4999492880001526],[5.499634654999909,0.500071084999945],[5.998805978999826,0.49917132399991715],[6.499556368999947,0.5007503900001211],[6.999513195999953,0.49995682700000543],[7.499548154999957,0.5000349590000042],[7.999507325999957,0.4999591710000004],[8.499532075999923,0.5000247499999659],[8.998897251000017,0.4993651750000936],[9.499603265999895,0.5007060149998779],[9.999442702999886,0.49983943699999145]],"bpm":[[0,149],[0.49983899599988035,149],[0.9996422799999891,149],[1.4996885719999682,149],[1.9996405279998726,149],[2.499670611999818,149],[2.9996239889999288,149],[3.4997434079998584,149],[3.999615572999801,149],[4.499614281999811,149],[4.999563569999964,149],[5.499634654999909,150],[5.998805978999826,150],[6.499556368999947,151],[6.999513195999953,151],[7.499548154999957,154],[7.999507325999957,154],[8.499532075999923,156],[8.998897251000017,156],[9.499603265999895,157],[9.999442702999886,157]],"kcal":[[0,0.004400114135866214],[0.49983899599988035,0.11144164294176427],[0.9996422799999891,0.1114336807700267],[1.4996885719999682,0.1114878606378847],[1.9996405279998726,0.11146682794751638],[2.499670611999818,0.11148424698195347],[2.9996239889999288,0.11146714476672993],[3.4997434079998584,0.11150416467395054],[3.999615572999801,0.1114490381388002],[4.499614281999811,0.11147725176635798],[4.999563569999964,0.11146623310342038],[5.499634654999909,0.11238420970322895],[5.998805978999826,0.11218200059347823],[6.499556368999947,0.11342890575689975],[6.999513195999953,0.11324914956589158],[7.499548154999957,0.11593911881597324],[7.999507325999957,0.11592154645672294],[8.499532075999923,0.11771822933532677],[8.998897251000017,0.11756294901950476],[9.499603265999895,0.11877056841283919],[9.999442702999886,0.11856501074319424]],"reps":[[0,0],[0.49983899599988035,0],[0.9996422799999891,0],[1.4996885719999682,0],[1.9996405279998726,0],[2.499670611999818,1],[2.9996239889999288,0],[3.4997434079998584,0],[3.999615572999801,1],[4.499614281999811,0],[4.999563569999964,0],[5.499634654999909,1],[5.998805978999826,0],[6.499556368999947,0],[6.999513195999953,1],[7.499548154999957,0],[7.999507325999957,1],[8.499532075999923,0],[8.998897251000017,0],[9.499603265999895,1],[9.999442702999886,0]],"score":[],"motion":[]},"serverReceivedTimestamp":"2020-01-22T16:23:02.160Z"}