{"timestamp":"2020-01-22T16:23:02.031Z","videoElapsedSeconds":1290.519227424,"metrics":{"time":[[0,0],[0.49992811699985396,0.49992811699985396],[0.9999958690000312,0.5000677520001773],[1.499829783999985,0.4998339149999538],[2.000165122999988,0.5003353390000029],[2.4998841179999545,0.4997189949999665],[3.000014412999917,0.5001302949999626],[3.499892707999834,0.49987829499991676],[4.000062294999907,0.5001695870000731],[4.499856659999978,0.4997943650000707],[4.999864950999836,0.5000082909998582],[5.4990050159999555,0.49914006500011965],[5.999925075999954,0.5009200599999986],[6.499820206999857,0.4998951309999029],[6.999930750999965,0.5001105440001083],[7.499808908999967,0.49987815800000135],[7.99984286699987,0.5000339579999036],[8.49977646100001,0.49993359400014015],[8.999886128999833,0.5001096679998227],[9.480772575999708,0.48088644699987526]],"bpm":[[0,159],[0.49992811699985396,159],[0.9999958690000312,160],[1.499829783999985,160],[2.000165122999988,162],[2.4998841179999545,162],[3.000014412999917,163],[3.499892707999834,163],[4.000062294999907,164],[4.499856659999978,164],[4.999864950999836,165],[5.4990050159999555,165],[5.999925075999954,165],[6.499820206999857,165],[6.999930750999965,166],[7.499808908999967,166],[7.99984286699987,166],[8.49977646100001,166],[8.999886128999833,167],[9.480772575999708,167]],"kcal":[[0,0.1203963546856841],[0.49992811699985396,0.12036717950527635],[0.9999958690000312,0.12129161468365797],[1.499829783999985,0.12123489743441235],[2.000165122999988,0.12313910216625856],[2.4998841179999545,0.12298741180806451],[3.000014412999917,0.12397956495937029],[3.499892707999834,0.12391709553752604],[4.000062294999907,0.12488030204180707],[4.499856659999978,0.12478661814356354],[4.999864950999836,0.12573073979398577],[5.4990050159999555,0.12551241801968638],[5.999925075999954,0.1259600107740322],[6.499820206999857,0.12570228488480614],[6.999930750999965,0.12664734369027883],[7.499808908999967,0.12658849456186622],[7.99984286699987,0.1266279491511991],[8.49977646100001,0.12660253310243816],[8.999886128999833,0.12753801192452688],[9.480772575999708,0.12263570439881039]],"reps":[[0,0],[0.49992811699985396,1],[0.9999958690000312,0],[1.499829783999985,0],[2.000165122999988,1],[2.4998841179999545,0],[3.000014412999917,0],[3.499892707999834,1],[4.000062294999907,0],[4.499856659999978,0],[4.999864950999836,1],[5.4990050159999555,0],[5.999925075999954,0],[6.499820206999857,1],[6.999930750999965,0],[7.499808908999967,0],[7.99984286699987,1],[8.49977646100001,0],[8.999886128999833,1],[9.480772575999708,0]],"score":[],"motion":[]},"serverReceivedTimestamp":"2020-01-22T16:23:11.570Z"}