{"timestamp":"2020-01-22T16:14:41.551Z","videoElapsedSeconds":790.028939646,"metrics":{"time":[[0,0],[0.5000193339999441,0.5000193339999441],[1.000046215999987,0.5000268820000429],[1.5000148409999383,0.4999686249999513],[2.0000075369999877,0.49999269600004936],[2.500059412999917,0.5000518759999295],[3.000063092000005,0.5000036790000877],[3.500091508999958,0.5000284169999532],[4.000469343999953,0.5003778349999948],[4.5002500059999875,0.4997806620000347],[5.000456238999959,0.5002062329999717],[5.500308777999976,0.4998525390000168],[6.00035001699996,0.5000412389999838],[6.500350723999986,0.5000007070000265],[7.000489157999937,0.5001384339999504],[7.500408113999924,0.4999189559999877],[8.000545181000007,0.5001370670000824],[8.500441803999934,0.4998966229999269],[9.00075111000001,0.5003093060000765],[9.500443352999923,0.4996922429999131],[10.000438930999962,0.49999557800003913]],"bpm":[[0,124],[0.5000193339999441,124],[1.000046215999987,124],[1.5000148409999383,123],[2.0000075369999877,123],[2.500059412999917,123],[3.000063092000005,123],[3.500091508999958,121],[4.000469343999953,121],[4.5002500059999875,120],[5.000456238999959,120],[5.500308777999976,118],[6.00035001699996,118],[6.500350723999986,115],[7.000489157999937,115],[7.500408113999924,113],[8.000545181000007,113],[8.500441803999934,112],[9.00075111000001,112],[9.500443352999923,112],[10.000438930999962,112]],"kcal":[[0,0.0004631683158448312],[0.5000193339999441,0.00800262424832318],[1.000046215999987,0.008002745051269205],[1.5000148409999383,0.008001812669559405],[2.0000075369999877,0.00800219791700079],[2.500059412999917,0.008003145070980353],[3.000063092000005,0.008002373695848625],[3.500091508999958,0.00800276961837425],[4.000469343999953,0.008008361924050841],[4.5002500059999875,0.007998804391361667],[5.000456238999959,0.008005615497596768],[5.500308777999976,0.007999954756125268],[6.00035001699996,0.00800297482973585],[6.500350723999986,0.008002326130088387],[7.000489157999937,0.008004530399712169],[7.500408113999924,0.008001017735610913],[8.000545181000007,0.00800450852138558],[8.500441803999934,0.008000660304216423],[9.00075111000001,0.008007265142788262],[9.500443352999923,0.007997389278012499],[10.000438930999962,0.008002244042343218]],"reps":[[0,0],[0.5000193339999441,0],[1.000046215999987,0],[1.5000148409999383,0],[2.0000075369999877,0],[2.500059412999917,1],[3.000063092000005,0],[3.500091508999958,0],[4.000469343999953,0],[4.5002500059999875,0],[5.000456238999959,1],[5.500308777999976,0],[6.00035001699996,0],[6.500350723999986,0],[7.000489157999937,1],[7.500408113999924,0],[8.000545181000007,0],[8.500441803999934,1],[9.00075111000001,0],[9.500443352999923,0],[10.000438930999962,0]],"score":[],"motion":[]},"serverReceivedTimestamp":"2020-01-22T16:14:52.190Z"}