{"timestamp":"2020-01-22T16:14:52.050Z","videoElapsedSeconds":800.529392035,"metrics":{"time":[[0,0],[0.5000103400000171,0.5000103400000171],[0.9999851310000167,0.49997479099999964],[1.4990826260000176,0.4990974950000009],[1.9999592679999978,0.5008766419999802],[2.500366054999972,0.5004067869999744],[2.9999497969999993,0.4995837420000271],[3.4999456729999565,0.4999958759999572],[3.9999088810000103,0.4999632080000538],[4.499915052000006,0.5000061709999954],[4.999898842999983,0.4999837909999769],[5.499206909000009,0.499308066000026],[5.999882881999952,0.500675972999943],[6.499855549000017,0.4999726670000655],[6.999871299000006,0.5000157499999887],[7.499781439000003,0.4999101399999972],[7.999855314999991,0.5000738759999876],[8.499517934999972,0.49966261999998096],[8.999851982999985,0.5003340480000134],[9.499787834000017,0.499935851000032],[9.999818376000007,0.5000305419999904]],"bpm":[[0,113],[0.5000103400000171,113],[0.9999851310000167,115],[1.4990826260000176,115],[1.9999592679999978,118],[2.500366054999972,118],[2.9999497969999993,121],[3.4999456729999565,121],[3.9999088810000103,123],[4.499915052000006,123],[4.999898842999983,125],[5.499206909000009,125],[5.999882881999952,126],[6.499855549000017,126],[6.999871299000006,127],[7.499781439000003,127],[7.999855314999991,128],[8.499517934999972,128],[8.999851982999985,128],[9.499787834000017,128],[9.999818376000007,129]],"kcal":[[0,0.008002530205120565],[0.5000103400000171,0.00800248030268546],[0.9999851310000167,0.008001911354106475],[1.4990826260000176,0.00798787055655094],[1.9999592679999978,0.008016345145342276],[2.500366054999972,0.008008825290087554],[2.9999497969999993,0.007995652759694879],[3.4999456729999565,0.008002248811721537],[3.9999088810000103,0.008001725972482342],[4.499915052000006,0.008002413579384186],[4.999898842999983,0.008002055395772778],[5.499206909000009,0.007991240667417082],[5.999882881999952,0.008013133512318533],[6.499855549000017,0.008001877360274195],[6.999871299000006,0.0080025668877313],[7.499781439000003,0.008000876638796253],[7.999855314999991,0.008003497172833135],[8.499517934999972,0.007996915172870066],[8.999851982999985,0.008007661129333547],[9.499787834000017,0.008001288133829216],[9.999818376000007,0.00800280362821281]],"reps":[[0,1],[0.5000103400000171,0],[0.9999851310000167,0],[1.4990826260000176,1],[1.9999592679999978,0],[2.500366054999972,0],[2.9999497969999993,0],[3.4999456729999565,1],[3.9999088810000103,0],[4.499915052000006,0],[4.999898842999983,1],[5.499206909000009,0],[5.999882881999952,0],[6.499855549000017,0],[6.999871299000006,1],[7.499781439000003,0],[7.999855314999991,0],[8.499517934999972,1],[8.999851982999985,0],[9.499787834000017,0],[9.999818376000007,1]],"score":[],"motion":[]},"serverReceivedTimestamp":"2020-01-22T16:15:02.642Z"}