{"timestamp":"2020-01-22T16:15:02.550Z","videoElapsedSeconds":811.029223334,"metrics":{"time":[[0,0],[0.5000137499999937,0.5000137499999937],[1.0000275840000086,0.5000138340000149],[1.4999159579999741,0.49988837399996555],[1.9998873949999734,0.49997143699999924],[2.4998857699999917,0.4999983750000183],[2.99994162400003,0.5000558540000384],[3.499878747000025,0.49993712299999515],[3.9999677509999856,0.5000890039999604],[4.499875332999977,0.49990758199999163],[4.999812291000012,0.4999369580000348],[5.499814165999965,0.5000018749999526],[5.999806002000014,0.49999183600004926],[6.499281989999986,0.49947598799997195],[6.999416400999962,0.5001344109999764],[7.499283649000063,0.4998672480001005],[7.999267940999971,0.49998429199990824],[8.499764617999972,0.500496677000001],[8.970776665999892,0.47101204799992047]],"bpm":[[0,129],[0.5000137499999937,129],[1.0000275840000086,129],[1.4999159579999741,130],[1.9998873949999734,130],[2.4998857699999917,130],[2.99994162400003,130],[3.499878747000025,131],[3.9999677509999856,131],[4.499875332999977,132],[4.999812291000012,132],[5.499814165999965,132],[5.999806002000014,132],[6.499281989999986,134],[6.999416400999962,134],[7.499283649000063,135],[7.999267940999971,135],[8.499764617999972,136],[8.970776665999892,136]],"kcal":[[0,0.00800252164264329],[0.5000137499999937,0.008002534878472122],[1.0000275840000086,0.008002536222861348],[1.4999159579999741,0.09453323066569676],[1.9998873949999734,0.09454893860000846],[2.4998857699999917,0.0945540328096399],[2.99994162400003,0.0945649025874742],[3.499878747000025,0.09543303222633831],[3.9999677509999856,0.09546202480099905],[4.499875332999977,0.0963179232203493],[4.999812291000012,0.09632358313713903],[5.499814165999965,0.09633609079023114],[5.999806002000014,0.09633415656147225],[6.499281989999986,0.09801428985578998],[6.999416400999962,0.09814349499141335],[7.499283649000063,0.09898152669073523],[7.999267940999971,0.09900470323178151],[8.499764617999972,0.09999774295416489],[8.970776665999892,0.09410680204018762]],"reps":[[0,0],[0.5000137499999937,0],[1.0000275840000086,1],[1.4999159579999741,0],[1.9998873949999734,0],[2.4998857699999917,0],[2.99994162400003,1],[3.499878747000025,0],[3.9999677509999856,0],[4.499875332999977,1],[4.999812291000012,0],[5.499814165999965,0],[5.999806002000014,0],[6.499281989999986,1],[6.999416400999962,0],[7.499283649000063,0],[7.999267940999971,1],[8.499764617999972,0],[8.970776665999892,0]],"score":[],"motion":[]},"serverReceivedTimestamp":"2020-01-22T16:15:11.645Z"}