{"timestamp":"2020-01-22T16:15:16.551Z","videoElapsedSeconds":825.028858415,"metrics":{"time":[[0,0],[0.4999881670000832,0.4999881670000832],[0.9998321670000223,0.4998439999999391],[1.4999950860000126,0.5001629189999903],[2.000060443000052,0.5000653570000395],[2.499949982000089,0.4998895390000371],[2.9999964140000657,0.5000464319999764],[3.499956662000045,0.4999602479999794],[4.000168746000099,0.5002120840000543],[4.499930157000108,0.4997614110000086],[4.999939161000043,0.500009003999935],[5.4999302870000975,0.49999112600005446],[6.000006417999998,0.5000761309999007],[6.49991358200009,0.49990716400009205],[6.999855461000038,0.49994187899994813],[7.499893504000056,0.5000380430000178],[7.99928356800001,0.4993900639999538],[8.499871664000011,0.5005880960000013],[8.99987813700011,0.5000064730000986],[9.499833970000054,0.4999558329999445],[9.99993194000001,0.5000979699999561]],"bpm":[[0,139],[0.4999881670000832,139],[0.9998321670000223,139],[1.4999950860000126,140],[2.000060443000052,140],[2.499949982000089,140],[2.9999964140000657,140],[3.499956662000045,140],[4.000168746000099,140],[4.499930157000108,141],[4.999939161000043,141],[5.4999302870000975,141],[6.000006417999998,141],[6.49991358200009,140],[6.999855461000038,140],[7.499893504000056,140],[7.99928356800001,140],[8.499871664000011,139],[8.99987813700011,139],[9.499833970000054,139],[9.99993194000001,139]],"kcal":[[0,0.005920049450408822],[0.4999881670000832,0.10256816506567408],[0.9998321670000223,0.10253859047642624],[1.4999950860000126,0.10349499883020588],[2.000060443000052,0.10347481105001023],[2.499949982000089,0.10343843033681989],[2.9999964140000657,0.10347089504027622],[3.499956662000045,0.1034530616251228],[4.000168746000099,0.10350517217859062],[4.499930157000108,0.10430218745128444],[4.999939161000043,0.10435386109178878],[5.4999302870000975,0.10435012988234814],[6.000006417999998,0.10436787076276248],[6.49991358200009,0.10344207734720547],[6.999855461000038,0.10344926066434677],[7.499893504000056,0.10346915916680796],[7.99928356800001,0.1033350776839429],[8.499871664000011,0.1026912352116347],[8.99987813700011,0.1025719203802099],[9.499833970000054,0.10256153203056975],[9.99993194000001,0.10259069018318487]],"reps":[[0,0],[0.4999881670000832,0],[0.9998321670000223,0],[1.4999950860000126,0],[2.000060443000052,1],[2.499949982000089,0],[2.9999964140000657,0],[3.499956662000045,1],[4.000168746000099,0],[4.499930157000108,0],[4.999939161000043,0],[5.4999302870000975,1],[6.000006417999998,0],[6.49991358200009,0],[6.999855461000038,1],[7.499893504000056,0],[7.99928356800001,0],[8.499871664000011,0],[8.99987813700011,1],[9.499833970000054,0],[9.99993194000001,0]],"score":[],"motion":[]},"serverReceivedTimestamp":"2020-01-22T16:15:27.170Z"}