{"timestamp":"2020-01-22T16:15:27.050Z","videoElapsedSeconds":835.528696312,"metrics":{"time":[[0,0],[0.5001037740000811,0.5001037740000811],[0.9999544800000422,0.49985070599996106],[1.5000435670000343,0.5000890869999921],[1.9999362309999924,0.49989266399995813],[2.4999513930000603,0.5000151620000679],[2.999928225000076,0.49997683200001575],[3.500026442000035,0.5000982169999588],[3.9998932720000084,0.49986682999997356],[4.499894570000038,0.5000012980000292],[4.999862445000076,0.4999678750000385],[5.499098214000014,0.49923576899993805],[5.999894438000069,0.5007962240000552],[6.499866407000013,0.4999719689999438],[6.999395854999989,0.4995294479999757],[7.499816227999986,0.5004203729999972],[7.999821311000005,0.5000050830000191],[8.499969486000055,0.5001481750000494],[8.999779981000074,0.4998104950000197],[9.500074622000056,0.5002946409999822],[9.999746531000028,0.4996719089999715]],"bpm":[[0,138],[0.5001037740000811,138],[0.9999544800000422,138],[1.5000435670000343,138],[1.9999362309999924,138],[2.4999513930000603,138],[2.999928225000076,138],[3.500026442000035,138],[3.9998932720000084,139],[4.499894570000038,139],[4.999862445000076,138],[5.499098214000014,138],[5.999894438000069,138],[6.499866407000013,138],[6.999395854999989,138],[7.499816227999986,138],[7.999821311000005,138],[8.499969486000055,138],[8.999779981000074,137],[9.500074622000056,137],[9.999746531000028,137]],"kcal":[[0,0.10166077322603884],[0.5001037740000811,0.10170100125073606],[0.9999544800000422,0.10164953739396317],[1.5000435670000343,0.10169801450540024],[1.9999362309999924,0.10165806996426562],[2.4999513930000603,0.10168298113252722],[2.999928225000076,0.10167518635155194],[3.500026442000035,0.10169987118032715],[3.9998932720000084,0.10254327384968694],[4.499894570000038,0.10257085877456329],[4.999862445000076,0.10167336485786752],[5.499098214000014,0.10152448393134232],[5.999894438000069,0.10184181774118196],[6.499866407000013,0.10167419741285139],[6.999395854999989,0.10158420643275685],[7.499816227999986,0.10176538475864065],[7.999821311000005,0.10168093146913762],[8.499969486000055,0.10171003062901329],[8.999779981000074,0.10075100296543052],[9.500074622000056,0.10084859634445295],[9.999746531000028,0.10072306702042437]],"reps":[[0,1],[0.5001037740000811,0],[0.9999544800000422,0],[1.5000435670000343,0],[1.9999362309999924,1],[2.4999513930000603,0],[2.999928225000076,0],[3.500026442000035,1],[3.9998932720000084,0],[4.499894570000038,0],[4.999862445000076,0],[5.499098214000014,1],[5.999894438000069,0],[6.499866407000013,0],[6.999395854999989,0],[7.499816227999986,1],[7.999821311000005,0],[8.499969486000055,0],[8.999779981000074,1],[9.500074622000056,0],[9.999746531000028,0]],"score":[],"motion":[]},"serverReceivedTimestamp":"2020-01-22T16:15:37.651Z"}