{"timestamp":"2020-01-22T16:16:06.551Z","videoElapsedSeconds":875.02806503,"metrics":{"time":[[0,0],[0.49979482900005223,0.49979482900005223],[0.9987464050000199,0.49895157599996764],[1.4991129950000186,0.5003665899999987],[1.9997547619999523,0.5006417669999337],[2.499746554000012,0.49999179200005983],[2.99992523800006,0.5001786840000477],[3.4997222350000357,0.4997969969999758],[3.999702735000028,0.4999804999999924],[4.499677526000028,0.49997479099999964],[4.999788701000057,0.5001111750000291],[5.4988725990000376,0.49908389799998076],[5.998713486000042,0.49984088700000484],[6.499653714000033,0.5009402279999904],[6.999773305999952,0.5001195919999191],[7.499613844999999,0.4998405390000471],[7.9986733260000165,0.4990594810000175],[8.499602469000024,0.5009291430000076],[8.999702743000057,0.5001002740000331],[9.499570366000057,0.4998676230000001],[9.999535745999992,0.49996537999993507]],"bpm":[[0,141],[0.49979482900005223,141],[0.9987464050000199,141],[1.4991129950000186,142],[1.9997547619999523,142],[2.499746554000012,142],[2.99992523800006,142],[3.4997222350000357,143],[3.999702735000028,143],[4.499677526000028,143],[4.999788701000057,143],[5.4988725990000376,143],[5.998713486000042,143],[6.499653714000033,144],[6.999773305999952,144],[7.499613844999999,144],[7.9986733260000165,144],[8.499602469000024,143],[8.999702743000057,143],[9.499570366000057,143],[9.999535745999992,143]],"kcal":[[0,0.005857283006384498],[0.49979482900005223,0.10430916192035726],[0.9987464050000199,0.1041331716767174],[1.4991129950000186,0.10531983845697054],[1.9997547619999523,0.1053777591850116],[2.499746554000012,0.10524094896755129],[2.99992523800006,0.1052802869961907],[3.4997222350000357,0.10609028055575472],[3.999702735000028,0.1061292321398407],[4.499677526000028,0.10612802030900825],[4.999788701000057,0.10615697009644855],[5.4988725990000376,0.10593891335381549],[5.998713486000042,0.1060995969430972],[6.499653714000033,0.10722532009847958],[6.999773305999952,0.10704966449552814],[7.499613844999999,0.10698993372214788],[7.9986733260000165,0.10682274971617771],[8.499602469000024,0.10633059749942263],[8.999702743000057,0.10615465617668743],[9.499570366000057,0.10610527210672854],[9.999535745999992,0.10612602266667917]],"reps":[[0,0],[0.49979482900005223,0],[0.9987464050000199,0],[1.4991129950000186,0],[1.9997547619999523,0],[2.499746554000012,1],[2.99992523800006,0],[3.4997222350000357,0],[3.999702735000028,0],[4.499677526000028,0],[4.999788701000057,1],[5.4988725990000376,0],[5.998713486000042,0],[6.499653714000033,0],[6.999773305999952,0],[7.499613844999999,1],[7.9986733260000165,0],[8.499602469000024,0],[8.999702743000057,0],[9.499570366000057,1],[9.999535745999992,0]],"score":[],"motion":[]},"serverReceivedTimestamp":"2020-01-22T16:16:17.167Z"}