{"timestamp":"2020-01-22T16:16:17.049Z","videoElapsedSeconds":885.526713174,"metrics":{"time":[[0,0],[0.5010226410000769,0.5010226410000769],[1.0009645570000885,0.4999419160000116],[1.5011199980000356,0.5001554409999471],[2.000879952000105,0.49975995400006923],[2.5008818230000998,0.5000018709999949],[3.000908073000005,0.5000262499999053],[3.501014413000007,0.5001063400000021],[4.000812283000073,0.4997978700000658],[4.50086598900009,0.500053706000017],[4.9999891790000675,0.4991231899999775],[5.500780261000045,0.5007910819999779],[6.000370794000105,0.4995905330000596],[6.500533571000005,0.5001627769999004],[7.000348651000081,0.4998150800000758],[7.500506210000026,0.5001575589999447],[8.000733964999995,0.500227754999969],[8.50093778300004,0.5002038180000454],[9.000732319999997,0.499794536999957],[9.500822913000093,0.5000905930000954]],"bpm":[[0,143],[0.5010226410000769,143],[1.0009645570000885,143],[1.5011199980000356,143],[2.000879952000105,143],[2.5008818230000998,143],[3.000908073000005,144],[3.501014413000007,144],[4.000812283000073,144],[4.50086598900009,144],[4.9999891790000675,145],[5.500780261000045,145],[6.000370794000105,145],[6.500533571000005,145],[7.000348651000081,146],[7.500506210000026,146],[8.000733964999995,147],[8.50093778300004,147],[9.000732319999997,147],[9.500822913000093,147]],"kcal":[[0,0.10594496295597874],[0.5010226410000769,0.10635044401534467],[1.0009645570000885,0.10612104203984513],[1.5011199980000356,0.10616636629606274],[2.000879952000105,0.10608241755882532],[2.5008818230000998,0.10613376849239911],[3.000908073000005,0.10702968481477845],[3.501014413000007,0.10704682792969927],[4.000812283000073,0.10698080050240319],[4.50086598900009,0.10703556172031735],[4.9999891790000675,0.10772551927856623],[5.500780261000045,0.10808549961087784],[6.000370794000105,0.10782638569466095],[6.500533571000005,0.10794989284334079],[7.000348651000081,0.10876521486170874],[7.500506210000026,0.10883974202884897],[8.000733964999995,0.10974611787471246],[8.50093778300004,0.10974086628123544],[9.000732319999997,0.10965107318113129],[9.500822913000093,0.10971602558803782]],"reps":[[0,0],[0.5010226410000769,0],[1.0009645570000885,1],[1.5011199980000356,0],[2.000879952000105,0],[2.5008818230000998,0],[3.000908073000005,0],[3.501014413000007,1],[4.000812283000073,0],[4.50086598900009,0],[4.9999891790000675,0],[5.500780261000045,1],[6.000370794000105,0],[6.500533571000005,0],[7.000348651000081,0],[7.500506210000026,0],[8.000733964999995,1],[8.50093778300004,0],[9.000732319999997,0],[9.500822913000093,0]],"score":[],"motion":[]},"serverReceivedTimestamp":"2020-01-22T16:16:27.155Z"}