{"timestamp":"2020-01-22T16:16:27.050Z","videoElapsedSeconds":895.527431501,"metrics":{"time":[[0,0],[0.49996358199996394,0.49996358199996394],[0.9999992900000052,0.5000357080000413],[1.4999263739999833,0.4999270839999781],[1.9992327759999853,0.499306402000002],[2.5000244970000267,0.5007917210000414],[2.9997749079999494,0.4997504109999227],[3.5001156619999847,0.5003407540000353],[3.9998892820000265,0.4997736200000418],[4.499887827999942,0.4999985459999152],[4.999904410999989,0.5000165830000469],[5.498959767999963,0.4990553569999747],[5.999844787000029,0.5008850190000658],[6.499842123999997,0.49999733699996796],[6.99982928999998,0.4999871659999826],[7.499830485999951,0.5000011959999711],[7.999806568999929,0.49997608299997864],[8.50015853399998,0.5003519650000499],[8.99980748500002,0.49964895100004014],[9.472568498999863,0.47276101399984327]],"bpm":[[0,148],[0.49996358199996394,148],[0.9999992900000052,148],[1.4999263739999833,148],[1.9992327759999853,148],[2.5000244970000267,148],[2.9997749079999494,148],[3.5001156619999847,148],[3.9998892820000265,149],[4.499887827999942,149],[4.999904410999989,149],[5.498959767999963,150],[5.999844787000029,150],[6.499842123999997,150],[6.99982928999998,151],[7.499830485999951,151],[7.999806568999929,152],[8.50015853399998,152],[8.99980748500002,153],[9.472568498999863,153]],"kcal":[[0,0.11056371321983238],[0.49996358199996394,0.11057879018791403],[0.9999992900000052,0.11059474256148041],[1.4999263739999833,0.11057071779058748],[1.9992327759999853,0.11043343926247105],[2.5000244970000267,0.11076195274621413],[2.9997749079999494,0.11053164237128023],[3.5001156619999847,0.11066221071085253],[3.9998892820000265,0.11142706703054231],[4.499887827999942,0.11147721542465884],[4.999904410999989,0.11148123686545176],[5.498959767999963,0.11215593857943437],[5.999844787000029,0.11256713035610806],[6.499842123999997,0.11236763583814612],[6.99982928999998,0.11325602189118154],[7.499830485999951,0.11325919993672728],[7.999806568999929,0.11414416349827558],[8.50015853399998,0.11422997707602664],[8.99980748500002,0.11495954886390056],[9.472568498999863,0.10877315519443129]],"reps":[[0,1],[0.49996358199996394,0],[0.9999992900000052,0],[1.4999263739999833,0],[1.9992327759999853,1],[2.5000244970000267,0],[2.9997749079999494,0],[3.5001156619999847,0],[3.9998892820000265,1],[4.499887827999942,0],[4.999904410999989,0],[5.498959767999963,0],[5.999844787000029,1],[6.499842123999997,0],[6.99982928999998,0],[7.499830485999951,0],[7.999806568999929,1],[8.50015853399998,0],[8.99980748500002,0],[9.472568498999863,0]],"score":[],"motion":[]},"serverReceivedTimestamp":"2020-01-22T16:16:36.644Z"}