{"timestamp":"2020-01-22T16:16:41.542Z","videoElapsedSeconds":910.027199805,"metrics":{"time":[[0,0],[0.4999231230000305,0.4999231230000305],[0.9999342149999393,0.5000110919999088],[1.4998831299999438,0.4999489150000045],[1.999951292999981,0.5000681630000372],[2.4998547909999616,0.4999034979999806],[2.9998464609999473,0.4999916699999858],[3.499827001999961,0.49998054100001355],[3.999822664000021,0.4999956620000603],[4.499886457000002,0.5000637929999812],[4.999907778999955,0.5000213219999523],[5.499827442999958,0.49991966400000365],[5.999009265000041,0.4991818220000823],[6.49915651699996,0.5001472519999197],[7.000259227000015,0.5011027100000547],[7.498969825000017,0.4987105980000024],[7.999754157999973,0.500784332999956],[8.498817929999973,0.4990637719999995],[8.99974807000001,0.5009301400000368],[9.499703693000015,0.4999556230000053],[9.999795021999944,0.5000913289999289]],"bpm":[[0,157],[0.4999231230000305,157],[0.9999342149999393,157],[1.4998831299999438,158],[1.999951292999981,158],[2.4998547909999616,158],[2.9998464609999473,158],[3.499827001999961,158],[3.999822664000021,158],[4.499886457000002,158],[4.999907778999955,158],[5.499827442999958,158],[5.999009265000041,158],[6.49915651699996,157],[7.000259227000015,157],[7.498969825000017,155],[7.999754157999973,155],[8.498817929999973,154],[8.99974807000001,154],[9.499703693000015,153],[9.999795021999944,153]],"kcal":[[0,0.006451962236930146],[0.4999231230000305,0.1185848615808017],[0.9999342149999393,0.11860572837250231],[1.4998831299999438,0.11948158331069357],[1.999951292999981,0.11951008210211617],[2.4998547909999616,0.11947072921158611],[2.9998464609999473,0.11949180122484226],[3.499827001999961,0.11948914153202678],[3.999822664000021,0.11949275526329536],[4.499886457000002,0.11950903772636078],[4.999907778999955,0.11949888768467455],[5.499827442999958,0.11947459268487429],[5.999009265000041,0.11929825760795203],[6.49915651699996,0.1186380263679566],[7.000259227000015,0.11886466692423323],[7.498969825000017,0.1165204475738819],[7.999754157999973,0.11700496210257495],[8.498817929999973,0.11571393743023323],[8.99974807000001,0.11614667729654855],[9.499703693000015,0.11503010815296666],[9.999795021999944,0.11506133147585791]],"reps":[[0,0],[0.4999231230000305,0],[0.9999342149999393,1],[1.4998831299999438,0],[1.999951292999981,0],[2.4998547909999616,0],[2.9998464609999473,1],[3.499827001999961,0],[3.999822664000021,0],[4.499886457000002,0],[4.999907778999955,0],[5.499827442999958,0],[5.999009265000041,1],[6.49915651699996,0],[7.000259227000015,0],[7.498969825000017,1],[7.999754157999973,0],[8.498817929999973,0],[8.99974807000001,0],[9.499703693000015,1],[9.999795021999944,0]],"score":[],"motion":[]},"serverReceivedTimestamp":"2020-01-22T16:16:52.161Z"}