{"timestamp":"2020-01-22T16:16:52.036Z","videoElapsedSeconds":920.5269017,"metrics":{"time":[[0,0],[0.49994517499999347,0.49994517499999347],[1.0000317599999562,0.5000865849999627],[1.5002339799999618,0.5002022200000056],[1.9999735159999545,0.49973953599999277],[2.5001441049998903,0.5001705889999357],[2.9999658919999774,0.49982178700008717],[3.4999277569999094,0.499961864999932],[3.999922338999909,0.49999458199999935],[4.500023677999934,0.5001013390000253],[4.999906966999902,0.4998832889999676],[5.499213325999904,0.499306359000002],[5.999884798999915,0.5006714730000112],[6.5000709709999,0.5001861719999852],[6.999867174999963,0.49979620400006297],[7.499929841999915,0.5000626669999519],[7.999840881999944,0.49991104000002906],[8.50009141999999,0.5002505380000457],[8.999813539999991,0.49972212000000127],[9.4998642569999,0.5000507169999082],[9.999808046999988,0.4999437900000885]],"bpm":[[0,152],[0.49994517499999347,152],[1.0000317599999562,152],[1.5002339799999618,152],[1.9999735159999545,151],[2.5001441049998903,151],[2.9999658919999774,151],[3.4999277569999094,151],[3.999922338999909,150],[4.500023677999934,150],[4.999906966999902,149],[5.499213325999904,149],[5.999884798999915,149],[6.5000709709999,149],[6.999867174999963,149],[7.499929841999915,149],[7.999840881999944,149],[8.50009141999999,149],[8.999813539999991,149],[9.4998642569999,149],[9.999808046999988,149]],"kcal":[[0,0.11412836290738637],[0.49994517499999347,0.11413710722513838],[1.0000317599999562,0.11416939102171507],[1.5002339799999618,0.11419579040520521],[1.9999735159999545,0.11319992927399676],[2.5001441049998903,0.11329757047624672],[2.9999658919999774,0.11321856059436002],[3.4999277569999094,0.11325029076284376],[3.999922338999909,0.11236701668918213],[4.500023677999934,0.1123910088803687],[4.999906966999902,0.11145151829110683],[5.499213325999904,0.1113228888172701],[5.999884798999915,0.11162724791726289],[6.5000709709999,0.11151904759436491],[6.999867174999963,0.11143210224805575],[7.499929841999915,0.1114915115273006],[7.999840881999944,0.1114577055175235],[8.50009141999999,0.1115333983210064],[8.999813539999991,0.11141558484395434],[9.4998642569999,0.11148884721409436],[9.999808046999988,0.11146500729638066]],"reps":[[0,0],[0.49994517499999347,1],[1.0000317599999562,0],[1.5002339799999618,0],[1.9999735159999545,0],[2.5001441049998903,1],[2.9999658919999774,0],[3.4999277569999094,0],[3.999922338999909,1],[4.500023677999934,0],[4.999906966999902,0],[5.499213325999904,0],[5.999884798999915,1],[6.5000709709999,0],[6.999867174999963,0],[7.499929841999915,1],[7.999840881999944,0],[8.50009141999999,0],[8.999813539999991,0],[9.4998642569999,1],[9.999808046999988,0]],"score":[],"motion":[]},"serverReceivedTimestamp":"2020-01-22T16:17:02.673Z"}