{"timestamp":"2020-01-22T16:17:31.533Z","videoElapsedSeconds":960.025122812,"metrics":{"time":[[0,0],[0.5009521030000315,0.5009521030000315],[1.0010406080000394,0.5000885050000079],[1.5009511060000023,0.4999104979999629],[2.0009814690000667,0.5000303630000644],[2.500899926000102,0.49991845700003523],[3.001044024000066,0.5001440979999643],[3.5008772700000463,0.49983324599998014],[4.0008731460000035,0.4999958759999572],[4.500908939000055,0.5000357930000519],[5.001009457000009,0.5001005179999538],[5.5008482870000535,0.49983883000004425],[6.00092027300002,0.5000719859999663],[6.500742269000057,0.49982199600003696],[7.000773517000084,0.5000312480000275],[7.5008033100000375,0.5000297929999533],[8.000759067000104,0.4999557570000661],[8.5007731930001,0.5000141259999964],[9.00075670900003,0.4999835159999293],[9.499975359000018,0.4992186499999889],[10.00092652300009,0.500951164000071]],"bpm":[[0,148],[0.5009521030000315,148],[1.0010406080000394,148],[1.5009511060000023,147],[2.0009814690000667,147],[2.500899926000102,147],[3.001044024000066,147],[3.5008772700000463,147],[4.0008731460000035,147],[4.500908939000055,146],[5.001009457000009,146],[5.5008482870000535,146],[6.00092027300002,146],[6.500742269000057,145],[7.000773517000084,145],[7.5008033100000375,144],[8.000759067000104,144],[8.5007731930001,143],[9.00075670900003,143],[9.499975359000018,142],[10.00092652300009,142]],"kcal":[[0,0.005556505027771415],[0.5009521030000315,0.11079742502492665],[1.0010406080000394,0.11060641986877248],[1.5009511060000023,0.10967651413167495],[2.0009814690000667,0.1097028115897802],[2.500899926000102,0.10967826027500942],[3.001044024000066,0.10972776417303996],[3.5008772700000463,0.10965956563769111],[4.0008731460000035,0.10969524540749406],[4.500908939000055,0.10881324441869045],[5.001009457000009,0.10882732928487987],[5.5008482870000535,0.10877038312083677],[6.00092027300002,0.10882112041037156],[6.500742269000057,0.10787634224319625],[7.000773517000084,0.10792150500223187],[7.5008033100000375,0.10703044318732076],[8.000759067000104,0.10701459591983656],[8.5007731930001,0.10613636982133101],[9.00075670900003,0.10612987233632325],[9.499975359000018,0.10507821390054417],[10.00092652300009,0.10544288272188392]],"reps":[[0,0],[0.5009521030000315,0],[1.0010406080000394,0],[1.5009511060000023,0],[2.0009814690000667,0],[2.500899926000102,0],[3.001044024000066,0],[3.5008772700000463,0],[4.0008731460000035,0],[4.500908939000055,1],[5.001009457000009,0],[5.5008482870000535,0],[6.00092027300002,0],[6.500742269000057,0],[7.000773517000084,0],[7.5008033100000375,1],[8.000759067000104,0],[8.5007731930001,0],[9.00075670900003,0],[9.499975359000018,0],[10.00092652300009,0]],"score":[],"motion":[]},"serverReceivedTimestamp":"2020-01-22T16:17:42.181Z"}