{"timestamp":"2020-01-22T16:17:42.033Z","videoElapsedSeconds":970.525892915,"metrics":{"time":[[0,0],[0.5002801680000175,0.5002801680000175],[0.9999689109999963,0.4996887429999788],[1.4999620849999928,0.49999317399999654],[1.9999319600000263,0.4999698750000334],[2.4999095839999654,0.49997762399993917],[2.9999026250000043,0.49999304100003883],[3.498916589000032,0.49901396400002795],[3.999912859999995,0.5009962709999627],[4.499988876999964,0.5000760169999694],[4.99985429100002,0.49986541400005535],[5.4992160730000705,0.4993617820000509],[5.999842293000029,0.5006262199999583],[6.499949669999978,0.5001073769999493],[6.999810542999967,0.4998608729999887],[7.499937302000035,0.500126759000068],[7.999778423000066,0.4998411210000313],[8.499921545999996,0.5001431229999298],[8.999773834000052,0.49985228800005643],[9.499776000999987,0.5000021669999342],[9.999759667000035,0.4999836660000483]],"bpm":[[0,141],[0.5002801680000175,141],[0.9999689109999963,141],[1.4999620849999928,141],[1.9999319600000263,142],[2.4999095839999654,142],[2.9999026250000043,143],[3.498916589000032,143],[3.999912859999995,144],[4.499988876999964,144],[4.99985429100002,145],[5.4992160730000705,145],[5.999842293000029,147],[6.499949669999978,147],[6.999810542999967,147],[7.499937302000035,147],[7.999778423000066,149],[8.499921545999996,149],[8.999773834000052,150],[9.499776000999987,150],[9.999759667000035,151]],"kcal":[[0,0.10431933644727659],[0.5002801680000175,0.10441045409345744],[0.9999689109999963,0.1042870213516337],[1.4999620849999928,0.10435055730805398],[1.9999319600000263,0.10523633576005828],[2.4999095839999654,0.10523796681104085],[2.9999026250000043,0.10613189417707054],[3.498916589000032,0.10592406869144275],[3.999912859999995,0.10723731599794109],[4.499988876999964,0.10704033734818252],[4.99985429100002,0.10788571312936568],[5.4992160730000705,0.10777701447578122],[5.999842293000029,0.10983353802767411],[6.499949669999978,0.1097197078683751],[6.999810542999967,0.10966562678877512],[7.499937302000035,0.10972396012996673],[7.999778423000066,0.11144211672134123],[8.499921545999996,0.11150944960114799],[8.999773834000052,0.11233503803812873],[9.499776000999987,0.11236872131528197],[9.999759667000035,0.11325522907869331]],"reps":[[0,1],[0.5002801680000175,0],[0.9999689109999963,0],[1.4999620849999928,0],[1.9999319600000263,0],[2.4999095839999654,0],[2.9999026250000043,1],[3.498916589000032,0],[3.999912859999995,0],[4.499988876999964,0],[4.99985429100002,0],[5.4992160730000705,1],[5.999842293000029,0],[6.499949669999978,0],[6.999810542999967,0],[7.499937302000035,0],[7.999778423000066,0],[8.499921545999996,1],[8.999773834000052,0],[9.499776000999987,0],[9.999759667000035,0]],"score":[],"motion":[]},"serverReceivedTimestamp":"2020-01-22T16:17:52.664Z"}