{
    "timestamp": "2020-01-23T18:59:28.818Z",
    "videoElapsedSeconds": 0.459577001,
    "metrics": {
        "time": [
            [
                0,
                0
            ],
            [
                0.5000336910000001,
                0.5000336910000001
            ],
            [
                0.999920873,
                0.49988718199999993
            ],
            [
                1.498961656,
                0.4990407830000001
            ],
            [
                1.9998816709999998,
                0.5009200149999997
            ],
            [
                2.499868815,
                0.4999871440000003
            ],
            [
                2.999848781,
                0.4999799659999997
            ],
            [
                3.499918082,
                0.5000693010000004
            ],
            [
                3.999916416,
                0.4999983339999998
            ],
            [
                4.500074966,
                0.5001585500000001
            ],
            [
                4.999996984999999,
                0.49992201899999955
            ],
            [
                5.499988848999999,
                0.49999186400000006
            ],
            [
                5.999847772,
                0.49985892300000057
            ],
            [
                6.499855875,
                0.5000081029999999
            ],
            [
                6.999866023999999,
                0.5000101489999995
            ],
            [
                7.499901671999999,
                0.5000356479999999
            ],
            [
                8.000084309999998,
                0.5001826380000001
            ],
            [
                8.500024112999998,
                0.4999398030000002
            ],
            [
                8.999948202999999,
                0.4999240900000004
            ],
            [
                9.500100200999999,
                0.5001519979999998
            ],
            [
                9.999946223999999,
                0.4998460229999999
            ]
        ],
        "bpm": [
            [
                0,
                103
            ],
            [
                0.5000336910000001,
                103
            ],
            [
                0.999920873,
                103
            ],
            [
                1.498961656,
                103
            ],
            [
                1.9998816709999998,
                102
            ],
            [
                2.499868815,
                102
            ],
            [
                2.999848781,
                102
            ],
            [
                3.499918082,
                102
            ],
            [
                3.999916416,
                102
            ],
            [
                4.500074966,
                102
            ],
            [
                4.999996984999999,
                103
            ],
            [
                5.499988848999999,
                103
            ],
            [
                5.999847772,
                103
            ],
            [
                6.499855875,
                103
            ],
            [
                6.999866023999999,
                104
            ],
            [
                7.499901671999999,
                104
            ],
            [
                8.000084309999998,
                104
            ],
            [
                8.500024112999998,
                104
            ],
            [
                8.999948202999999,
                104
            ],
            [
                9.500100200999999,
                104
            ],
            [
                9.999946223999999,
                104
            ]
        ],
        "kcal": [
            [
                0,
                0.007740787343463657
            ],
            [
                0.5000336910000001,
                0.008422210985702085
            ],
            [
                0.999920873,
                0.008419743292561573
            ],
            [
                1.498961656,
                0.008405487151256715
            ],
            [
                1.9998816709999998,
                0.008437139595241894
            ],
            [
                2.499868815,
                0.008421426981220377
            ],
            [
                2.999848781,
                0.008421306080106014
            ],
            [
                3.499918082,
                0.008422810775153477
            ],
            [
                3.999916416,
                0.00842161545760231
            ],
            [
                4.500074966,
                0.008424314021678241
            ],
            [
                4.999996984999999,
                0.008420330062152075
            ],
            [
                5.499988848999999,
                0.008421506481535187
            ],
            [
                5.999847772,
                0.008419267318113204
            ],
            [
                6.499855875,
                0.008421779999673376
            ],
            [
                6.999866023999999,
                0.008421814461038648
            ],
            [
                7.499901671999999,
                0.008422243948014814
            ],
            [
                8.000084309999998,
                0.00842471974277639
            ],
            [
                8.500024112999998,
                0.008420629603168753
            ],
            [
                8.999948202999999,
                0.008420364944599542
            ],
            [
                9.500100200999999,
                0.008424203664461569
            ],
            [
                9.999946223999999,
                0.008419050039710415
            ]
        ],
        "reps": [],
        "score": [],
        "motion": []
    },
    "serverReceivedTimestamp": "2020-01-23T18:59:39.422Z"
}
