{"timestamp":"2020-01-23T19:17:03.804Z","videoElapsedSeconds":1055.45729122,"metrics":{"time":[[0,0],[0.500934032000032,0.500934032000032],[1.0025899700001446,0.5016559380001127],[1.4999603530000059,0.49737038299986125],[2.0000754070001676,0.5001150540001618],[2.4999428440000884,0.49986743699992076],[3.001506359000132,0.5015635150000435],[3.500868760000003,0.49936240099987117],[4.000014369000155,0.49914560900015204],[4.500043037000069,0.5000286679999135],[5.000108012000055,0.5000649749999866],[5.499364614000115,0.4992566020000595],[5.999559038000143,0.5001944240000284],[6.500454686000012,0.5008956479998687],[7.000131668000222,0.49967698200021005],[7.499226289000035,0.49909462099981283],[8.002266574000032,0.5030402849999973],[8.500366065000208,0.4980994910001755],[9.000474149000183,0.5001080839999759],[9.500593460000118,0.5001193109999349],[10.000378630000114,0.49978516999999556]],"bpm":[[0,133],[0.500934032000032,133],[1.0025899700001446,133],[1.4999603530000059,135],[2.0000754070001676,135],[2.4999428440000884,137],[3.001506359000132,137],[3.500868760000003,138],[4.000014369000155,138],[4.500043037000069,138],[5.000108012000055,138],[5.499364614000115,139],[5.999559038000143,139],[6.500454686000012,139],[7.000131668000222,139],[7.499226289000035,139],[8.002266574000032,139],[8.500366065000208,139],[9.000474149000183,139],[9.500593460000118,139],[10.000378630000114,139]],"kcal":[[0,0.09069330769733948],[0.500934032000032,0.09934886635312246],[1.0025899700001446,0.0994920399810654],[1.4999603530000059,0.10041411834197617],[2.0000754070001676,0.10096824003489177],[2.4999428440000884,0.10269916576024032],[3.001506359000132,0.10304762973845488],[3.500868760000003,0.10348496359661048],[4.000014369000155,0.10344003688175557],[4.500043037000069,0.10362303689990071],[5.000108012000055,0.10363056095171828],[5.499364614000115,0.10435240885506353],[5.999559038000143,0.10454842826548688],[6.500454686000012,0.10469499500739313],[7.000131668000222,0.10444027482513675],[7.499226289000035,0.10431855230214708],[8.002266574000032,0.10514325755652429],[8.500366065000208,0.10411055462686329],[9.000474149000183,0.10453038186019165],[9.500593460000118,0.10453272847811365],[10.000378630000114,0.10446288780279515]],"reps":[[0,0],[0.500934032000032,0],[1.0025899700001446,0],[1.4999603530000059,0],[2.0000754070001676,0],[2.4999428440000884,0],[3.001506359000132,1],[3.500868760000003,0],[4.000014369000155,0],[4.500043037000069,0],[5.000108012000055,1],[5.499364614000115,0],[5.999559038000143,0],[6.500454686000012,0],[7.000131668000222,0],[7.499226289000035,1],[8.002266574000032,0],[8.500366065000208,0],[9.000474149000183,0],[9.500593460000118,0],[10.000378630000114,1]],"score":[],"motion":[]},"serverReceivedTimestamp":"2020-01-23T19:17:14.557Z"}