{"timestamp":"2020-01-23T19:17:14.302Z","videoElapsedSeconds":1065.957157818,"metrics":{"time":[[0,0],[0.5000532609999482,0.5000532609999482],[0.9995845509999981,0.4995312900000499],[1.5000479089999317,0.5004633579999336],[1.9994915560000663,0.49944364700013466],[2.5000767280000673,0.500585172000001],[3.0001041840000653,0.500027455999998],[3.5000985579999906,0.4999943739999253],[4.00011771100003,0.5000191530000393],[4.500195137999981,0.5000774269999511],[4.999236795999877,0.4990416579998964],[5.500192548999848,0.5009557529999711],[5.99945121199994,0.4992586630000915],[6.500146676999975,0.5006954650000353],[7.000182000999985,0.5000353240000095],[7.500186949999943,0.5000049489999583],[8.00033442799986,0.5001474779999171],[8.500217195000005,0.49988276700014467],[9.00019492599995,0.49997773099994447],[9.500085473999889,0.49989054799993937],[10.000085525000031,0.5000000510001428]],"bpm":[[0,139],[0.5000532609999482,139],[0.9995845509999981,139],[1.5000479089999317,139],[1.9994915560000663,139],[2.5000767280000673,139],[3.0001041840000653,139],[3.5000985579999906,139],[4.00011771100003,140],[4.500195137999981,140],[4.999236795999877,141],[5.500192548999848,141],[5.99945121199994,141],[6.500146676999975,142],[7.000182000999985,142],[7.500186949999943,142],[8.00033442799986,142],[8.500217195000005,142],[9.00019492599995,143],[9.500085473999889,143],[10.000085525000031,143]],"kcal":[[0,0.10440076795402858],[0.5000532609999482,0.10451892299897551],[0.9995845509999981,0.10440982292704122],[1.5000479089999317,0.10460463966179234],[1.9994915560000663,0.10439150417447231],[2.5000767280000673,0.10463010068581961],[3.0001041840000653,0.10451352935191201],[3.5000985579999906,0.10450661469843825],[4.00011771100003,0.10540252272450765],[4.500195137999981,0.10541480670715729],[4.999236795999877,0.10608545726934861],[5.500192548999848,0.1064923524455023],[5.99945121199994,0.1061315878364193],[6.500146676999975,0.10732895445332678],[7.000182000999985,0.10718744679392642],[7.500186949999943,0.10718093561652436],[8.00033442799986,0.10721148809725206],[8.500217195000005,0.1071547447136509],[9.00019492599995,0.1080657562131048],[9.500085473999889,0.10804691238018922],[10.000085525000031,0.10807058048336836]],"reps":[[0,0],[0.5000532609999482,0],[0.9995845509999981,0],[1.5000479089999317,0],[1.9994915560000663,1],[2.5000767280000673,0],[3.0001041840000653,0],[3.5000985579999906,0],[4.00011771100003,0],[4.500195137999981,1],[4.999236795999877,0],[5.500192548999848,0],[5.99945121199994,0],[6.500146676999975,1],[7.000182000999985,0],[7.500186949999943,0],[8.00033442799986,0],[8.500217195000005,0],[9.00019492599995,1],[9.500085473999889,0],[10.000085525000031,0]],"score":[],"motion":[]},"serverReceivedTimestamp":"2020-01-23T19:17:24.974Z"}