{"timestamp":"2020-01-23T19:17:38.804Z","videoElapsedSeconds":1090.457278609,"metrics":{"time":[[0,0],[0.5000147729999753,0.5000147729999753],[0.9999615060000906,0.4999467330001153],[1.499943008999935,0.49998150299984445],[1.9999574759999632,0.5000144670000282],[2.4999584659999528,0.5000009899999895],[3.0004826100000628,0.50052414400011],[3.4999482400000943,0.4994656300000315],[3.9999989600000845,0.5000507199999902],[4.499954037999942,0.49995507799985717],[4.999519507000059,0.49956546900011745],[5.500118461000056,0.5005989539999973],[6.000078067000004,0.4999596059999476],[6.500119950999988,0.5000418839999838],[7.000116726999977,0.49999677599998904],[7.500126521000084,0.5000097940001069],[8.000073059999977,0.49994653899989316],[8.500118377000035,0.5000453170000583],[8.999929175000034,0.4998107979999986],[9.499891565000098,0.49996239000006426],[10.000140445999932,0.500248880999834]],"bpm":[[0,148],[0.5000147729999753,148],[0.9999615060000906,147],[1.499943008999935,147],[1.9999574759999632,147],[2.4999584659999528,146],[3.0004826100000628,146],[3.4999482400000943,144],[3.9999989600000845,144],[4.499954037999942,142],[4.999519507000059,142],[5.500118461000056,141],[6.000078067000004,141],[6.500119950999988,141],[7.000116726999977,141],[7.500126521000084,142],[8.000073059999977,143],[8.500118377000035,143],[8.999929175000034,144],[9.499891565000098,144],[10.000140445999932,145]],"kcal":[[0,0.10290967573354881],[0.5000147729999753,0.11252736764554049],[0.9999615060000906,0.11162145555306283],[1.499943008999935,0.11162921853604317],[1.9999574759999632,0.1116365782994709],[2.4999584659999528,0.11074287286061034],[3.0004826100000628,0.11085874378502963],[3.4999482400000943,0.10884481290868345],[3.9999989600000845,0.10897231720078106],[4.499954037999942,0.10717024528143536],[4.999519507000059,0.1070867287938481],[5.500118461000056,0.1064165046992096],[6.000078067000004,0.10628059314983845],[6.500119950999988,0.10629808367215683],[7.000116726999977,0.10628849468749144],[7.500126521000084,0.10718197418954256],[8.000073059999977,0.1080590143386885],[8.500118377000035,0.10808036432814448],[8.999929175000034,0.10892003279193846],[9.499891565000098,0.10895306810386891],[10.000140445999932,0.10990663901087178]],"reps":[[0,0],[0.5000147729999753,0],[0.9999615060000906,0],[1.499943008999935,0],[1.9999574759999632,0],[2.4999584659999528,0],[3.0004826100000628,0],[3.4999482400000943,1],[3.9999989600000845,0],[4.499954037999942,0],[4.999519507000059,0],[5.500118461000056,0],[6.000078067000004,1],[6.500119950999988,0],[7.000116726999977,0],[7.500126521000084,0],[8.000073059999977,1],[8.500118377000035,0],[8.999929175000034,0],[9.499891565000098,0],[10.000140445999932,0]],"score":[],"motion":[]},"serverReceivedTimestamp":"2020-01-23T19:17:49.423Z"}