{"timestamp":"2020-01-23T19:17:49.304Z","videoElapsedSeconds":1100.958502838,"metrics":{"time":[[0,0],[0.49872844400010763,0.49872844400010763],[0.9987753240000075,0.5000468799998998],[1.4987245239999538,0.49994919999994636],[1.9987097640000684,0.4999852400001146],[2.4982299820001117,0.4995202180000433],[2.998728296000081,0.5004983139999695],[3.498772777000113,0.5000444810000317],[3.998744717000136,0.4999719400000231],[4.498738933000141,0.4999942160000046],[4.998758526000074,0.5000195929999336],[5.497982479000029,0.49922395299995515],[5.998018193000007,0.5000357139999778],[6.497973080000065,0.4999548870000581],[6.998990432000028,0.5010173519999626],[7.49789567300013,0.49890524100010225],[7.998121338000146,0.5002256650000163],[8.49933890300008,0.5012175649999335],[8.998828654000135,0.49948975100005555],[9.041497161999814,0.042668507999678695]],"bpm":[[0,145],[0.49872844400010763,145],[0.9987753240000075,146],[1.4987245239999538,146],[1.9987097640000684,146],[2.4982299820001117,146],[2.998728296000081,146],[3.498772777000113,146],[3.998744717000136,147],[4.498738933000141,147],[4.998758526000074,148],[5.497982479000029,148],[5.998018193000007,149],[6.497973080000065,149],[6.998990432000028,150],[7.49789567300013,150],[7.998121338000146,151],[8.49933890300008,151],[8.998828654000135,152],[9.041497161999814,152]],"kcal":[[0,0.11009007025125697],[0.49872844400010763,0.10957259304532417],[0.9987753240000075,0.11075303682133697],[1.4987245239999538,0.1107314021365419],[1.9987097640000684,0.11073938446704992],[2.4982299820001117,0.11063638892651854],[2.998728296000081,0.11085302281951404],[3.498772777000113,0.11075250547811426],[3.998744717000136,0.11162708343666344],[4.498738933000141,0.11163205692559279],[4.998758526000074,0.11252845237730572],[5.497982479000029,0.11234939511814934],[5.998018193000007,0.1134228387080585],[6.497973080000065,0.11340450476206528],[6.998990432000028,0.11453801015076291],[7.49789567300013,0.11405515862840372],[7.998121338000146,0.11524811860825633],[8.49933890300008,0.11547664468525798],[8.998828654000135,0.1159683554806852],[9.041497161999814,0.009906502973544793]],"reps":[[0,1],[0.49872844400010763,0],[0.9987753240000075,0],[1.4987245239999538,0],[1.9987097640000684,1],[2.4982299820001117,0],[2.998728296000081,0],[3.498772777000113,0],[3.998744717000136,0],[4.498738933000141,1],[4.998758526000074,0],[5.497982479000029,0],[5.998018193000007,0],[6.497973080000065,1],[6.998990432000028,0],[7.49789567300013,0],[7.998121338000146,0],[8.49933890300008,1],[8.998828654000135,0],[9.041497161999814,0]],"score":[],"motion":[]},"serverReceivedTimestamp":"2020-01-23T19:17:58.952Z"}