{"timestamp":"2020-01-23T19:18:13.804Z","videoElapsedSeconds":1125.456527532,"metrics":{"time":[[0,0],[0.5006800209998801,0.5006800209998801],[1.0007655839999643,0.5000855630000842],[1.500764069999832,0.4999984859998676],[2.000938007999821,0.500173937999989],[2.500782778999792,0.49984477099997093],[3.0007094479999523,0.4999266690001605],[3.50070832099982,0.49999887299986767],[4.000114465999786,0.4994061449999663],[4.500720123999827,0.5006056580000404],[5.000704722999899,0.4999845990000722],[5.499854173999893,0.49914945099999386],[6.000765592999869,0.5009114189999764],[6.500487305999968,0.49972171300009904],[7.000840147999952,0.5003528419999839],[7.500768004999827,0.4999278569998751],[8.00118164499986,0.5004136400000334],[8.500817134999807,0.499635489999946],[9.00075445199991,0.4999373170001036],[9.50090109599978,0.5001466439998694],[10.000815403999923,0.49991430800014314]],"bpm":[[0,153],[0.5006800209998801,153],[1.0007655839999643,154],[1.500764069999832,154],[2.000938007999821,154],[2.500782778999792,154],[3.0007094479999523,154],[3.50070832099982,154],[4.000114465999786,154],[4.500720123999827,154],[5.000704722999899,154],[5.499854173999893,154],[6.000765592999869,154],[6.500487305999968,155],[7.000840147999952,155],[7.500768004999827,155],[8.00118164499986,155],[8.500817134999807,156],[9.00075445199991,156],[9.50090109599978,156],[10.000815403999923,157]],"kcal":[[0,0.10680691386951609],[0.5006800209998801,0.11713661089575267],[1.0007655839999643,0.11788838158575121],[1.500764069999832,0.11786785436523457],[2.000938007999821,0.11790921479207075],[2.500782778999792,0.11783161814106814],[3.0007094479999523,0.11785092448264603],[3.50070832099982,0.11786794559523013],[4.000114465999786,0.11772821801699382],[4.500720123999827,0.11801098692042201],[5.000704722999899,0.117864580693583],[5.499854173999893,0.11766770589175271],[6.000765592999869,0.1180830659246993],[6.500487305999968,0.11869280786090239],[7.000840147999952,0.11884271224001983],[7.500768004999827,0.11874177073267797],[8.00118164499986,0.11885715284796314],[8.500817134999807,0.11956237373831415],[9.00075445199991,0.11963460069840694],[9.50090109599978,0.11968469248227824],[10.000815403999923,0.12051963672227627]],"reps":[[0,0],[0.5006800209998801,1],[1.0007655839999643,0],[1.500764069999832,0],[2.000938007999821,0],[2.500782778999792,0],[3.0007094479999523,1],[3.50070832099982,0],[4.000114465999786,0],[4.500720123999827,1],[5.000704722999899,0],[5.499854173999893,0],[6.000765592999869,0],[6.500487305999968,1],[7.000840147999952,0],[7.500768004999827,0],[8.00118164499986,0],[8.500817134999807,0],[9.00075445199991,1],[9.50090109599978,0],[10.000815403999923,0]],"score":[],"motion":[]},"serverReceivedTimestamp":"2020-01-23T19:18:24.419Z"}