{"timestamp":"2020-01-23T19:18:24.299Z","videoElapsedSeconds":1135.95735912,"metrics":{"time":[[0,0],[0.49986468099996273,0.49986468099996273],[0.9998590419997981,0.4999943609998354],[1.4998459439998442,0.49998690200004603],[1.9998477729998285,0.5000018289999844],[2.49945658799993,0.49960881500010146],[2.999867558999995,0.5004109710000648],[3.4994835929999226,0.4996160339999278],[3.9988547349998953,0.4993711419999727],[4.499888704999876,0.5010339699999804],[4.999907738999809,0.5000190339999335],[5.499943519999988,0.5000357810001788],[5.999073195999927,0.4991296759999386],[6.499979008999844,0.5009058129999175],[7.000032706999946,0.5000536980001016],[7.4999700659998325,0.4999373589998868],[7.999985806999803,0.5000157409999701],[8.499965521999911,0.4999797150001086],[9.000033455999983,0.5000679340000715],[9.500044196999852,0.5000107409998691],[9.99995872999989,0.4999145330000374]],"bpm":[[0,157],[0.49986468099996273,157],[0.9998590419997981,158],[1.4998459439998442,158],[1.9998477729998285,158],[2.49945658799993,158],[2.999867558999995,160],[3.4994835929999226,160],[3.9988547349998953,161],[4.499888704999876,161],[4.999907738999809,161],[5.499943519999988,161],[5.999073195999927,162],[6.499979008999844,162],[7.000032706999946,163],[7.4999700659998325,164],[7.999985806999803,164],[8.499965521999911,164],[9.000033455999983,164],[9.500044196999852,164],[9.99995872999989,165]],"kcal":[[0,0.12054419704852463],[0.49986468099996273,0.12050767261575311],[0.9998590419997981,0.12142962061148858],[1.4998459439998442,0.12142780910402926],[1.9998477729998285,0.12143143430479304],[2.49945658799993,0.12133598614652712],[2.999867558999995,0.12331365295991956],[3.4994835929999226,0.12311776080119255],[3.9988547349998953,0.12394698781812621],[4.499888704999876,0.12435971195159368],[4.999907738999809,0.1241077985960678],[5.499943519999988,0.12411195530449731],[5.999073195999927,0.12477619879630941],[6.499979008999844,0.12522021091190816],[7.000032706999946,0.12589798314815168],[7.4999700659998325,0.1267592757248536],[7.999985806999803,0.1267791495058015],[8.499965521999911,0.1267700151021257],[9.000033455999983,0.12679238305750887],[9.500044196999852,0.1267778817541922],[9.99995872999989,0.12764403064535876]],"reps":[[0,0],[0.49986468099996273,1],[0.9998590419997981,0],[1.4998459439998442,0],[1.9998477729998285,0],[2.49945658799993,1],[2.999867558999995,0],[3.4994835929999226,0],[3.9988547349998953,0],[4.499888704999876,1],[4.999907738999809,0],[5.499943519999988,0],[5.999073195999927,0],[6.499979008999844,1],[7.000032706999946,0],[7.4999700659998325,0],[7.999985806999803,0],[8.499965521999911,1],[9.000033455999983,0],[9.500044196999852,0],[9.99995872999989,0]],"score":[],"motion":[]},"serverReceivedTimestamp":"2020-01-23T19:18:34.915Z"}