{"timestamp":"2020-01-23T19:18:48.805Z","videoElapsedSeconds":1160.457123281,"metrics":{"time":[[0,0],[0.4996329530001731,0.4996329530001731],[1.0001203520000672,0.5004873989998941],[1.5001389430001382,0.500018591000071],[2.000123222000184,0.4999842790000457],[2.500230838000107,0.5001076159999229],[2.9992932190000374,0.4990623809999306],[3.500108252000018,0.5008150329999808],[3.999393847000192,0.499285595000174],[4.5001179360001515,0.5007240889999593],[5.000130817000127,0.5000128809999751],[5.500159719000067,0.50002890199994],[6.00022065600001,0.5000609369999438],[6.500082017000068,0.4998613610000575],[7.000268256000027,0.5001862389999587],[7.50027526000008,0.5000070040000537],[8.000077178000083,0.49980191800000284],[8.500217035000105,0.500139857000022],[9.000141886000165,0.4999248510000598],[9.500282603000187,0.500140717000022],[10.000237526000092,0.49995492299990474]],"bpm":[[0,171],[0.4996329530001731,171],[1.0001203520000672,171],[1.5001389430001382,171],[2.000123222000184,170],[2.500230838000107,170],[2.9992932190000374,170],[3.500108252000018,170],[3.999393847000192,170],[4.5001179360001515,169],[5.000130817000127,169],[5.500159719000067,168],[6.00022065600001,168],[6.500082017000068,168],[7.000268256000027,168],[7.50027526000008,167],[8.000077178000083,167],[8.500217035000105,167],[9.000141886000165,167],[9.500282603000187,167],[10.000237526000092,167]],"kcal":[[0,0.12160395472196468],[0.4996329530001731,0.1329123794817581],[1.0001203520000672,0.13313967924307218],[1.5001389430001382,0.13301496691895018],[2.000123222000184,0.13211517253445568],[2.500230838000107,0.13214776293720043],[2.9992932190000374,0.1318715714484616],[3.500108252000018,0.1323346898525894],[3.999393847000192,0.13193055321527483],[4.5001179360001515,0.13141867433801152],[5.000130817000127,0.13123201263231413],[5.500159719000067,0.13034547126440557],[6.00022065600001,0.13035382201604367],[6.500082017000068,0.1303017973677599],[7.000268256000027,0.13038648522446417],[7.50027526000008,0.12944905579727922],[8.000077178000083,0.1293959601629152],[8.500217035000105,0.1294834507062868],[9.000141886000165,0.12942778683865458],[9.500282603000187,0.12948367335554392],[10.000237526000092,0.12943557231356734]],"reps":[[0,0],[0.4996329530001731,0],[1.0001203520000672,0],[1.5001389430001382,1],[2.000123222000184,0],[2.500230838000107,0],[2.9992932190000374,1],[3.500108252000018,0],[3.999393847000192,0],[4.5001179360001515,0],[5.000130817000127,1],[5.500159719000067,0],[6.00022065600001,1],[6.500082017000068,0],[7.000268256000027,0],[7.50027526000008,0],[8.000077178000083,1],[8.500217035000105,0],[9.000141886000165,0],[9.500282603000187,1],[10.000237526000092,0]],"score":[],"motion":[]},"serverReceivedTimestamp":"2020-01-23T19:18:59.434Z"}