{"timestamp":"2020-01-23T19:18:59.300Z","videoElapsedSeconds":1170.958686901,"metrics":{"time":[[0,0],[0.4985877970000274,0.4985877970000274],[0.9985104889999548,0.49992269199992734],[1.4985525900001448,0.5000421010001901],[1.998566369999935,0.5000137799997901],[2.4980938670000796,0.49952749700014465],[2.9984724299999925,0.5003785629999129],[3.4986238230001163,0.5001513930001238],[3.9985797090000688,0.49995588599995244],[4.497969118000128,0.49938940900005946],[4.999120087999927,0.5011509699997987],[5.498082750000094,0.49896266200016726],[5.9981886130001385,0.5001058630000443],[6.498993004000113,0.5008043909999742],[6.99901044000012,0.5000174360000074],[7.4985904100001335,0.4995799700000134],[7.998755653999979,0.5001652439998452],[8.498931137,0.5001754830000209],[8.998247271000082,0.49931613400008246],[9.041313098999808,0.043065827999726025]],"bpm":[[0,167],[0.4985877970000274,168],[0.9985104889999548,168],[1.4985525900001448,168],[1.998566369999935,168],[2.4980938670000796,168],[2.9984724299999925,168],[3.4986238230001163,168],[3.9985797090000688,168],[4.497969118000128,168],[4.999120087999927,168],[5.498082750000094,168],[5.9981886130001385,169],[6.498993004000113,169],[6.99901044000012,169],[7.4985904100001335,169],[7.998755653999979,170],[8.498931137,170],[8.998247271000082,170],[9.041313098999808,170]],"kcal":[[0,0.1297905609234791],[0.4985877970000274,0.12996980995842147],[0.9985104889999548,0.13031778487978007],[1.4985525900001448,0.13034891192533726],[1.998566369999935,0.1303415293237935],[2.4980938670000796,0.13021476707764507],[2.9984724299999925,0.1304366194513243],[3.4986238230001163,0.13037740171298717],[3.9985797090000688,0.13032643775476213],[4.497969118000128,0.13017877086747587],[4.999120087999927,0.13063796732142813],[5.498082750000094,0.1300675282201226],[5.9981886130001385,0.1312564164336387],[6.498993004000113,0.13143975018121634],[6.99901044000012,0.13123320812515937],[7.4985904100001335,0.13111839199577768],[7.998755653999979,0.13216299048229],[8.498931137,0.13216569602190717],[8.998247271000082,0.13193862279948257],[9.041313098999808,0.011379656392201235]],"reps":[[0,0],[0.4985877970000274,1],[0.9985104889999548,0],[1.4985525900001448,0],[1.998566369999935,0],[2.4980938670000796,1],[2.9984724299999925,0],[3.4986238230001163,0],[3.9985797090000688,1],[4.497969118000128,0],[4.999120087999927,0],[5.498082750000094,1],[5.9981886130001385,0],[6.498993004000113,0],[6.99901044000012,1],[7.4985904100001335,0],[7.998755653999979,0],[8.498931137,0],[8.998247271000082,1],[9.041313098999808,0]],"score":[],"motion":[]},"serverReceivedTimestamp":"2020-01-23T19:19:08.958Z"}