{"timestamp":"2020-01-23T19:19:23.808Z","videoElapsedSeconds":1195.45754431,"metrics":{"time":[[0,0],[0.49977844399995774,0.49977844399995774],[0.9996948959999372,0.49991645199997947],[1.4997120489999816,0.5000171530000443],[1.9997532259999389,0.5000411769999573],[2.4996872629999416,0.4999340370000027],[2.998786275999919,0.4990990129999773],[3.499729118999994,0.5009428430000753],[4.000169367999888,0.5004402489998938],[4.499699890000102,0.49953052200021375],[4.999724459999925,0.5000245699998231],[5.499291493000101,0.4995670330001758],[5.999869301999979,0.5005778089998785],[6.499559137999995,0.49968983600001593],[6.999772187999952,0.5002130499999566],[7.499746779999896,0.4999745919999441],[7.999825992000069,0.5000792120001734],[8.499916032000101,0.5000900400000319],[8.999720268999909,0.49980423699980747],[9.499653467999906,0.49993319899999733],[9.999815184999989,0.5001617170000827]],"bpm":[[0,168],[0.49977844399995774,166],[0.9996948959999372,166],[1.4997120489999816,165],[1.9997532259999389,164],[2.4996872629999416,164],[2.998786275999919,163],[3.499729118999994,163],[4.000169367999888,163],[4.499699890000102,163],[4.999724459999925,163],[5.499291493000101,162],[5.999869301999979,162],[6.499559137999995,162],[6.999772187999952,162],[7.499746779999896,162],[7.999825992000069,162],[8.499916032000101,162],[8.999720268999909,162],[9.499653467999906,162],[9.999815184999989,162]],"kcal":[[0,0.11927076309547896],[0.49977844399995774,0.1284995828412707],[0.9996948959999372,0.12853506650537116],[1.4997120489999816,0.1276702327850467],[1.9997532259999389,0.12678559881165488],[2.4996872629999416,0.1267584334307308],[2.998786275999919,0.1256576231297414],[3.499729118999994,0.1261218422310275],[4.000169367999888,0.12599530467872408],[4.499699890000102,0.1257662636878601],[4.999724459999925,0.12589064962276658],[5.499291493000101,0.12488553259598226],[5.999869301999979,0.12513821399951688],[6.499559137999995,0.12491623181555912],[6.999772187999952,0.12504702879519938],[7.499746779999896,0.12498741726688356],[7.999825992000069,0.12501357096315605],[8.499916032000101,0.12501627782818106],[8.999720268999909,0.12494483063983036],[9.499653467999906,0.12497706953274053],[9.999815184999989,0.12503419618494785]],"reps":[[0,0],[0.49977844399995774,0],[0.9996948959999372,0],[1.4997120489999816,0],[1.9997532259999389,0],[2.4996872629999416,1],[2.998786275999919,0],[3.499729118999994,0],[4.000169367999888,0],[4.499699890000102,1],[4.999724459999925,0],[5.499291493000101,0],[5.999869301999979,0],[6.499559137999995,1],[6.999772187999952,0],[7.499746779999896,0],[7.999825992000069,0],[8.499916032000101,1],[8.999720268999909,0],[9.499653467999906,0],[9.999815184999989,0]],"score":[],"motion":[]},"serverReceivedTimestamp":"2020-01-23T19:19:34.427Z"}