{"timestamp":"2020-01-23T19:19:34.298Z","videoElapsedSeconds":1205.957712814,"metrics":{"time":[[0,0],[0.4995142290001695,0.4995142290001695],[0.9995616730000165,0.500047443999847],[1.4995076920001793,0.4999460190001628],[1.9995278680000865,0.5000201759999072],[2.499535466999987,0.5000075989999004],[2.999525199000118,0.49998973200013097],[3.4990449250001348,0.4995197260000168],[3.999543567000046,0.5004986419999113],[4.499529531000007,0.4999859639999613],[4.999528564000002,0.4999990329999946],[5.499530550000145,0.500001986000143],[5.999588586000073,0.5000580359999276],[6.499594766999962,0.5000061809998897],[6.999633872000004,0.5000391050000417],[7.499659434000023,0.5000255620000189],[7.999692041000117,0.5000326070000938],[8.50037241200016,0.500680371000044],[8.999634444000094,0.49926203199993324],[9.499105900000131,0.4994714560000375],[9.999696774000085,0.5005908739999541]],"bpm":[[0,162],[0.4995142290001695,162],[0.9995616730000165,162],[1.4995076920001793,162],[1.9995278680000865,161],[2.499535466999987,161],[2.999525199000118,161],[3.4990449250001348,161],[3.999543567000046,161],[4.499529531000007,161],[4.999528564000002,161],[5.499530550000145,161],[5.999588586000073,162],[6.499594766999962,162],[6.999633872000004,162],[7.499659434000023,162],[7.999692041000117,162],[8.50037241200016,162],[8.999634444000094,163],[9.499105900000131,163],[9.999696774000085,163]],"kcal":[[0,0.1250820942971494],[0.4995142290001695,0.12487233225402941],[0.9995616730000165,0.12500562935897042],[1.4995076920001793,0.12498027437301779],[1.9995278680000865,0.12410808204748285],[2.499535466999987,0.12410496035875172],[2.999525199000118,0.12410052565955405],[3.4990449250001348,0.123983867280503],[3.999543567000046,0.12422684025052275],[4.499529531000007,0.12409959041874447],[4.999528564000002,0.12410283422490721],[5.499530550000145,0.1241035671777005],[5.999588586000073,0.12500827722699198],[6.499594766999962,0.12499531412320468],[6.999633872000004,0.1250035447129405],[7.499659434000023,0.12500015913170903],[7.999692041000117,0.12500192029393226],[8.50037241200016,0.12516385322142043],[8.999634444000094,0.12569866624849318],[9.499105900000131,0.12575139270435462],[9.999696774000085,0.1260332273734169]],"reps":[[0,0],[0.4995142290001695,1],[0.9995616730000165,0],[1.4995076920001793,0],[1.9995278680000865,0],[2.499535466999987,1],[2.999525199000118,0],[3.4990449250001348,0],[3.999543567000046,0],[4.499529531000007,1],[4.999528564000002,0],[5.499530550000145,0],[5.999588586000073,0],[6.499594766999962,1],[6.999633872000004,0],[7.499659434000023,0],[7.999692041000117,0],[8.50037241200016,1],[8.999634444000094,0],[9.499105900000131,0],[9.999696774000085,0]],"score":[],"motion":[]},"serverReceivedTimestamp":"2020-01-23T19:19:44.922Z"}