{"timestamp":"2020-01-23T19:19:58.804Z","videoElapsedSeconds":1230.457232455,"metrics":{"time":[[0,0],[0.499978037000119,0.499978037000119],[1.0000465590001113,0.5000685219999923],[1.4992954060001011,0.49924884699998984],[2.000069948000146,0.5007745420000447],[2.500038915999994,0.49996896799984825],[2.9990840350001235,0.4990451190001295],[3.500033621000057,0.5009495859999333],[4.000030246000051,0.4999966249999943],[4.500051500000154,0.500021254000103],[5.000139343000001,0.5000878429998465],[5.500026202000072,0.4998868590000711],[6.000063233999981,0.5000370319999092],[6.500407654000128,0.5003444200001468],[7.000043657000106,0.4996360029999778],[7.500043066999979,0.499999409999873],[8.000850997000043,0.5008079300000645],[8.50014580700008,0.4992948100000376],[9.00038371200003,0.500237904999949],[9.500188591000096,0.49980487900006665],[10.000233968999964,0.5000453779998679]],"bpm":[[0,165],[0.499978037000119,164],[1.0000465590001113,164],[1.4992954060001011,163],[2.000069948000146,163],[2.500038915999994,162],[2.9990840350001235,162],[3.500033621000057,162],[4.000030246000051,162],[4.500051500000154,162],[5.000139343000001,162],[5.500026202000072,161],[6.000063233999981,161],[6.500407654000128,161],[7.000043657000106,161],[7.500043066999979,162],[8.000850997000043,162],[8.50014580700008,162],[9.00038371200003,162],[9.500188591000096,162],[10.000233968999964,162]],"kcal":[[0,0.11674594284717368],[0.499978037000119,0.12676958964469687],[1.0000465590001113,0.126792532145075],[1.4992954060001011,0.12569534667520071],[2.000069948000146,0.12607946926878283],[2.500038915999994,0.12498601133694644],[2.9990840350001235,0.12475506060011488],[3.500033621000057,0.12523115361640863],[4.000030246000051,0.12499292524231866],[4.500051500000154,0.12499908218541679],[5.000139343000001,0.12501572860551394],[5.500026202000072,0.12407499194842657],[6.000063233999981,0.12411226581032216],[6.500407654000128,0.12418856140195023],[7.000043657000106,0.12401272794682018],[7.500043066999979,0.12499362145758137],[8.000850997000043,0.1251957413817726],[8.50014580700008,0.12481748023841782],[9.00038371200003,0.12505324223545197],[9.500188591000096,0.12494499113189446],[10.000233968999964,0.12500511288472232]],"reps":[[0,0],[0.499978037000119,0],[1.0000465590001113,0],[1.4992954060001011,1],[2.000069948000146,0],[2.500038915999994,0],[2.9990840350001235,0],[3.500033621000057,1],[4.000030246000051,0],[4.500051500000154,0],[5.000139343000001,0],[5.500026202000072,1],[6.000063233999981,0],[6.500407654000128,0],[7.000043657000106,1],[7.500043066999979,0],[8.000850997000043,0],[8.50014580700008,0],[9.00038371200003,1],[9.500188591000096,0],[10.000233968999964,0]],"score":[],"motion":[]},"serverReceivedTimestamp":"2020-01-23T19:20:09.429Z"}