{"timestamp":"2020-01-23T19:20:09.297Z","videoElapsedSeconds":1240.957744978,"metrics":{"time":[[0,0],[0.49947527400013314,0.49947527400013314],[0.9994853370001238,0.5000100629999906],[1.499600270999963,0.5001149339998392],[1.9995220820001123,0.4999218110001493],[2.500704682000105,0.5011825999999928],[2.99927169700004,0.49856701499993505],[3.4995449770001414,0.5002732800001013],[3.9995256250001603,0.49998064800001885],[4.499535501000082,0.5000098759999219],[4.999527318999981,0.49999181799989856],[5.499497295000083,0.4999699760001022],[5.9996594690001075,0.5001621740000246],[6.499165642999969,0.49950617399986186],[6.999627204000035,0.5004615610000656],[7.499641347000079,0.500014143000044],[7.999620266999955,0.49997891999987587],[8.499587720000136,0.4999674530001812],[8.999701549000065,0.500113828999929],[9.042255021999836,0.04255347299977075]],"bpm":[[0,162],[0.49947527400013314,162],[0.9994853370001238,162],[1.499600270999963,162],[1.9995220820001123,162],[2.500704682000105,163],[2.99927169700004,163],[3.4995449770001414,163],[3.9995256250001603,163],[4.499535501000082,163],[4.999527318999981,163],[5.499497295000083,163],[5.9996594690001075,163],[6.499165642999969,163],[6.999627204000035,164],[7.499641347000079,164],[7.999620266999955,164],[8.499587720000136,164],[8.999701549000065,164],[9.042255021999836,164]],"kcal":[[0,0.12506340397890112],[0.49947527400013314,0.12486259398948138],[0.9994853370001238,0.12499628457485203],[1.499600270999963,0.12502250101790136],[1.9995220820001123,0.12497422267469692],[2.500704682000105,0.12618220559371432],[2.99927169700004,0.1255236825639341],[3.4995449770001414,0.1259532670727505],[3.9995256250001603,0.12587959142799013],[4.499535501000082,0.1258869501301734],[4.999527318999981,0.125882403686878],[5.499497295000083,0.1258769045500187],[5.9996594690001075,0.12592529403429234],[6.499165642999969,0.12576013361792907],[6.999627204000035,0.12689218730803498],[7.499641347000079,0.12677874433241407],[7.999620266999955,0.1267698135295649],[8.499587720000136,0.12676690606816024],[8.999701549000065,0.1268040197492595],[9.042255021999836,0.010789446557502165]],"reps":[[0,0],[0.49947527400013314,1],[0.9994853370001238,0],[1.499600270999963,0],[1.9995220820001123,0],[2.500704682000105,1],[2.99927169700004,0],[3.4995449770001414,0],[3.9995256250001603,0],[4.499535501000082,1],[4.999527318999981,0],[5.499497295000083,0],[5.9996594690001075,0],[6.499165642999969,1],[6.999627204000035,0],[7.499641347000079,0],[7.999620266999955,0],[8.499587720000136,1],[8.999701549000065,0],[9.042255021999836,0]],"score":[],"motion":[]},"serverReceivedTimestamp":"2020-01-23T19:20:18.950Z"}