{"timestamp":"2020-01-23T19:20:33.800Z","videoElapsedSeconds":1265.457277554,"metrics":{"time":[[0,0],[0.5006660799999736,0.5006660799999736],[0.9999895050000305,0.4993234250000569],[1.4999735940000392,0.4999840890000087],[2.000025241000003,0.5000516469999639],[2.5000500240000747,0.5000247830000717],[2.999955339000053,0.49990531499997815],[3.499967489000028,0.500012149999975],[3.999963143000059,0.4999956540000312],[4.499982551999892,0.5000194089998331],[4.999949514000036,0.4999669620001441],[5.498975089999931,0.4990255759998945],[5.999993108999888,0.5010180189999573],[6.499974765999923,0.49998165700003483],[6.999876443999938,0.4999016780000147],[7.50005999799987,0.500183553999932],[8.000159909999866,0.500099911999996],[8.500063061999981,0.49990315200011537],[9.000396895999984,0.5003338340000028],[9.500097016999916,0.49970012099993255],[10.000124384999936,0.5000273680000191]],"bpm":[[0,156],[0.5006660799999736,156],[0.9999895050000305,156],[1.4999735940000392,157],[2.000025241000003,157],[2.5000500240000747,158],[2.999955339000053,159],[3.499967489000028,159],[3.999963143000059,160],[4.499982551999892,160],[4.999949514000036,160],[5.498975089999931,160],[5.999993108999888,160],[6.499974765999923,161],[6.999876443999938,161],[7.50005999799987,161],[8.000159909999866,161],[8.500063061999981,162],[9.000396895999984,162],[9.500097016999916,162],[10.000124384999936,162]],"kcal":[[0,0.10942615348146453],[0.5006660799999736,0.11980899310227143],[0.9999895050000305,0.1194876968330619],[1.4999735940000392,0.1205364595669505],[2.000025241000003,0.12055274648949296],[2.5000500240000747,0.12143700895870822],[2.999955339000053,0.12229852076278161],[3.499967489000028,0.12232465723717638],[3.999963143000059,0.12321130856825258],[4.499982551999892,0.12321716238835524],[4.999949514000036,0.12320423814909341],[5.498975089999931,0.12297225733079899],[5.999993108999888,0.12346324461703122],[6.499974765999923,0.1240985213948812],[6.999876443999938,0.12407867011532689],[7.50005999799987,0.12414863347161545],[8.000159909999866,0.12412787301296015],[8.500063061999981,0.12496955815721873],[9.000396895999984,0.1250772232899887],[9.500097016999916,0.12491880293736558],[10.000124384999936,0.12500061060920253]],"reps":[[0,0],[0.5006660799999736,0],[0.9999895050000305,0],[1.4999735940000392,1],[2.000025241000003,0],[2.5000500240000747,0],[2.999955339000053,1],[3.499967489000028,0],[3.999963143000059,0],[4.499982551999892,0],[4.999949514000036,1],[5.498975089999931,0],[5.999993108999888,0],[6.499974765999923,0],[6.999876443999938,1],[7.50005999799987,0],[8.000159909999866,0],[8.500063061999981,1],[9.000396895999984,0],[9.500097016999916,0],[10.000124384999936,0]],"score":[],"motion":[]},"serverReceivedTimestamp":"2020-01-23T19:20:44.432Z"}