{"timestamp":"2020-01-23T19:20:44.297Z","videoElapsedSeconds":1275.957444845,"metrics":{"time":[[0,0],[0.49981670299985126,0.49981670299985126],[0.9998989579999034,0.5000822550000521],[1.4993561290000343,0.499457171000131],[1.9998801809999804,0.5005240519999461],[2.4997510010000497,0.4998708200000692],[2.999740342999985,0.4999893419999353],[3.499819183999989,0.5000788410000041],[3.99985810499993,0.5000389209999412],[4.49917286699997,0.49931476200004],[5.001433983999959,0.5022611169999891],[5.4998744839999745,0.49844050000001516],[6.00248593099991,0.5026114469999357],[6.4993365979999,0.4968506669999897],[7.001297027999954,0.5019604300000537],[7.499875706000012,0.49857867800005806],[8.000208928999882,0.5003332229998705],[8.50103249499989,0.5008235660000082],[8.99989769800004,0.49886520300015036],[9.499955569999884,0.500057871999843],[10.00041260099988,0.5004570309999963]],"bpm":[[0,163],[0.49981670299985126,163],[0.9998989579999034,164],[1.4993561290000343,164],[1.9998801809999804,165],[2.4997510010000497,166],[2.999740342999985,166],[3.499819183999989,167],[3.99985810499993,167],[4.49917286699997,167],[5.001433983999959,168],[5.4998744839999745,168],[6.00248593099991,169],[6.4993365979999,169],[7.001297027999954,169],[7.499875706000012,169],[8.000208928999882,170],[8.50103249499989,170],[8.99989769800004,171],[9.499955569999884,171],[10.00041260099988,171]],"kcal":[[0,0.12589526605788506],[0.49981670299985126,0.12583831517115834],[0.9998989579999034,0.12679601415158998],[1.4993561290000343,0.12663752390542052],[1.9998801809999804,0.1277996601715427],[2.4997510010000497,0.1285233339206167],[2.999740342999985,0.1285538074788967],[3.499819183999989,0.12946765400038537],[3.99985810499993,0.12945731893252788],[4.49917286699997,0.12926983816118992],[5.001433983999959,0.13092735586143817],[5.4998744839999745,0.12993141318414375],[6.00248593099991,0.131914025154573],[6.4993365979999,0.13040206659819947],[7.001297027999954,0.13174316101407024],[7.499875706000012,0.1308555956371639],[8.000208928999882,0.13220737702703272],[8.50103249499989,0.1323369446010249],[8.99989769800004,0.132708142593984],[9.499955569999884,0.13302541645218607],[10.00041260099988,0.13313160074644323]],"reps":[[0,1],[0.49981670299985126,0],[0.9998989579999034,0],[1.4993561290000343,0],[1.9998801809999804,1],[2.4997510010000497,0],[2.999740342999985,0],[3.499819183999989,0],[3.99985810499993,1],[4.49917286699997,0],[5.001433983999959,0],[5.4998744839999745,0],[6.00248593099991,1],[6.4993365979999,0],[7.001297027999954,0],[7.499875706000012,1],[8.000208928999882,0],[8.50103249499989,0],[8.99989769800004,0],[9.499955569999884,1],[10.00041260099988,0]],"score":[],"motion":[]},"serverReceivedTimestamp":"2020-01-23T19:20:55.006Z"}