{"timestamp":"2020-01-23T19:21:08.797Z","videoElapsedSeconds":1300.457329416,"metrics":{"time":[[0,0],[0.4999275600000601,0.4999275600000601],[0.9993997389999549,0.4994721789998948],[1.4999415120000776,0.5005417730001227],[1.9999979130000156,0.500056400999938],[2.4999407450000035,0.4999428319999879],[2.9999194340000486,0.49997868900004505],[3.4999119760000212,0.4999925419999727],[3.999979825000082,0.500067849000061],[4.49991791299999,0.499938087999908],[4.999929628000018,0.5000117150000278],[5.499874387000091,0.49994475900007274],[5.99999936800009,0.500124980999999],[6.499737417999995,0.49973804999990534],[7.000053536999985,0.5003161189999901],[7.500396200000068,0.5003426630000831],[8.001408940999909,0.5010127409998404],[8.500820474999955,0.49941153400004623],[9.000062693000018,0.4992422180000631],[9.50009144899991,0.5000287559998924],[10.000043413999947,0.4999519650000366]],"bpm":[[0,178],[0.4999275600000601,177],[0.9993997389999549,177],[1.4999415120000776,177],[1.9999979130000156,177],[2.4999407450000035,176],[2.9999194340000486,176],[3.4999119760000212,176],[3.999979825000082,176],[4.49991791299999,176],[4.999929628000018,175],[5.499874387000091,175],[5.99999936800009,175],[6.499737417999995,175],[7.000053536999985,175],[7.500396200000068,174],[8.001408940999909,174],[8.500820474999955,174],[9.000062693000018,174],[9.50009144899991,174],[10.000043413999947,174]],"kcal":[[0,0.1273615632453527],[0.4999275600000601,0.1383341448453834],[0.9993997389999549,0.13820813710690888],[1.4999415120000776,0.13850410272911473],[1.9999979130000156,0.13836979622963425],[2.4999407450000035,0.13744777786419465],[2.9999194340000486,0.13745763592128293],[3.4999119760000212,0.13746144448485245],[3.999979825000082,0.13748214841169615],[4.49991791299999,0.13744647361053317],[4.999929628000018,0.1365760000810592],[5.499874387000091,0.1365577113442537],[5.99999936800009,0.13660693819062178],[6.499737417999995,0.13650124969030303],[7.000053536999985,0.13665914669438106],[7.500396200000068,0.1357750919449731],[8.001408940999909,0.1359569271326459],[8.500820474999955,0.1355224168585941],[9.000062693000018,0.13547647055585904],[9.50009144899991,0.1356899088195576],[10.000043413999947,0.13566907049047436]],"reps":[[0,0],[0.4999275600000601,0],[0.9993997389999549,0],[1.4999415120000776,0],[1.9999979130000156,0],[2.4999407450000035,0],[2.9999194340000486,0],[3.4999119760000212,1],[3.999979825000082,0],[4.49991791299999,0],[4.999929628000018,1],[5.499874387000091,0],[5.99999936800009,0],[6.499737417999995,1],[7.000053536999985,0],[7.500396200000068,0],[8.001408940999909,1],[8.500820474999955,0],[9.000062693000018,0],[9.50009144899991,1],[10.000043413999947,0]],"score":[],"motion":[]},"serverReceivedTimestamp":"2020-01-23T19:21:19.466Z"}