{"timestamp":"2020-01-23T19:21:19.300Z","videoElapsedSeconds":1310.959862365,"metrics":{"time":[[0,0],[0.4974159690000306,0.4974159690000306],[0.9975163660001272,0.5001003970000966],[1.4973991760000445,0.4998828099999173],[1.997473366000122,0.5000741900000776],[2.497368420000157,0.4998950540000351],[2.9976028240000687,0.5002344039999116],[3.497409705000109,0.49980688100004045],[3.997485020000113,0.5000753150000037],[4.497947021000073,0.5004620009999599],[4.997713142000066,0.4997661209999933],[5.497500277999961,0.4997871359998953],[5.997545299999956,0.5000450219999948],[6.497436562000075,0.49989126200011924],[6.998258053999962,0.5008214919998863],[7.497432935999996,0.4991748820000339],[7.997579733000066,0.5001467970000704],[8.498365963999959,0.5007862309998927],[8.997512246000042,0.4991462820000834],[9.040137634999837,0.04262538899979518]],"bpm":[[0,174],[0.4974159690000306,174],[0.9975163660001272,174],[1.4973991760000445,174],[1.997473366000122,174],[2.497368420000157,174],[2.9976028240000687,174],[3.497409705000109,174],[3.997485020000113,174],[4.497947021000073,174],[4.997713142000066,174],[5.497500277999961,174],[5.997545299999956,174],[6.497436562000075,174],[6.998258053999962,174],[7.497432935999996,174],[7.997579733000066,175],[8.498365963999959,175],[8.997512246000042,175],[9.040137634999837,175]],"kcal":[[0,0.13635767617121985],[0.4974159690000306,0.13498089193698404],[0.9975163660001272,0.135709349623049],[1.4973991760000445,0.1356503042984344],[1.997473366000122,0.13570223798116773],[2.497368420000157,0.1356536268818651],[2.9976028240000687,0.13574571432681432],[3.497409705000109,0.13562969988529527],[3.997485020000113,0.13570254326588496],[4.497947021000073,0.13580747600714488],[4.997713142000066,0.13561863908004457],[5.497500277999961,0.1356243417989109],[5.997545299999956,0.13569432282984054],[6.497436562000075,0.13565259786880005],[6.998258053999962,0.1359050289986802],[7.497432935999996,0.13545819797534323],[7.997579733000066,0.13661289713505873],[8.498365963999959,0.13678755571883125],[8.997512246000042,0.1363396108647174],[9.040137634999837,0.011642937468956864]],"reps":[[0,0],[0.4974159690000306,1],[0.9975163660001272,0],[1.4973991760000445,0],[1.997473366000122,1],[2.497368420000157,0],[2.9976028240000687,0],[3.497409705000109,1],[3.997485020000113,0],[4.497947021000073,0],[4.997713142000066,1],[5.497500277999961,0],[5.997545299999956,0],[6.497436562000075,1],[6.998258053999962,0],[7.497432935999996,1],[7.997579733000066,0],[8.498365963999959,0],[8.997512246000042,1],[9.040137634999837,0]],"score":[],"motion":[]},"serverReceivedTimestamp":"2020-01-23T19:21:28.956Z"}