{"timestamp":"2020-01-23T19:09:43.813Z","videoElapsedSeconds":615.458633549,"metrics":{"time":[[0,0],[0.4997092180000209,0.4997092180000209],[0.9997281320000866,0.5000189140000657],[1.4997091960000262,0.4999810639999396],[1.9997264849999965,0.5000172889999703],[2.4998175169999968,0.5000910320000003],[2.99980615100003,0.499988634000033],[3.501120560000004,0.5013144089999741],[3.999877526000091,0.49875696600008723],[4.4997779360001005,0.4999004100000093],[4.999875153000062,0.5000972169999613],[5.499906791000058,0.5000316379999958],[5.9999226930000304,0.5000159019999728],[6.499746999000081,0.49982430600005046],[6.99884449000001,0.4990974909999295],[7.499789873000054,0.5009453830000439],[7.999880858000097,0.5000909850000426],[8.499761061000072,0.49988020299997515],[8.999306291000039,0.499545229999967],[9.499815313999989,0.5005090229999496],[9.99988354200002,0.5000682280000319]],"bpm":[[0,142],[0.4997092180000209,142],[0.9997281320000866,142],[1.4997091960000262,142],[1.9997264849999965,142],[2.4998175169999968,143],[2.99980615100003,143],[3.501120560000004,143],[3.999877526000091,143],[4.4997779360001005,143],[4.999875153000062,144],[5.499906791000058,144],[5.9999226930000304,144],[6.499746999000081,144],[6.99884449000001,145],[7.499789873000054,145],[7.999880858000097,146],[8.499761061000072,146],[8.999306291000039,147],[9.499815313999989,147],[9.99988354200002,148]],"kcal":[[0,0.09831257267607284],[0.4997092180000209,0.10711754279345831],[0.9997281320000866,0.10718392915044916],[1.4997091960000262,0.10717581563390353],[1.9997264849999965,0.10718358081583576],[2.4998175169999968,0.10809024522029767],[2.99980615100003,0.1080681127999616],[3.501120560000004,0.1083546673184009],[3.999877526000091,0.10780189867568164],[4.4997779360001005,0.10804904396411637],[4.999875153000062,0.10898244994457504],[5.499906791000058,0.1089681588030965],[5.9999226930000304,0.10896472957418553],[6.499746999000081,0.10892297648946257],[6.99884449000001,0.10965367411702272],[7.499789873000054,0.11005966322904578],[7.999880858000097,0.11076280543084176],[8.499761061000072,0.11071612031480875],[8.999306291000039,0.1115318133045446],[9.499815313999989,0.11174699618385724],[9.99988354200002,0.11253939759099144]],"reps":[[0,0],[0.4997092180000209,0],[0.9997281320000866,0],[1.4997091960000262,0],[1.9997264849999965,0],[2.4998175169999968,1],[2.99980615100003,0],[3.501120560000004,0],[3.999877526000091,0],[4.4997779360001005,1],[4.999875153000062,0],[5.499906791000058,0],[5.9999226930000304,0],[6.499746999000081,1],[6.99884449000001,0],[7.499789873000054,0],[7.999880858000097,0],[8.499761061000072,1],[8.999306291000039,0],[9.499815313999989,0],[9.99988354200002,0]],"score":[],"motion":[]},"serverReceivedTimestamp":"2020-01-23T19:09:54.498Z"}