{"timestamp":"2020-01-23T19:09:54.307Z","videoElapsedSeconds":625.958480143,"metrics":{"time":[[0,0],[0.500314775999982,0.500314775999982],[0.9994674460000397,0.4991526700000577],[1.4998906100000795,0.5004231640000398],[1.999721839000017,0.4998312289999376],[2.4999008150000464,0.5001789760000293],[3.000054477000049,0.5001536620000024],[3.4999185579999903,0.4998640809999415],[4.000030094000067,0.5001115360000767],[4.499960674000022,0.4999305799999547],[4.999988144999975,0.500027470999953],[5.500138394000032,0.5001502490000576],[5.999285269999973,0.4991468759999407],[6.499908427000037,0.5006231570000637],[6.999918320000006,0.5000098929999695],[7.499943836000057,0.5000255160000506],[7.9999576359999764,0.5000137999999197],[8.500153919000013,0.5001962830000366],[9.00003041399998,0.4998764949999668],[9.500255965000065,0.500225551000085],[9.999911651000048,0.4996556859999828]],"bpm":[[0,148],[0.500314775999982,148],[0.9994674460000397,148],[1.4998906100000795,148],[1.999721839000017,150],[2.4999008150000464,150],[3.000054477000049,150],[3.4999185579999903,151],[4.000030094000067,151],[4.499960674000022,152],[4.999988144999975,152],[5.500138394000032,153],[5.999285269999973,153],[6.499908427000037,155],[6.999918320000006,155],[7.499943836000057,155],[7.9999576359999764,155],[8.500153919000013,157],[9.00003041399998,157],[9.500255965000065,157],[9.999911651000048,158]],"kcal":[[0,0.11251572793348862],[0.500314775999982,0.11259488274649236],[0.9994674460000397,0.11233335301545662],[1.4998906100000795,0.11261927525845296],[1.999721839000017,0.11426684954589642],[2.4999008150000464,0.11434634828833996],[3.000054477000049,0.11434056123290075],[3.4999185579999903,0.11516481245536739],[4.000030094000067,0.11522182417068148],[4.499960674000022,0.11607070435584059],[4.999988144999975,0.11609319989235198],[5.500138394000032,0.11701266806998792],[5.999285269999973,0.11677792390651345],[6.499908427000037,0.11890691686737884],[6.999918320000006,0.11876125574392235],[7.499943836000057,0.11876496648471792],[7.9999576359999764,0.11876218372600188],[8.500153919000013,0.12058761542184154],[9.00003041399998,0.12051052074185381],[9.500255965000065,0.12059467136858476],[9.999911651000048,0.12134736933037323]],"reps":[[0,1],[0.500314775999982,0],[0.9994674460000397,0],[1.4998906100000795,0],[1.999721839000017,1],[2.4999008150000464,0],[3.000054477000049,0],[3.4999185579999903,0],[4.000030094000067,1],[4.499960674000022,0],[4.999988144999975,0],[5.500138394000032,0],[5.999285269999973,1],[6.499908427000037,0],[6.999918320000006,0],[7.499943836000057,0],[7.9999576359999764,1],[8.500153919000013,0],[9.00003041399998,0],[9.500255965000065,0],[9.999911651000048,1]],"score":[],"motion":[]},"serverReceivedTimestamp":"2020-01-23T19:10:04.929Z"}