{"timestamp":"2020-01-23T19:10:18.811Z","videoElapsedSeconds":650.45848095,"metrics":{"time":[[0,0],[0.49982461000001877,0.49982461000001877],[0.9995536430000129,0.49972903299999416],[1.499889185000029,0.5003355420000162],[1.9997262900000123,0.49983710499998324],[2.499734645999979,0.5000083559999666],[2.999991270999999,0.50025662500002],[3.4999268510000547,0.4999355800000558],[3.999686968999981,0.4997601179999265],[4.5001316960000395,0.5004447270000583],[4.999837881000076,0.4997061850000364],[5.500017619999994,0.5001797389999183],[5.999968706000004,0.49995108600001004],[6.500037797999994,0.5000690919999897],[7.000131611000029,0.500093813000035],[7.499919063999982,0.49978745299995353],[8.000022431000048,0.5001033670000652],[8.49994558000003,0.4999231489999829],[8.999978433000024,0.5000328529999933],[9.499980563000008,0.5000021299999844],[10.000009801000033,0.5000292380000246]],"bpm":[[0,165],[0.49982461000001877,165],[0.9995536430000129,165],[1.499889185000029,165],[1.9997262900000123,165],[2.499734645999979,165],[2.999991270999999,165],[3.4999268510000547,165],[3.999686968999981,165],[4.5001316960000395,163],[4.999837881000076,162],[5.500017619999994,162],[5.999968706000004,159],[6.500037797999994,159],[7.000131611000029,157],[7.499919063999982,157],[8.000022431000048,154],[8.49994558000003,154],[8.999978433000024,151],[9.499980563000008,151],[10.000009801000033,148]],"kcal":[[0,0.1170647232056345],[0.49982461000001877,0.1276210704523409],[0.9995536430000129,0.12759666661385488],[1.499889185000029,0.12775152759163227],[1.9997262900000123,0.1276242608220003],[2.499734645999979,0.12766798663200776],[2.999991270999999,0.12773137757937816],[3.4999268510000547,0.12764940461178298],[3.999686968999981,0.12760460359992362],[4.5001316960000395,0.125996432100022],[4.999837881000076,0.12492031886182137],[5.500017619999994,0.1250387014603148],[5.999968706000004,0.12230971833446122],[6.500037797999994,0.12233858771993407],[7.000131611000029,0.12056291189370182],[7.499919063999982,0.12048905444388454],[8.000022431000048,0.11789257863701363],[8.49994558000003,0.11785009469039683],[8.999978433000024,0.11520369621691874],[9.499980563000008,0.11519661787568843],[10.000009801000033,0.11253062296611586]],"reps":[[0,0],[0.49982461000001877,0],[0.9995536430000129,0],[1.499889185000029,0],[1.9997262900000123,1],[2.499734645999979,0],[2.999991270999999,1],[3.4999268510000547,0],[3.999686968999981,1],[4.5001316960000395,0],[4.999837881000076,1],[5.500017619999994,0],[5.999968706000004,1],[6.500037797999994,0],[7.000131611000029,1],[7.499919063999982,0],[8.000022431000048,1],[8.49994558000003,0],[8.999978433000024,1],[9.499980563000008,0],[10.000009801000033,1]],"score":[],"motion":[]},"serverReceivedTimestamp":"2020-01-23T19:10:29.436Z"}