{"timestamp":"2020-01-23T19:10:29.306Z","videoElapsedSeconds":660.9584149,"metrics":{"time":[[0,0],[0.4999847789999876,0.4999847789999876],[0.9996338270000251,0.4996490480000375],[1.49990867300005,0.5002748460000248],[1.999895557000059,0.499986884000009],[2.4999588200000744,0.5000632630000155],[3.004430075000073,0.5044712549999986],[3.5000231520000398,0.4955930769999668],[4.000002392000056,0.49997924000001603],[4.500029926000025,0.5000275339999689],[4.999759708000056,0.49972978200003126],[5.500039492000042,0.5002797839999857],[6.000067274999992,0.5000277829999504],[6.500113908999992,0.5000466340000003],[7.000022598999976,0.49990868999998384],[7.500023930999987,0.5000013320000107],[8.000360843000067,0.5003369120000798],[8.500177010000016,0.499816166999949],[8.999985250000009,0.499808239999993],[9.500082902000031,0.5000976520000222],[10.00025748500002,0.5001745829999891]],"bpm":[[0,148],[0.4999847789999876,144],[0.9996338270000251,144],[1.49990867300005,144],[1.999895557000059,142],[2.4999588200000744,142],[3.004430075000073,141],[3.5000231520000398,142],[4.000002392000056,142],[4.500029926000025,143],[4.999759708000056,143],[5.500039492000042,145],[6.000067274999992,145],[6.500113908999992,146],[7.000022598999976,146],[7.500023930999987,147],[8.000360843000067,147],[8.500177010000016,148],[8.999985250000009,148],[9.500082902000031,147],[10.00025748500002,147]],"kcal":[[0,0.11250697288779413],[0.4999847789999876,0.1089579471713392],[0.9996338270000251,0.10888478382298787],[1.49990867300005,0.10902115930537541],[1.999895557000059,0.10717706320766052],[2.4999588200000744,0.10719343579096897],[3.004430075000073,0.107239672095527],[3.5000231520000398,0.10623520783977893],[4.000002392000056,0.10717542464173684],[4.500029926000025,0.10807652069025171],[4.999759708000056,0.1080121642338694],[5.500039492000042,0.10991342852107568],[6.000067274999992,0.10985806291408838],[6.500113908999992,0.11075298233597364],[7.000022598999976,0.11072242976675632],[7.500023930999987,0.11163364569140716],[8.000360843000067,0.11170856952946773],[8.500177010000016,0.11248267174536242],[8.999985250000009,0.11248088778919443],[9.500082902000031,0.11165515073962629],[10.00025748500002,0.11167232686985507]],"reps":[[0,0],[0.4999847789999876,1],[0.9996338270000251,0],[1.49990867300005,1],[1.999895557000059,0],[2.4999588200000744,1],[3.004430075000073,0],[3.5000231520000398,1],[4.000002392000056,0],[4.500029926000025,1],[4.999759708000056,0],[5.500039492000042,1],[6.000067274999992,0],[6.500113908999992,1],[7.000022598999976,0],[7.500023930999987,1],[8.000360843000067,0],[8.500177010000016,1],[8.999985250000009,0],[9.500082902000031,1],[10.00025748500002,0]],"score":[],"motion":[]},"serverReceivedTimestamp":"2020-01-23T19:10:39.939Z"}