{"timestamp":"2020-01-23T19:10:39.806Z","videoElapsedSeconds":671.458451234,"metrics":{"time":[[0,0],[0.49987505700005386,0.49987505700005386],[0.9993224040000541,0.49944734700000026],[1.49989433799999,0.5005719339999359],[1.999929361999989,0.5000350239999989],[2.5005038799999966,0.5005745180000076],[2.9997773410000264,0.4992734610000298],[3.4997744429999784,0.49999710199995206],[4.0009761100000105,0.5012016670000321],[4.500037108000015,0.4990609980000045],[5.0000565819999565,0.5000194739999415],[5.500099173999956,0.5000425919999998],[6.000010122000049,0.4999109480000925],[6.500093173999971,0.5000830519999226],[6.999975113000005,0.4998819390000335],[7.501943020999988,0.5019679079999833],[7.999985086000038,0.49804206500004966],[8.501052074999961,0.5010669889999235],[8.541548765999892,0.04049669099993025]],"bpm":[[0,147],[0.49987505700005386,147],[0.9993224040000541,147],[1.49989433799999,147],[1.999929361999989,147],[2.5005038799999966,147],[2.9997773410000264,147],[3.4997744429999784,147],[4.0009761100000105,147],[4.500037108000015,147],[5.0000565819999565,147],[5.500099173999956,147],[6.000010122000049,147],[6.500093173999971,146],[6.999975113000005,146],[7.501943020999988,146],[7.999985086000038,146],[8.501052074999961,146],[8.541548765999892,146]],"kcal":[[0,0.11158397264694389],[0.49987505700005386,0.11160545268930358],[0.9993224040000541,0.1115099592904887],[1.49989433799999,0.11176104211500403],[1.999929361999989,0.11164116799294639],[2.5005038799999966,0.11176161903616402],[2.9997773410000264,0.11147113633769025],[3.4997744429999784,0.11163270127326744],[4.0009761100000105,0.1119016405216757],[4.500037108000015,0.1114237004255248],[5.0000565819999565,0.11163769619580144],[5.500099173999956,0.11164285767530648],[6.000010122000049,0.11161346595431991],[6.500093173999971,0.11076104838787335],[6.999975113000005,0.11071650481331495],[7.501943020999988,0.11117851629803743],[7.999985086000038,0.11030899975525545],[8.501052074999961,0.11097897597656461],[8.541548765999892,0.008969422045905935]],"reps":[[0,1],[0.49987505700005386,0],[0.9993224040000541,1],[1.49989433799999,0],[1.999929361999989,1],[2.5005038799999966,0],[2.9997773410000264,1],[3.4997744429999784,0],[4.0009761100000105,1],[4.500037108000015,0],[5.0000565819999565,1],[5.500099173999956,0],[6.000010122000049,1],[6.500093173999971,0],[6.999975113000005,1],[7.501943020999988,0],[7.999985086000038,1],[8.501052074999961,0],[8.541548765999892,0]],"score":[],"motion":[]},"serverReceivedTimestamp":"2020-01-23T19:10:49.075Z"}