{"timestamp":"2020-01-23T19:11:03.807Z","videoElapsedSeconds":695.458326745,"metrics":{"time":[[0,0],[0.5006501189999426,0.5006501189999426],[1.000054175999935,0.49940405699999246],[1.5000160409999808,0.4999618650000457],[1.9996816970000282,0.4996656560000474],[2.5000091319999456,0.5003274349999174],[3.000153189999992,0.5001440580000462],[3.500647959999924,0.500494769999932],[3.9997237669999777,0.49907580700005383],[4.50009154899999,0.5003677820000121],[5.000598643999979,0.500507094999989],[5.500206295999988,0.4996076520000088],[6.002797542999929,0.5025912469999412],[6.500113381000006,0.49731583800007684],[7.000162123999985,0.5000487429999794],[7.500180836000027,0.5000187120000419],[8.000481423999986,0.5003005879999591],[8.500084899999933,0.4996034759999475],[9.000482283999986,0.5003973840000526],[9.500114484999926,0.4996322009999403],[10.00016542200001,0.5000509370000827]],"bpm":[[0,147],[0.5006501189999426,147],[1.000054175999935,146],[1.5000160409999808,146],[1.9996816970000282,146],[2.5000091319999456,146],[3.000153189999992,146],[3.500647959999924,146],[3.9997237669999777,146],[4.50009154899999,147],[5.000598643999979,148],[5.500206295999988,148],[6.002797542999929,149],[6.500113381000006,149],[7.000162123999985,150],[7.500180836000027,150],[8.000481423999986,151],[8.500084899999933,151],[9.000482283999986,152],[9.500114484999926,152],[10.00016542200001,153]],"kcal":[[0,0.10232909831976204],[0.5006501189999426,0.11177849822167919],[1.000054175999935,0.1106106609717399],[1.5000160409999808,0.11073420724797933],[1.9996816970000282,0.11066860130662515],[2.5000091319999456,0.11081517563169684],[3.000153189999992,0.11077456032055055],[3.500647959999924,0.11085223787557708],[3.9997237669999777,0.11053795841967155],[4.50009154899999,0.11171546177237665],[5.000598643999979,0.11263816376934928],[5.500206295999988,0.11243574584371933],[6.002797542999929,0.1140025089179107],[6.500113381000006,0.11280589066173816],[7.000162123999985,0.11431657560956521],[7.500180836000027,0.11430971019669688],[8.000481423999986,0.11526538028711059],[8.500084899999933,0.11510477108194199],[9.000482283999986,0.11617908394143722],[9.500114484999926,0.11600142861620358],[10.00016542200001,0.11698943352774455]],"reps":[[0,0],[0.5006501189999426,1],[1.000054175999935,0],[1.5000160409999808,0],[1.9996816970000282,0],[2.5000091319999456,1],[3.000153189999992,0],[3.500647959999924,0],[3.9997237669999777,0],[4.50009154899999,1],[5.000598643999979,0],[5.500206295999988,0],[6.002797542999929,0],[6.500113381000006,1],[7.000162123999985,0],[7.500180836000027,0],[8.000481423999986,0],[8.500084899999933,1],[9.000482283999986,0],[9.500114484999926,0],[10.00016542200001,0]],"score":[],"motion":[]},"serverReceivedTimestamp":"2020-01-23T19:11:14.415Z"}