{"timestamp":"2020-01-23T19:11:14.307Z","videoElapsedSeconds":705.958016883,"metrics":{"time":[[0,0],[0.5003701119999278,0.5003701119999278],[0.9998691700000109,0.4994990580000831],[1.5003708450000204,0.5005016750000095],[2.0003599039999926,0.49998905899997226],[2.5003231929999856,0.499963288999993],[3.000395679999997,0.5000724870000113],[3.500811633000012,0.5004159530000152],[4.0013436689999935,0.5005320359999814],[4.500405987000022,0.4990623180000284],[5.003004483999916,0.5025984969998945],[5.500460013999941,0.49745553000002474],[6.000418517999947,0.49995850400000563],[6.501150693,0.5007321750000528],[7.000464780000016,0.4993140870000161],[7.500469832000022,0.5000050520000059],[8.000665271999992,0.5001954399999704],[8.500573925000026,0.49990865300003406],[9.000465266999981,0.49989134199995533],[9.500447667000003,0.4999824000000217],[10.000445229999968,0.49999756299996534]],"bpm":[[0,153],[0.5003701119999278,153],[0.9998691700000109,153],[1.5003708450000204,153],[2.0003599039999926,154],[2.5003231929999856,154],[3.000395679999997,154],[3.500811633000012,155],[4.0013436689999935,155],[4.500405987000022,155],[5.003004483999916,155],[5.500460013999941,156],[6.000418517999947,156],[6.501150693,157],[7.000464780000016,157],[7.500469832000022,158],[8.000665271999992,158],[8.500573925000026,159],[9.000465266999981,159],[9.500447667000003,160],[10.000445229999968,160]],"kcal":[[0,0.11686632147624067],[0.5003701119999278,0.11706410612540451],[0.9998691700000109,0.11686031865802118],[1.5003708450000204,0.11709488595144607],[2.0003599039999926,0.11786563207800396],[2.5003231929999856,0.11785955715039997],[3.000395679999997,0.11788529909627285],[3.500811633000012,0.1188577022266579],[4.0013436689999935,0.11888527400681566],[4.500405987000022,0.11853618980326798],[5.003004483999916,0.11937609530201658],[5.500460013999941,0.11904071105129167],[6.000418517999947,0.11963967073056313],[6.501150693,0.12071680858181066],[7.000464780000016,0.12037493508895479],[7.500469832000022,0.12143221704896053],[8.000665271999992,0.12147845505564213],[8.500573925000026,0.12229933738236316],[9.000465266999981,0.12229510236097206],[9.500447667000003,0.12320804245449363],[10.000445229999968,0.12321177899310136]],"reps":[[0,1],[0.5003701119999278,0],[0.9998691700000109,0],[1.5003708450000204,0],[2.0003599039999926,1],[2.5003231929999856,0],[3.000395679999997,0],[3.500811633000012,0],[4.0013436689999935,1],[4.500405987000022,0],[5.003004483999916,0],[5.500460013999941,0],[6.000418517999947,1],[6.501150693,0],[7.000464780000016,0],[7.500469832000022,0],[8.000665271999992,1],[8.500573925000026,0],[9.000465266999981,0],[9.500447667000003,0],[10.000445229999968,1]],"score":[],"motion":[]},"serverReceivedTimestamp":"2020-01-23T19:11:24.930Z"}