{"timestamp":"2020-01-23T19:11:38.811Z","videoElapsedSeconds":730.458596616,"metrics":{"time":[[0,0],[0.4996077389999982,0.4996077389999982],[1.0008162029999994,0.5012084640000012],[1.499773864999952,0.4989576619999525],[1.9998120939999353,0.5000382289999834],[2.4997508129999915,0.49993871900005615],[2.9998815469999727,0.5001307339999812],[3.4998103199999377,0.4999287729999651],[4.00069216899999,0.5008818490000522],[4.499935243999971,0.4992430749999812],[5.000444964999929,0.5005097209999576],[5.500024581999924,0.49957961699999487],[6.001941676999991,0.5019170950000671],[6.5000088059999825,0.49806712899999184],[6.999983128999929,0.4999743229999467],[7.499850642999945,0.49986751400001594],[7.999924839999949,0.5000741970000036],[8.502060811999968,0.5021359720000191],[9.001161850000017,0.4991010380000489],[9.502580910999995,0.5014190609999787],[10.003005325999993,0.5004244149999977]],"bpm":[[0,167],[0.4996077389999982,167],[1.0008162029999994,166],[1.499773864999952,166],[1.9998120939999353,166],[2.4997508129999915,166],[2.9998815469999727,166],[3.4998103199999377,165],[4.00069216899999,165],[4.499935243999971,165],[5.000444964999929,165],[5.500024581999924,165],[6.001941676999991,165],[6.5000088059999825,164],[6.999983128999929,162],[7.499850642999945,162],[7.999924839999949,161],[8.502060811999968,161],[9.001161850000017,158],[9.502580910999995,158],[10.003005325999993,156]],"kcal":[[0,0.11872813472236621],[0.4996077389999982,0.1293456882907111],[1.0008162029999994,0.128867259710224],[1.499773864999952,0.12828854904045253],[1.9998120939999353,0.1285663769668127],[2.4997508129999915,0.12854079164269014],[2.9998815469999727,0.12859016121371877],[3.4998103199999377,0.12764766656883597],[4.00069216899999,0.12789101709003892],[4.499935243999971,0.12747258612858922],[5.000444964999929,0.12779600101286465],[5.500024581999924,0.1275585159716474],[6.001941676999991,0.12815534821751864],[6.5000088059999825,0.12628507831600258],[6.999983128999929,0.1249873500202365],[7.499850642999945,0.12496064910131821],[7.999924839999949,0.12412149039185384],[8.502060811999968,0.12463323562364108],[9.001161850000017,0.12121266641878392],[9.502580910999995,0.1217756260747435],[10.003005325999993,0.11975116286077558]],"reps":[[0,0],[0.4996077389999982,0],[1.0008162029999994,0],[1.499773864999952,1],[1.9998120939999353,0],[2.4997508129999915,0],[2.9998815469999727,0],[3.4998103199999377,0],[4.00069216899999,0],[4.499935243999971,1],[5.000444964999929,0],[5.500024581999924,0],[6.001941676999991,1],[6.5000088059999825,0],[6.999983128999929,1],[7.499850642999945,0],[7.999924839999949,1],[8.502060811999968,0],[9.001161850000017,0],[9.502580910999995,1],[10.003005325999993,0]],"score":[],"motion":[]},"serverReceivedTimestamp":"2020-01-23T19:11:49.404Z"}