{"timestamp":"2020-01-23T19:11:49.305Z","videoElapsedSeconds":740.958466007,"metrics":{"time":[[0,0],[0.4998906060000081,0.4998906060000081],[0.9999275590000707,0.5000369530000626],[1.5000495780000165,0.5001220189999458],[1.9999215310000409,0.4998719530000244],[2.499942666000038,0.5000211349999972],[2.9999807530000453,0.5000380870000072],[3.500575786000013,0.5005950329999678],[4.000015666000081,0.4994398800000681],[4.499587056999985,0.499571390999904],[4.99997900599999,0.5003919490000044],[5.50262108000004,0.5026420740000503],[5.999996635999992,0.49737555599995176],[6.500474777000022,0.5004781410000305],[7.000002706000032,0.49952792900000986],[7.5000077639999745,0.5000050579999424],[8.00013440500004,0.5001266410000653],[8.500000404000048,0.49986599900000783],[9.000096797000083,0.5000963930000353],[9.499964035000062,0.4998672379999789],[9.999993098999994,0.5000290639999321]],"bpm":[[0,156],[0.4998906060000081,153],[0.9999275590000707,153],[1.5000495780000165,153],[1.9999215310000409,151],[2.499942666000038,151],[2.9999807530000453,149],[3.500575786000013,149],[4.000015666000081,148],[4.499587056999985,148],[4.99997900599999,148],[5.50262108000004,148],[5.999996635999992,148],[6.500474777000022,148],[7.000002706000032,148],[7.5000077639999745,148],[8.00013440500004,148],[8.500000404000048,148],[9.000096797000083,148],[9.499964035000062,148],[9.999993098999994,148]],"kcal":[[0,0.11889917394913034],[0.4998906060000081,0.11695192328331186],[0.9999275590000707,0.11698616190055669],[1.5000495780000165,0.11700606351937677],[1.9999215310000409,0.11516662610321218],[2.499942666000038,0.11520099648048394],[2.9999807530000453,0.11342337697441039],[3.500575786000013,0.11354970874343004],[4.000015666000081,0.11239798907624488],[4.499587056999985,0.11242758537504856],[4.99997900599999,0.11261225038243983],[5.50262108000004,0.11311863670700671],[5.999996635999992,0.11193341691109285],[6.500474777000022,0.11263164772707597],[7.000002706000032,0.11241780433515777],[7.5000077639999745,0.11252518130337741],[8.00013440500004,0.11255254332484767],[8.500000404000048,0.1124938863415982],[9.000096797000083,0.11254573607033497],[9.499964035000062,0.1124941651761703],[9.999993098999994,0.11253058380772807]],"reps":[[0,1],[0.4998906060000081,0],[0.9999275590000707,1],[1.5000495780000165,0],[1.9999215310000409,1],[2.499942666000038,0],[2.9999807530000453,1],[3.500575786000013,0],[4.000015666000081,1],[4.499587056999985,0],[4.99997900599999,1],[5.50262108000004,1],[5.999996635999992,0],[6.500474777000022,1],[7.000002706000032,0],[7.5000077639999745,0],[8.00013440500004,1],[8.500000404000048,0],[9.000096797000083,1],[9.499964035000062,0],[9.999993098999994,1]],"score":[],"motion":[]},"serverReceivedTimestamp":"2020-01-23T19:11:59.932Z"}