{"timestamp":"2020-01-23T19:12:23.812Z","videoElapsedSeconds":775.458360978,"metrics":{"time":[[0,0],[0.4998361890000069,0.4998361890000069],[0.9998324440000488,0.49999625500004186],[1.4988955740000165,0.4990631299999677],[1.999846481000077,0.5009509070000604],[2.4998197439999785,0.49997326299990164],[2.999956859000008,0.5001371150000296],[3.4998558460000595,0.4998989870000514],[3.999934604000032,0.5000787579999724],[4.499957752,0.5000231479999684],[4.999952850999989,0.49999509899998884],[5.4999554570000555,0.5000026060000664],[5.999978159000079,0.5000227020000239],[6.499928219000026,0.49995005999994646],[6.999988597000083,0.5000603780000574],[7.499995033999994,0.5000064369999109],[8.000016034000055,0.5000210000000607],[8.499969958000065,0.4999539240000104],[8.999942830000009,0.4999728719999439],[9.499910408000005,0.49996757799999614],[9.999932216000047,0.5000218080000423]],"bpm":[[0,138],[0.4998361890000069,138],[0.9998324440000488,138],[1.4988955740000165,138],[1.999846481000077,138],[2.4998197439999785,137],[2.999956859000008,137],[3.4998558460000595,137],[3.999934604000032,137],[4.499957752,137],[4.999952850999989,137],[5.4999554570000555,137],[5.999978159000079,137],[6.499928219000026,137],[6.999988597000083,138],[7.499995033999994,138],[8.000016034000055,138],[8.499969958000065,138],[8.999942830000009,138],[9.499910408000005,138],[9.999932216000047,139]],"kcal":[[0,0.09498806683777142],[0.4998361890000069,0.10358314866991271],[0.9998324440000488,0.10361631981806785],[1.4988955740000165,0.10342294441281025],[1.999846481000077,0.10381415635376126],[2.4998197439999785,0.10272090800850318],[2.999956859000008,0.10275457186110834],[3.4998558460000595,0.10270564779618291],[3.999934604000032,0.10274258225190692],[4.499957752,0.10273115702156464],[4.999952850999989,0.10272539427591432],[5.4999554570000555,0.10272693661011786],[5.999978159000079,0.10273106538962616],[6.499928219000026,0.10271614088713832],[6.999988597000083,0.10362960829615317],[7.499995033999994,0.10361842987658183],[8.000016034000055,0.10362144782814833],[8.499969958000065,0.1036075473874874],[8.999942830000009,0.10361147406094022],[9.499910408000005,0.10361037696313956],[9.999932216000047,0.10451234883191841]],"reps":[[0,0],[0.4998361890000069,0],[0.9998324440000488,0],[1.4988955740000165,0],[1.999846481000077,1],[2.4998197439999785,0],[2.999956859000008,0],[3.4998558460000595,0],[3.999934604000032,0],[4.499957752,1],[4.999952850999989,0],[5.4999554570000555,0],[5.999978159000079,0],[6.499928219000026,1],[6.999988597000083,0],[7.499995033999994,0],[8.000016034000055,0],[8.499969958000065,0],[8.999942830000009,1],[9.499910408000005,0],[9.999932216000047,0]],"score":[],"motion":[]},"serverReceivedTimestamp":"2020-01-23T19:12:34.426Z"}