{"timestamp":"2020-01-23T19:12:34.304Z","videoElapsedSeconds":785.958316217,"metrics":{"time":[[0,0],[0.49988428500000737,0.49988428500000737],[0.9998572470000227,0.4999729620000153],[1.4999031770000784,0.5000459300000557],[1.9999372730000005,0.5000340959999221],[2.4993146600000955,0.49937738700009504],[2.999972564000018,0.5006579039999224],[3.4999957330001052,0.5000231690000874],[3.9993569380000054,0.4993612049999001],[4.4999948480000285,0.5006379100000231],[4.999903337000092,0.4999084890000631],[5.499047930000074,0.4991445929999827],[6.000039599000047,0.5009916689999727],[6.5001587480001035,0.5001191490000565],[6.999988690000009,0.4998299419999057],[7.500083643000039,0.5000949530000298],[8.000086068000087,0.5000024250000479],[8.500087407000024,0.5000013389999367],[8.999986499000102,0.49989909200007787],[9.4999951100001,0.5000086109999984],[10.000003872000093,0.5000087619999931]],"bpm":[[0,139],[0.49988428500000737,139],[0.9998572470000227,139],[1.4999031770000784,139],[1.9999372730000005,139],[2.4993146600000955,139],[2.999972564000018,139],[3.4999957330001052,139],[3.9993569380000054,139],[4.4999948480000285,139],[4.999903337000092,139],[5.499047930000074,139],[6.000039599000047,141],[6.5001587480001035,141],[6.999988690000009,142],[7.500083643000039,142],[8.000086068000087,142],[8.500087407000024,142],[8.999986499000102,142],[9.4999951100001,143],[10.000003872000093,143]],"kcal":[[0,0.10451260278582535],[0.49988428500000737,0.10448360438213224],[0.9998572470000227,0.10450213925683155],[1.4999031770000784,0.10451739070577191],[1.9999372730000005,0.10451491721535558],[2.4993146600000955,0.10437765480205105],[2.999972564000018,0.10464530280705794],[3.4999957330001052,0.10451263330213392],[3.9993569380000054,0.10437427251187469],[4.4999948480000285,0.10464112374954769],[4.999903337000092,0.10448866339527224],[5.499047930000074,0.10432899722880834],[6.000039599000047,0.1064999874098833],[6.5001587480001035,0.10631450853916387],[6.999988690000009,0.10714342115983232],[7.500083643000039,0.1072002288514337],[8.000086068000087,0.10718039457253584],[8.500087407000024,0.10718016177782407],[8.999986499000102,0.10715824413654713],[9.4999951100001,0.10807243065148632],[10.000003872000093,0.10807246328879716]],"reps":[[0,0],[0.49988428500000737,0],[0.9998572470000227,1],[1.4999031770000784,0],[1.9999372730000005,0],[2.4993146600000955,0],[2.999972564000018,0],[3.4999957330001052,1],[3.9993569380000054,0],[4.4999948480000285,0],[4.999903337000092,0],[5.499047930000074,1],[6.000039599000047,0],[6.5001587480001035,0],[6.999988690000009,0],[7.500083643000039,0],[8.000086068000087,1],[8.500087407000024,0],[8.999986499000102,0],[9.4999951100001,0],[10.000003872000093,0]],"score":[],"motion":[]},"serverReceivedTimestamp":"2020-01-23T19:12:44.969Z"}