{"timestamp":"2020-01-23T19:12:58.810Z","videoElapsedSeconds":810.458383816,"metrics":{"time":[[0,0],[0.49985507399992457,0.49985507399992457],[0.999070182999958,0.4992151090000334],[1.4988281600000164,0.4997579770000584],[1.999831405000009,0.5010032449999926],[2.4998481530000163,0.5000167480000073],[3.000032115999943,0.5001839629999267],[3.499967374999983,0.4999352590000399],[3.9999301899999864,0.4999628150000035],[4.499355040999944,0.4994248509999579],[4.999253852999914,0.49989881199996944],[5.499967839999954,0.5007139870000401],[5.9992380179999145,0.49927017799996065],[6.499233844999935,0.49999582700002065],[6.999843453999915,0.5006096089999801],[7.499975578999965,0.5001321250000501],[7.999773148999907,0.4997975699999415],[8.499557626999945,0.4997844780000378],[8.999889118999931,0.5003314919999866],[9.499480929000015,0.49959181000008357],[9.999951322000015,0.5004703930000005]],"bpm":[[0,148],[0.49985507399992457,148],[0.999070182999958,147],[1.4988281600000164,147],[1.999831405000009,146],[2.4998481530000163,146],[3.000032115999943,146],[3.499967374999983,146],[3.9999301899999864,146],[4.499355040999944,146],[4.999253852999914,146],[5.499967839999954,145],[5.9992380179999145,145],[6.499233844999935,145],[6.999843453999915,145],[7.499975578999965,146],[7.999773148999907,145],[8.499557626999945,145],[8.999889118999931,145],[9.499480929000015,145],[9.999951322000015,144]],"kcal":[[0,0.10315840045353473],[0.49985507399992457,0.1124914276912397],[0.999070182999958,0.11145810827941104],[1.4988281600000164,0.11157931262446664],[1.999831405000009,0.110964857617159],[2.4998481530000163,0.11074636302608479],[3.000032115999943,0.11078339869170713],[3.499967374999983,0.11072831440989524],[3.9999301899999864,0.11073441765901182],[4.499355040999944,0.11061526653720977],[4.999253852999914,0.11072024193488882],[5.499967839999954,0.11000882462129087],[5.9992380179999145,0.10969161412747584],[6.499233844999935,0.10985104205570788],[6.999843453999915,0.10998589236574971],[7.499975578999965,0.11077191733638085],[7.999773148999907,0.10980748421606706],[8.499557626999945,0.10980460785239692],[8.999889118999931,0.1099247889712554],[9.499480929000015,0.10976227793797994],[9.999951322000015,0.10906377340201946]],"reps":[[0,0],[0.49985507399992457,0],[0.999070182999958,0],[1.4988281600000164,0],[1.999831405000009,0],[2.4998481530000163,0],[3.000032115999943,0],[3.499967374999983,1],[3.9999301899999864,0],[4.499355040999944,1],[4.999253852999914,0],[5.499967839999954,0],[5.9992380179999145,1],[6.499233844999935,0],[6.999843453999915,1],[7.499975578999965,0],[7.999773148999907,1],[8.499557626999945,0],[8.999889118999931,1],[9.499480929000015,0],[9.999951322000015,1]],"score":[],"motion":[]},"serverReceivedTimestamp":"2020-01-23T19:13:09.430Z"}