{"timestamp":"2020-01-23T19:13:09.303Z","videoElapsedSeconds":820.957816307,"metrics":{"time":[[0,0],[0.4999349589999156,0.4999349589999156],[1.0004061629999796,0.5004712040000641],[1.4994202429999177,0.4990140799999381],[1.9996775170000092,0.5002572740000915],[2.5004320479999933,0.5007545309999841],[3.000379721999934,0.4999476739999409],[3.499868969999966,0.4994892480000317],[4.000759073999916,0.50089010399995],[4.500469539999926,0.49971046600001046],[5.000307697999915,0.49983815799998865],[5.5005153669999345,0.5002076690000195],[6.000516416999972,0.5000010500000371],[6.4998592819999885,0.4993428650000169],[7.001029518999985,0.5011702369999966],[7.500530357000002,0.4995008380000172],[8.00058250099994,0.5000521439999375],[8.500419433999923,0.4998369329999832],[9.000371566000013,0.4999521320000895],[9.50039571000002,0.5000241440000082],[9.999852577999945,0.4994568679999247]],"bpm":[[0,144],[0.4999349589999156,144],[1.0004061629999796,144],[1.4994202429999177,144],[1.9996775170000092,144],[2.5004320479999933,144],[3.000379721999934,144],[3.499868969999966,144],[4.000759073999916,144],[4.500469539999926,144],[5.000307697999915,144],[5.5005153669999345,144],[6.000516416999972,144],[6.4998592819999885,144],[7.001029518999985,144],[7.500530357000002,144],[8.00058250099994,144],[8.500419433999923,144],[9.000371566000013,144],[9.50039571000002,144],[9.999852577999945,144]],"kcal":[[0,0.10884819920683962],[0.4999349589999156,0.1089470902709616],[1.0004061629999796,0.10906395013720378],[1.4994202429999177,0.10874640999099103],[1.9996775170000092,0.10901732997072194],[2.5004320479999933,0.10912569347337343],[3.000379721999934,0.10894986115591497],[3.499868969999966,0.10884995980295781],[4.000759073999916,0.1091552378843007],[4.500469539999926,0.1088981681888276],[5.000307697999915,0.10892599515231165],[5.5005153669999345,0.10900651992368791],[6.000516416999972,0.10896149298880864],[6.4998592819999885,0.10881805964948855],[7.001029518999985,0.1092162851759424],[7.500530357000002,0.10885248552505815],[8.00058250099994,0.10897262752244993],[8.500419433999923,0.10892572819721326],[9.000371566000013,0.10895083265457868],[9.50039571000002,0.1089665256916718],[9.999852577999945,0.10884290347146687]],"reps":[[0,0],[0.4999349589999156,1],[1.0004061629999796,0],[1.4994202429999177,1],[1.9996775170000092,1],[2.5004320479999933,0],[3.000379721999934,1],[3.499868969999966,0],[4.000759073999916,0],[4.500469539999926,1],[5.000307697999915,0],[5.5005153669999345,1],[6.000516416999972,0],[6.4998592819999885,1],[7.001029518999985,0],[7.500530357000002,1],[8.00058250099994,0],[8.500419433999923,1],[9.000371566000013,0],[9.50039571000002,1],[9.999852577999945,0]],"score":[],"motion":[]},"serverReceivedTimestamp":"2020-01-23T19:13:19.941Z"}