{"timestamp":"2020-02-27T05:45:35.970Z","videoElapsedSeconds":926.427251791,"metrics":{"time":[[0,0],[0.5009144340000375,0.5009144340000375],[1.0002515180000273,0.4993370839999898],[1.5004030850000163,0.500151566999989],[1.99952688999997,0.4991238049999538],[2.499585492000051,0.500058602000081],[2.9998562399999855,0.5002707479999344],[3.4998575930000015,0.500001353000016],[4.0001522310000155,0.500294638000014],[4.50008488200001,0.4999326509999946],[4.999579928999992,0.49949504699998215],[5.499752060999981,0.5001721319999888],[5.99981897400005,0.5000669130000688],[6.4991018279999935,0.49928285399994365],[7.0000027749999845,0.500900946999991],[7.500008575000038,0.5000058000000536],[8.000331408999955,0.5003228339999168],[8.500280835000012,0.49994942600005743],[8.572748208999883,0.07246737399987069]],"bpm":[[0,179],[0.5009144340000375,179],[1.0002515180000273,179],[1.5004030850000163,179],[1.99952688999997,179],[2.499585492000051,179],[2.9998562399999855,179],[3.4998575930000015,179],[4.0001522310000155,179],[4.50008488200001,179],[4.999579928999992,179],[5.499752060999981,179],[5.99981897400005,179],[6.4991018279999935,179],[7.0000027749999845,179],[7.500008575000038,179],[8.000331408999955,179],[8.500280835000012,179],[8.572748208999883,179]],"kcal":[[0,0.14120887862621623],[0.5009144340000375,0.1414059288427739],[1.0002515180000273,0.14096064991542143],[1.5004030850000163,0.14119057486332487],[1.99952688999997,0.14090044219718517],[2.499585492000051,0.14116433125509645],[2.9998562399999855,0.14122421913239316],[3.4998575930000015,0.14114817011562822],[4.0001522310000155,0.14123096317373438],[4.50008488200001,0.14112877584493652],[4.999579928999992,0.14100524217154456],[5.499752060999981,0.14119638027185222],[5.99981897400005,0.14116667741362793],[6.4991018279999935,0.14094534102630352],[7.0000027749999845,0.14140212152232265],[7.500008575000038,0.1411494254840668],[8.000331408999955,0.1412389227797774],[8.500280835000012,0.14113351135324737],[8.572748208999883,0.020457219109097643]],"reps":[],"score":[[0,0.6450949824460036],[0.5009144340000375,0.6459951815498272],[1.0002515180000273,0.643960980835123],[1.5004030850000163,0.6450113640098544],[1.99952688999997,0.6436859294550923],[2.499585492000051,0.644891473389986],[2.9998562399999855,0.6451650636169555],[3.4998575930000015,0.6448176432591686],[4.0001522310000155,0.6451958729206829],[4.50008488200001,0.644729042975439],[4.999579928999992,0.6441646949426271],[5.499752060999981,0.6450378852877549],[5.99981897400005,0.6449021915198332],[6.4991018279999935,0.6438910441027245],[7.0000027749999845,0.645977788285724],[7.500008575000038,0.6448233782518172],[8.000331408999955,0.6452322353786996],[8.500280835000012,0.6447506765489108],[8.572748208999883,0.09345622973899406]],"motion":[]},"serverReceivedTimestamp":"2020-02-27T05:45:45.034Z"}