{"timestamp":"2020-02-27T05:45:44.976Z","videoElapsedSeconds":935.426811481,"metrics":{"time":[[0,0],[0.5003107290000344,0.5003107290000344],[0.9996372900000097,0.4993265609999753],[1.500263114000063,0.5006258240000534],[2.000572587000079,0.5003094730000157],[2.500510292000058,0.49993770499997936],[3.000866082000016,0.5003557899999578],[3.500932103000082,0.500066021000066],[4.000140109000085,0.4992080060000035],[4.500099896000052,0.4999597869999661],[5.0004928250000376,0.500392928999986],[5.500451903999988,0.4999590789999502],[6.000807424000072,0.5003555200000847],[6.5009490790000655,0.5001416549999931],[7.000288003000037,0.4993389239999715],[7.500228244000027,0.49994024099999024],[8.000489629000072,0.5002613850000444],[8.500479590000054,0.49998996099998294],[9.000703741000052,0.5002241509999976],[9.500673306000067,0.4999695650000149],[10.000181482000016,0.49950817599994934]],"bpm":[[0,179],[0.5003107290000344,179],[0.9996372900000097,179],[1.500263114000063,179],[2.000572587000079,177],[2.500510292000058,177],[3.000866082000016,177],[3.500932103000082,177],[4.000140109000085,178],[4.500099896000052,178],[5.0004928250000376,180],[5.500451903999988,180],[6.000807424000072,182],[6.5009490790000655,182],[7.000288003000037,182],[7.500228244000027,182],[8.000489629000072,183],[8.500479590000054,183],[9.000703741000052,183],[9.500673306000067,183],[10.000181482000016,183]],"kcal":[[0,0.12048699301719595],[0.5003107290000344,0.141235505591859],[0.9996372900000097,0.1409576793190675],[1.500263114000063,0.14132445551649106],[2.000572587000079,0.13945265902474113],[2.500510292000058,0.13934903509007024],[3.000866082000016,0.13946556909170674],[3.500932103000082,0.13938480096773834],[4.000140109000085,0.14003492790674846],[4.500099896000052,0.14024581314269444],[5.0004928250000376,0.14215010495779024],[5.500451903999988,0.14202685816618535],[6.000807424000072,0.1439221339817524],[6.5009490790000655,0.14386061790774732],[7.000288003000037,0.14362972056791903],[7.500228244000027,0.14380268323622772],[8.000489629000072,0.14478621735286296],[8.500479590000054,0.1447076615109651],[9.000703741000052,0.14477544104634538],[9.500673306000067,0.14470175847752484],[10.000181482000016,0.14456822274990178]],"reps":[],"score":[[0,0.5504296571261745],[0.5003107290000344,0.6452166243859512],[0.9996372900000097,0.6439474100397069],[1.500263114000063,0.6456229809169804],[2.000572587000079,0.6323627561225901],[2.500510292000058,0.6318928624870939],[3.000866082000016,0.6324212981796954],[3.500932103000082,0.6320550466228106],[4.000140109000085,0.6373825410701771],[4.500099896000052,0.6383424056523258],[5.0004928250000376,0.6517498282962642],[5.500451903999988,0.6511847490422572],[6.000807424000072,0.6645545353367759],[6.5009490790000655,0.6642704873947033],[7.000288003000037,0.6632043284229392],[7.500228244000027,0.6640029764313343],[8.000489629000072,0.6708550151396699],[8.500479590000054,0.670491033115212],[9.000703741000052,0.670805084010836],[9.500673306000067,0.6704636818958741],[10.000181482000016,0.6698449550984336]],"motion":[]},"serverReceivedTimestamp":"2020-02-27T05:45:55.561Z"}