{"timestamp":"2020-02-27T05:45:55.467Z","videoElapsedSeconds":945.927030148,"metrics":{"time":[[0,0],[0.5000912430000426,0.5000912430000426],[1.0000980969999773,0.5000068539999347],[1.5004327359999934,0.5003346390000161],[2.0003218599999855,0.4998891239999921],[2.499981154000011,0.4996592940000255],[2.9995245669999804,0.4995434129999694],[3.5001027030000387,0.5005781360000583],[4.000105308000002,0.5000026049999633],[4.5003649559999985,0.5002596479999966],[5.000262691999978,0.4998977359999799],[5.500557487000037,0.5002947950000589],[6.000509769000018,0.4999522819999811],[6.499574257000063,0.49906448800004455],[6.999386817000072,0.4998125600000094],[7.500252752000051,0.5008659349999789],[8.000226852000083,0.4999741000000313],[8.500441900000055,0.5002150479999727],[9.000423142000045,0.49998124199998983],[9.499942529999998,0.4995193879999533],[9.999999008000032,0.5000564780000332]],"bpm":[[0,183],[0.5000912430000426,183],[1.0000980969999773,183],[1.5004327359999934,182],[2.0003218599999855,182],[2.499981154000011,182],[2.9995245669999804,182],[3.5001027030000387,182],[4.000105308000002,182],[4.5003649559999985,181],[5.000262691999978,181],[5.500557487000037,182],[6.000509769000018,182],[6.499574257000063,182],[6.999386817000072,182],[7.500252752000051,182],[8.000226852000083,182],[8.500441900000055,181],[9.000423142000045,181],[9.499942529999998,181],[9.999999008000032,181]],"kcal":[[0,0.14472132913460192],[0.5000912430000426,0.1447369746622781],[1.0000980969999773,0.14471255070216812],[1.5004327359999934,0.1439161277762257],[2.0003218599999855,0.14378797995540357],[2.499981154000011,0.1437218717129119],[2.9995245669999804,0.14368853973165183],[3.5001027030000387,0.14398616719112858],[4.000105308000002,0.1438206216012522],[4.5003649559999985,0.14300340013992638],[5.000262691999978,0.1428999445708819],[5.500557487000037,0.1439046670582542],[6.000509769000018,0.14380614670638983],[6.499574257000063,0.14355078186699116],[6.999386817000072,0.143765957106003],[7.500252752000051,0.1440689496219617],[8.000226852000083,0.14381242243035194],[8.500441900000055,0.14299065085727855],[9.000423142000045,0.14292381545869237],[9.499942529999998,0.1427917906339089],[9.999999008000032,0.14294532229791504]],"reps":[],"score":[[0,0.6705543609238215],[0.5000912430000426,0.6706268531879193],[1.0000980969999773,0.6705136867800323],[1.5004327359999934,0.6645268019297417],[2.0003218599999855,0.6639350846367528],[2.499981154000011,0.6636298325455313],[2.9995245669999804,0.663475923492731],[3.5001027030000387,0.6648502060479153],[4.000105308000002,0.6640858060941786],[4.5003649559999985,0.6580017172555401],[5.000262691999978,0.657525687021124],[5.500557487000037,0.6644738825357926],[6.000509769000018,0.664018968862384],[6.499574257000063,0.662839832217499],[6.999386817000072,0.6638333950352631],[7.500252752000051,0.6652324505181325],[8.000226852000083,0.6640479467597106],[8.500441900000055,0.6579430539659412],[9.000423142000045,0.6576355241659494],[9.499942529999998,0.6570280381807009],[9.999999008000032,0.6577344836111613]],"motion":[]},"serverReceivedTimestamp":"2020-02-27T05:46:06.031Z"}