{"timestamp":"2020-02-27T05:46:05.966Z","videoElapsedSeconds":956.427216023,"metrics":{"time":[[0,0],[0.5010403750000023,0.5010403750000023],[1.0002590809999674,0.4992187059999651],[1.5004935580000165,0.5002344770000491],[1.999574597999981,0.49908103999996456],[2.4996622139999545,0.5000876159999734],[2.999927722999928,0.5002655089999735],[3.50163193100002,0.501704208000092],[4.000041947,0.4984100159999798],[4.5000070909999295,0.49996514399992975],[5.0002901959999235,0.5002831049999941],[5.500261855999952,0.49997166000002835],[5.999682281999981,0.4994204260000288],[6.499811155999964,0.5001288739999836],[6.999085931999957,0.4992747759999929],[7.499957689999974,0.5008717580000166],[8.00025954299997,0.5003018529999963],[8.500145292999946,0.4998857499999758],[9.000076218000004,0.49993092500005787],[9.49965888700001,0.4995826690000058],[9.999900862000004,0.5002419749999945]],"bpm":[[0,182],[0.5010403750000023,182],[1.0002590809999674,182],[1.5004935580000165,182],[1.999574597999981,182],[2.4996622139999545,182],[2.999927722999928,182],[3.50163193100002,182],[4.000041947,182],[4.5000070909999295,182],[5.0002901959999235,182],[5.500261855999952,182],[5.999682281999981,182],[6.499811155999964,182],[6.999085931999957,182],[7.499957689999974,182],[8.00025954299997,181],[8.500145292999946,181],[9.000076218000004,181],[9.49965888700001,181],[9.999900862000004,181]],"kcal":[[0,0.14387362267588927],[0.5010403750000023,0.14411912549901637],[1.0002590809999674,0.14359514109310093],[1.5004935580000165,0.14388731720413664],[1.999574597999981,0.14355554288002073],[2.4996622139999545,0.14384507414358325],[2.999927722999928,0.1438962432406693],[3.50163193100002,0.14431007025361886],[4.000041947,0.14336252970804503],[4.5000070909999295,0.1438098463287701],[5.0002901959999235,0.1439013045496212],[5.500261855999952,0.14381172058937425],[5.999682281999981,0.14365316378239987],[6.499811155999964,0.14385694158416884],[6.999085931999957,0.14361126905358862],[7.499957689999974,0.14407062454820538],[8.00025954299997,0.14301546479180666],[8.500145292999946,0.14289651827263555],[9.000076218000004,0.14290943192385425],[9.49965888700001,0.142809880036498],[9.999900862000004,0.14299834816521467]],"reps":[],"score":[[0,0.6643305363768207],[0.5010403750000023,0.6654641355671146],[1.0002590809999674,0.6630446591199337],[1.5004935580000165,0.6643937702978603],[1.999574597999981,0.6628618159993822],[2.4996622139999545,0.6641987147028618],[2.999927722999928,0.664434985904496],[3.50163193100002,0.6663458151195172],[4.000041947,0.6619705856148156],[4.5000070909999295,0.6640360517165901],[5.0002901959999235,0.6644583562904518],[5.500261855999952,0.664044706037857],[5.999682281999981,0.6633125765017794],[6.499811155999964,0.6642535121217565],[6.999085931999957,0.6631191293142764],[7.499957689999974,0.6652401844211867],[8.00025954299997,0.658057230352764],[8.500145292999946,0.6575099215908774],[9.000076218000004,0.6575693411897794],[9.49965888700001,0.6571112729706158],[9.999900862000004,0.6579784715982161]],"motion":[]},"serverReceivedTimestamp":"2020-02-27T05:46:16.533Z"}