{"timestamp":"2020-02-27T05:46:16.466Z","videoElapsedSeconds":966.9270682,"metrics":{"time":[[0,0],[0.5002751289999878,0.5002751289999878],[1.0002395950000391,0.4999644660000513],[1.5006105449999723,0.5003709499999331],[2.000622572999987,0.5000120280000147],[2.499889997999958,0.4992674249999709],[2.9998297439999533,0.49993974599999547],[3.5002160889999914,0.5003863450000381],[4.000201619999984,0.499985530999993],[4.500609110000028,0.5004074900000433],[5.00035113499996,0.49974202499993226],[5.499848645000043,0.4994975100000829],[5.999871073999998,0.5000224289999551],[6.4994448009999815,0.4995737269999836],[7.000129499999957,0.5006846989999758],[7.500454260999959,0.5003247610000017],[8.000411698999983,0.499957438000024],[8.072931799999878,0.07252010099989548]],"bpm":[[0,181],[0.5002751289999878,181],[1.0002395950000391,181],[1.5006105449999723,181],[2.000622572999987,181],[2.499889997999958,180],[2.9998297439999533,180],[3.5002160889999914,180],[4.000201619999984,180],[4.500609110000028,179],[5.00035113499996,179],[5.499848645000043,179],[5.999871073999998,179],[6.4994448009999815,178],[7.000129499999957,178],[7.500454260999959,178],[8.000411698999983,178],[8.072931799999878,176]],"kcal":[[0,0.14291526057569284],[0.5002751289999878,0.14300782551312038],[1.0002395950000391,0.1429190198989434],[1.5006105449999723,0.14303521674655645],[2.000622572999987,0.14293261589402198],[2.499889997999958,0.14183037519651584],[2.9998297439999533,0.14202136610621918],[3.5002160889999914,0.14214823459506248],[4.000201619999984,0.14203437257009577],[4.500609110000028,0.14126282079412367],[5.00035113499996,0.14107496296838365],[5.499848645000043,0.14100593746557755],[5.999871073999998,0.14115411977717798],[6.4994448009999815,0.14013751783569725],[7.000129499999957,0.1404491612429653],[7.500454260999959,0.14034819352756117],[8.000411698999983,0.1402451542148856],[8.072931799999878,0.02008454408597988]],"reps":[],"score":[[0,0.6575961605725028],[0.5002751289999878,0.6580220797305464],[1.0002395950000391,0.6576134583511023],[1.5006105449999723,0.6581481150459376],[2.000622572999987,0.6576760176196284],[2.499889997999958,0.6502838862410425],[2.9998297439999533,0.6511595682719651],[3.5002160889999914,0.6517412527937203],[4.000201619999984,0.6512192021399866],[4.500609110000028,0.6453414104482503],[5.00035113499996,0.6444832056244666],[5.499848645000043,0.6441678713058725],[5.999871073999998,0.6448448235388389],[6.4994448009999815,0.6378494890707868],[7.000129499999957,0.639267964231245],[7.500454260999959,0.6388083998927451],[8.000411698999983,0.6383394064785664],[8.072931799999878,0.09072981866855055]],"motion":[]},"serverReceivedTimestamp":"2020-02-27T05:46:25.048Z"}