{"timestamp":"2020-02-27T05:46:24.970Z","videoElapsedSeconds":975.426989215,"metrics":{"time":[[0,0],[0.4999836869999399,0.4999836869999399],[1.0002131599999302,0.5002294729999903],[1.5001222969999617,0.4999091370000315],[2.00047137699994,0.5003490799999781],[2.500386778999996,0.499915402000056],[2.9998672949999445,0.4994805159999487],[3.499888086999931,0.5000207919999866],[4.000130417999912,0.5002423309999813],[4.499644579999995,0.49951416200008225],[5.0013250529999596,0.5016804729999649],[5.50028620799992,0.49896115499996085],[6.000550098999952,0.5002638910000314],[6.500647335999929,0.5000972369999772],[7.00000433699995,0.49935700100002123],[7.500173286999939,0.5001689499999884],[8.00039253,0.5002192430000605],[8.500273919999927,0.4998813899999277],[9.000590742999975,0.5003168230000483],[9.500556305999908,0.49996556299993244],[9.99987772399993,0.4993214180000223]],"bpm":[[0,176],[0.4999836869999399,176],[1.0002131599999302,176],[1.5001222969999617,176],[2.00047137699994,176],[2.500386778999996,176],[2.9998672949999445,176],[3.499888086999931,176],[4.000130417999912,176],[4.499644579999995,176],[5.0013250529999596,176],[5.50028620799992,176],[6.000550098999952,176],[6.500647335999929,176],[7.00000433699995,176],[7.500173286999939,176],[8.00039253,176],[8.500273919999927,176],[9.000590742999975,176],[9.500556305999908,176],[9.99987772399993,176]],"kcal":[[0,0.11825526432900393],[0.4999836869999399,0.13847118613135315],[1.0002131599999302,0.13853925691015334],[1.5001222969999617,0.13845053940390623],[2.00047137699994,0.1385723822372161],[2.500386778999996,0.1384522745044846],[2.9998672949999445,0.13833183221440087],[3.499888086999931,0.1384814624133629],[4.000130417999912,0.13854281795135592],[4.499644579999995,0.1383411505215141],[5.0013250529999596,0.13894111340326945],[5.50028620799992,0.13818799445415272],[6.000550098999952,0.138548789023728],[6.500647335999929,0.1385026339637509],[7.00000433699995,0.13829762456125205],[7.500173286999939,0.13852249498008162],[8.00039253,0.13853642369726812],[8.500273919999927,0.13844285483315752],[9.000590742999975,0.13856344861566514],[9.500556305999908,0.13846616666403108],[9.99987772399993,0.13828776979929866]],"reps":[],"score":[[0,0.5342057376677856],[0.4999836869999399,0.6255290413730017],[1.0002131599999302,0.6258365439675703],[1.5001222969999617,0.6254357719500394],[2.00047137699994,0.6259861841538188],[2.500386778999996,0.6254436100846855],[2.9998672949999445,0.6248995246878479],[3.499888086999931,0.6255754633977855],[4.000130417999912,0.6258526305972293],[4.499644579999995,0.6249416191616414],[5.0013250529999596,0.627651888473033],[5.50028620799992,0.6242497527114895],[6.000550098999952,0.6258796042895998],[6.500647335999929,0.6256711036532682],[7.00000433699995,0.6247449952071694],[7.500173286999939,0.6257608237087767],[8.00039253,0.6258237452258999],[8.500273919999927,0.6254010577087008],[9.000590742999975,0.6259458274566538],[9.500556305999908,0.6255063664565089],[9.99987772399993,0.6247004773549729]],"motion":[]},"serverReceivedTimestamp":"2020-02-27T05:46:35.521Z"}