{"timestamp":"2020-02-27T05:46:35.469Z","videoElapsedSeconds":985.927087354,"metrics":{"time":[[0,0],[0.4998054409999213,0.4998054409999213],[1.0024267740000141,0.5026213330000928],[1.500229322999985,0.4978025489999709],[2.000651386999948,0.500422063999963],[2.5005389849999347,0.4998875979999866],[3.000767302999975,0.5002283180000404],[3.499099254999919,0.49833195199994407],[3.99990121299993,0.5008019580000109],[4.500113220000003,0.5002120070000728],[5.000101805999975,0.4999885859999722],[5.500400938999974,0.5002991329999986],[6.000392778999981,0.49999184000000696],[6.499823796999976,0.4994310179999957],[6.999964406000004,0.5001406090000273],[7.5003040560000045,0.5003396500000008],[8.000731244999997,0.5004271889999927],[8.500301598999954,0.49957035399995675],[9.000310438999918,0.500008839999964],[9.500095065999972,0.49978462700005366],[9.999777636999966,0.4996825709999939]],"bpm":[[0,176],[0.4998054409999213,176],[1.0024267740000141,176],[1.500229322999985,176],[2.000651386999948,176],[2.5005389849999347,176],[3.000767302999975,176],[3.499099254999919,176],[3.99990121299993,176],[4.500113220000003,176],[5.000101805999975,176],[5.500400938999974,176],[6.000392778999981,176],[6.499823796999976,176],[6.999964406000004,176],[7.5003040560000045,176],[8.000731244999997,176],[8.500301598999954,176],[9.000310438999918,176],[9.500095065999972,176],[9.999777636999966,176]],"kcal":[[0,0.1385367482843177],[0.4998054409999213,0.1384218206506635],[1.0024267740000141,0.13920168590511048],[1.500229322999985,0.13786711689104633],[2.000651386999948,0.1385925952587792],[2.5005389849999347,0.13844457414751518],[3.000767302999975,0.1385389370312909],[3.499099254999919,0.13801373579733034],[3.99990121299993,0.13869780743701335],[4.500113220000003,0.13853441967688265],[5.000101805999975,0.13847254291631025],[5.500400938999974,0.13855854934524245],[6.000392778999981,0.1384734441162018],[6.499823796999976,0.1383181236736168],[6.999964406000004,0.13851464590023602],[7.5003040560000045,0.13856977058544417],[8.000731244999997,0.1385940146347538],[8.500301598999954,0.13835671297500218],[9.000310438999918,0.13847815229012728],[9.500095065999972,0.13841605618409242],[9.999777636999966,0.13838779163117293]],"reps":[],"score":[[0,0.6258252115138088],[0.4998054409999213,0.6253060379982532],[1.0024267740000141,0.628828997385281],[1.500229322999985,0.6228002220180955],[2.000651386999948,0.6260774943559977],[2.5005389849999347,0.6254088245307525],[3.000767302999975,0.6258350989484022],[3.499099254999919,0.6234625575296003],[3.99990121299993,0.6265527793219917],[4.500113220000003,0.625814692274267],[5.000101805999975,0.6255351705065586],[5.500400938999974,0.6259236955170312],[6.000392778999981,0.6255392415824262],[6.499823796999976,0.6248375977945001],[6.999964406000004,0.6257253663148693],[7.5003040560000045,0.6259743862912098],[8.000731244999997,0.626083906237903],[8.500301598999954,0.6250119209109349],[9.000310438999918,0.6255605102636913],[9.500095065999972,0.6252799976258913],[9.999777636999966,0.625152315476366]],"motion":[]},"serverReceivedTimestamp":"2020-02-27T05:46:46.035Z"}