{"timestamp":"2020-02-27T05:46:45.967Z","videoElapsedSeconds":996.427196364,"metrics":{"time":[[0,0],[0.4999134710000135,0.4999134710000135],[1.0002002329999868,0.5002867619999734],[1.5001638510000248,0.49996361800003797],[2.000487794000037,0.5003239430000122],[2.500512126999979,0.5000243329999421],[2.9997281290000046,0.4992160020000256],[3.4997276909999755,0.49999956199997087],[4.000084125000058,0.5003564340000821],[4.500070787000027,0.49998666199996933],[5.000386734000017,0.50031594699999],[5.500309592999997,0.49992285899998024],[5.999709287999963,0.4993996949999655],[6.50034533500002,0.5006360470000573],[7.000037455999973,0.49969212099995275],[7.500126486999989,0.5000890310000159],[8.000312776999976,0.5001862899999878],[8.500307010000029,0.4999942330000522],[8.999192207999954,0.49888519799992537],[9.49983733900001,0.5006451310000557],[9.999959325999953,0.5001219869999431]],"bpm":[[0,176],[0.4999134710000135,176],[1.0002002329999868,176],[1.5001638510000248,176],[2.000487794000037,176],[2.500512126999979,176],[2.9997281290000046,176],[3.4997276909999755,176],[4.000084125000058,176],[4.500070787000027,176],[5.000386734000017,176],[5.500309592999997,176],[5.999709287999963,176],[6.50034533500002,176],[7.000037455999973,176],[7.500126486999989,176],[8.000312776999976,176],[8.500307010000029,176],[8.999192207999954,176],[9.49983733900001,176],[9.999959325999953,176]],"kcal":[[0,0.1385674782586378],[0.4999134710000135,0.13845173971130384],[1.0002002329999868,0.1385551231793661],[1.5001638510000248,0.13846562799357157],[2.000487794000037,0.13856542050968065],[2.500512126999979,0.13848244309828656],[2.9997281290000046,0.13825857468966551],[3.4997276909999755,0.138475582734965],[4.000084125000058,0.13857441893789993],[4.500070787000027,0.13847201006180032],[5.000386734000017,0.13856320600621552],[5.500309592999997,0.1384543397311137],[5.999709287999963,0.13830944872465317],[6.50034533500002,0.13865185815196032],[7.000037455999973,0.13839043651710864],[7.500126486999989,0.13850036130050694],[8.000312776999976,0.13852729731749755],[8.500307010000029,0.1384741068609339],[8.999192207999954,0.13816695805603943],[9.49983733900001,0.1386543739785509],[9.999959325999953,0.13850948851109143]],"reps":[],"score":[[0,0.6259640309455975],[0.4999134710000135,0.6254411942126542],[1.0002002329999868,0.6259082181724941],[1.5001638510000248,0.6255039330692783],[2.000487794000037,0.6259547352807844],[2.500512126999979,0.6255798935389385],[2.9997281290000046,0.6245685915132189],[3.4997276909999755,0.6255489025680954],[4.000084125000058,0.6259953847352676],[4.500070787000027,0.6255327633922693],[5.000386734000017,0.6259447314939436],[5.500309592999997,0.6254529395290962],[5.999709287999963,0.6247984096235832],[6.50034533500002,0.6263452082522695],[7.000037455999973,0.62516426347082],[7.500126486999989,0.6256608371357342],[8.000312776999976,0.6257825177637211],[8.500307010000029,0.6255422354621532],[8.999192207999954,0.6241547229922143],[9.49983733900001,0.6263565732346851],[9.999959325999953,0.6257020683510278]],"motion":[]},"serverReceivedTimestamp":"2020-02-27T05:46:56.540Z"}