{"timestamp":"2020-02-27T05:46:56.467Z","videoElapsedSeconds":1006.927311868,"metrics":{"time":[[0,0],[0.5000441180000053,0.5000441180000053],[1.000034663000065,0.4999905450000597],[1.4995361850000108,0.4995015219999459],[1.9991401900000483,0.49960400500003743],[2.4997818980000375,0.5006417079999892],[2.9997939550000865,0.500012057000049],[3.5000817280000547,0.5002877729999682],[3.999865777000082,0.49978404900002715],[4.500153539000053,0.5002877619999708],[5.000147979000076,0.49999444000002313],[5.499472017000016,0.49932403799994063],[5.999694028000022,0.5002220110000053],[6.499776562000079,0.5000825340000574],[6.99985592500002,0.5000793629999407],[7.500107988000082,0.5002520630000618],[8.00070173100005,0.5005937429999676],[8.07268813199994,0.07198640099989007]],"bpm":[[0,176],[0.5000441180000053,176],[1.000034663000065,176],[1.4995361850000108,176],[1.9991401900000483,176],[2.4997818980000375,176],[2.9997939550000865,176],[3.5000817280000547,176],[3.999865777000082,176],[4.500153539000053,176],[5.000147979000076,176],[5.499472017000016,176],[5.999694028000022,176],[6.499776562000079,176],[6.99985592500002,176],[7.500107988000082,176],[8.00070173100005,176],[8.07268813199994,167]],"kcal":[[0,0.13851895775670012],[0.5000441180000053,0.1384879225819129],[1.000034663000065,0.13847308546414294],[1.4995361850000108,0.13833764985567823],[1.9991401900000483,0.1383660326668578],[2.4997818980000375,0.13865342597386263],[2.9997939550000865,0.13847904324283059],[3.5000817280000547,0.13855540317723822],[3.999865777000082,0.1384158961061712],[4.500153539000053,0.13855540013077347],[5.000147979000076,0.1384741641898673],[5.499472017000016,0.13828849541196522],[5.999694028000022,0.1385371902987504],[6.499776562000079,0.13849856194722013],[6.99985592500002,0.13849768373427276],[7.500107988000082,0.13854551324248163],[8.00070173100005,0.13864014199956812],[8.07268813199994,0.018782612801352423]],"reps":[],"score":[[0,0.6257448446736232],[0.5000441180000053,0.6256046465307759],[1.000034663000065,0.6255376214094154],[1.4995361850000108,0.6249258052713609],[1.9991401900000483,0.6250540216401567],[2.4997818980000375,0.6263522907230634],[2.9997939550000865,0.6255645350489625],[3.5000817280000547,0.6259094830334767],[3.999865777000082,0.6252792744906933],[4.500153539000053,0.625909469271392],[5.000147979000076,0.6255424944395894],[5.499472017000016,0.6247037552339917],[5.999694028000022,0.6258272082675891],[6.499776562000079,0.6256527087462257],[6.99985592500002,0.6256487415114643],[7.500107988000082,0.6258648062918355],[8.00070173100005,0.6262922817642452],[8.07268813199994,0.0817405737456223]],"motion":[]},"serverReceivedTimestamp":"2020-02-27T05:47:05.063Z"}