{"timestamp":"2020-02-27T05:47:04.971Z","videoElapsedSeconds":1015.426915303,"metrics":{"time":[[0,0],[0.5000222500000291,0.5000222500000291],[1.0000514170000088,0.5000291669999797],[1.499947804000044,0.49989638700003525],[2.000478107000049,0.500530303000005],[2.500974444999997,0.5004963379999481],[3.0008211880000317,0.4998467430000346],[3.5007895160000544,0.49996832800002267],[4.000001214000008,0.4992116979999537],[4.500624775999995,0.500623561999987],[5.000310376000016,0.4996856000000207],[5.500266260999979,0.499955884999963],[6.000566410000033,0.5003001490000543],[6.500545084000009,0.4999786739999763],[7.000043224000024,0.49949814000001425],[7.5001541100000395,0.5001108860000159],[8.000326853000047,0.5001727430000074],[8.500264850999997,0.4999379979999503],[9.000595053000097,0.5003302020001001],[9.501787123999975,0.5011920709998776],[10.000516065000056,0.49872894100008125]],"bpm":[[0,167],[0.5000222500000291,167],[1.0000514170000088,167],[1.499947804000044,167],[2.000478107000049,167],[2.500974444999997,167],[3.0008211880000317,166],[3.5007895160000544,166],[4.000001214000008,165],[4.500624775999995,165],[5.000310376000016,165],[5.500266260999979,165],[6.000566410000033,162],[6.500545084000009,162],[7.000043224000024,162],[7.5001541100000395,162],[8.000326853000047,162],[8.500264850999997,162],[9.000595053000097,162],[9.501787123999975,162],[10.000516065000056,162]],"kcal":[[0,0.11139027266045966],[0.5000222500000291,0.13046525709523846],[1.0000514170000088,0.13046706187127968],[1.499947804000044,0.1304324170593141],[2.000478107000049,0.13059781772681006],[2.500974444999997,0.13058895561624467],[3.0008211880000317,0.12952904230167045],[3.5007895160000544,0.12956054953629234],[4.000001214000008,0.12847518788198434],[4.500624775999995,0.12883853972929643],[5.000310376000016,0.12859714946409506],[5.500266260999979,0.1286667089641797],[6.000566410000033,0.1260816192362555],[6.500545084000009,0.1260006036926167],[7.000043224000024,0.12587950337926604],[7.5001541100000395,0.1260339226973797],[8.000326853000047,0.1260495114009522],[8.500264850999997,0.1259903528542798],[9.000595053000097,0.12608919295158671],[9.501787123999975,0.1263063942442081],[10.000516065000056,0.12568565603458645]],"reps":[],"score":[[0,0.48476241794707464],[0.5000222500000291,0.5677753719156176],[1.0000514170000088,0.5677832261705421],[1.499947804000044,0.5676324544521808],[2.000478107000049,0.5683522662058499],[2.500974444999997,0.5683136989410144],[3.0008211880000317,0.5611559028789244],[3.5007895160000544,0.5612924009983986],[4.000001214000008,0.5540309417599174],[4.500624775999995,0.5555978448287142],[5.000310376000016,0.5545568837048898],[5.500266260999979,0.5548568491377143],[6.000566410000033,0.5359609038763319],[6.500545084000009,0.5356165145493254],[7.000043224000024,0.535101728700315],[7.5001541100000395,0.5357581504516654],[8.000326853000047,0.5358244165395184],[8.500264850999997,0.5355729392160308],[9.000595053000097,0.5359930990157916],[9.501787123999975,0.536916400935783],[10.000516065000056,0.534277702179258]],"motion":[]},"serverReceivedTimestamp":"2020-02-27T05:47:15.510Z"}