{"timestamp":"2020-02-27T05:47:15.467Z","videoElapsedSeconds":1025.927167709,"metrics":{"time":[[0,0],[0.4999680979999539,0.4999680979999539],[0.9999474669998563,0.49997936899990236],[1.5002186039998833,0.500271137000027],[2.0002012259999447,0.4999826220000614],[2.5005153699999028,0.5003141439999581],[3.0006617179999466,0.5001463480000439],[3.499826935999863,0.4991652179999164],[3.999899507000009,0.5000725710001461],[4.500124113999846,0.5002246069998364],[5.000680058999933,0.5005559450000874],[5.50037036599997,0.49969030700003714],[6.000435045999893,0.5000646799999231],[6.499403267999924,0.49896822200003044],[7.00052562399992,0.5011223559999962],[7.500095007000027,0.49956938300010734],[8.000646188000019,0.5005511809999916],[8.500399035999862,0.49975284799984365],[9.001057266999851,0.5006582309999885],[9.499820571999862,0.4987633050000113],[9.99990409499992,0.5000835230000575]],"bpm":[[0,162],[0.4999680979999539,162],[0.9999474669998563,162],[1.5002186039998833,162],[2.0002012259999447,162],[2.5005153699999028,162],[3.0006617179999466,162],[3.499826935999863,162],[3.999899507000009,162],[4.500124113999846,162],[5.000680058999933,162],[5.50037036599997,163],[6.000435045999893,163],[6.499403267999924,172],[7.00052562399992,172],[7.500095007000027,174],[8.000646188000019,174],[8.500399035999862,176],[9.001057266999851,176],[9.499820571999862,180],[9.99990409499992,180]],"kcal":[[0,0.12593953287924511],[0.4999680979999539,0.1259979384141623],[0.9999474669998563,0.12600077884090763],[1.5002186039998833,0.12607430786537538],[2.0002012259999447,0.12600159863584123],[2.5005153699999028,0.12608514614355829],[3.0006617179999466,0.12604285954537747],[3.499826935999863,0.12579560305475965],[3.999899507000009,0.12602426685931076],[4.500124113999846,0.1260625817490054],[5.000680058999933,0.12614608288661178],[5.50037036599997,0.12681807478703153],[6.000435045999893,0.1269130881631821],[6.499403267999924,0.1346345248233992],[7.00052562399992,0.13521576586181408],[7.500095007000027,0.13657658882834928],[8.000646188000019,0.13684500123772755],[8.500399035999862,0.13840725494523687],[9.001057266999851,0.13865800204197815],[9.499820571999862,0.1416871663165487],[9.99990409499992,0.1420622098401428]],"reps":[],"score":[[0,0.5353569083630044],[0.4999680979999539,0.5356051847055451],[0.9999474669998563,0.5356172590879574],[1.5002186039998833,0.535929823938041],[2.0002012259999447,0.535620743957808],[2.5005153699999028,0.5359758964219332],[3.0006617179999466,0.5357961401377094],[3.499826935999863,0.5347450764457646],[3.999899507000009,0.5357171044075991],[4.500124113999846,0.5358799773389357],[5.000680058999933,0.5362349326881556],[5.50037036599997,0.5417257646083106],[6.000435045999893,0.5421316309954924],[6.499403267999924,0.5986230069690534],[7.00052562399992,0.6012073682883072],[7.500095007000027,0.6121774694821281],[8.000646188000019,0.613380574867615],[8.500399035999862,0.6252402389536506],[9.001057266999851,0.6263729626302054],[9.499820571999862,0.6496272819919158],[9.99990409499992,0.6513468343776047]],"motion":[]},"serverReceivedTimestamp":"2020-02-27T05:47:26.045Z"}