{"timestamp":"2020-02-27T05:47:25.967Z","videoElapsedSeconds":1036.427039994,"metrics":{"time":[[0,0],[0.49998871299999337,0.49998871299999337],[1.0002374879998115,0.5002487749998181],[1.5003276289999121,0.5000901410001006],[2.0005247789999885,0.5001971500000764],[2.5006236369999897,0.5000988580000012],[3.0003052639999623,0.49968162699997265],[3.5008924549999847,0.5005871910000224],[4.000292587999866,0.49940013299988095],[4.500139327999932,0.49984674000006635],[5.0004470639999,0.5003077359999679],[5.500484300999915,0.500037237000015],[5.999809567999819,0.49932526699990376],[6.5001384239999425,0.5003288560001238],[6.999973371999886,0.4998349479999433],[7.500200615999802,0.500227243999916],[7.999839222999981,0.49963860700017904],[8.500397222999936,0.5005579999999554],[8.99986977499998,0.4994725520000429],[9.499967196999933,0.5000974219999534],[9.99990785,0.49994065300006696]],"bpm":[[0,181],[0.49998871299999337,181],[1.0002374879998115,182],[1.5003276289999121,182],[2.0005247789999885,182],[2.5006236369999897,182],[3.0003052639999623,183],[3.5008924549999847,183],[4.000292587999866,184],[4.500139327999932,184],[5.0004470639999,185],[5.500484300999915,185],[5.999809567999819,185],[6.5001384239999425,185],[6.999973371999886,186],[7.500200615999802,186],[7.999839222999981,186],[8.500397222999936,186],[8.99986977499998,187],[9.499967196999933,187],[9.99990785,188]],"kcal":[[0,0.14292008443547713],[0.49998871299999337,0.1429259511064649],[1.0002374879998115,0.1438914298771385],[1.5003276289999121,0.14384580043397494],[2.0005247789999885,0.14387658047539778],[2.5006236369999897,0.1438483077896],[3.0003052639999623,0.14461842313502535],[3.5008924549999847,0.14488051249484696],[4.000292587999866,0.1454265789355781],[4.500139327999932,0.14555663202101782],[5.0004470639999,0.14658211812714547],[5.500484300999915,0.14650286627171472],[5.999809567999819,0.14629427051524355],[6.5001384239999425,0.14658830594743077],[6.999973371999886,0.14733399953706502],[7.500200615999802,0.14744963478608003],[7.999839222999981,0.14727612502291965],[8.500397222999936,0.1475471301784124],[8.99986977499998,0.14811693289032918],[9.499967196999933,0.14830223602154488],[9.99990785,0.14914633568315608]],"reps":[],"score":[[0,0.6576183566043367],[0.49998871299999337,0.6576453509246168],[1.0002374879998115,0.6644127603963262],[1.5003276289999121,0.6642020683188793],[2.0005247789999885,0.6643441938944215],[2.5006236369999897,0.6642136459303714],[3.0003052639999623,0.6700775544489643],[3.5008924549999847,0.6712919239149651],[4.000292587999866,0.674996096924234],[4.500139327999932,0.6755997370958401],[5.0004470639999,0.6789140990964599],[5.500484300999915,0.6785470338451253],[5.999809567999819,0.6775808955337854],[6.5001384239999425,0.6789427587889791],[6.999973371999886,0.6809612593071848],[7.500200615999802,0.681495712488643],[7.999839222999981,0.6806937697789153],[8.500397222999936,0.6819463252823492],[8.99986977499998,0.6831543218627806],[9.499967196999933,0.6840089887295221],[9.99990785,0.6864838665307267]],"motion":[]},"serverReceivedTimestamp":"2020-02-27T05:47:36.509Z"}