{"timestamp":"2020-02-27T05:47:36.469Z","videoElapsedSeconds":1046.927111641,"metrics":{"time":[[0,0],[0.5001932449999913,0.5001932449999913],[1.0002218340000582,0.5000285890000669],[1.50052284100002,0.5003010069999618],[2.0007715219999227,0.5002486809999027],[2.500016948999928,0.4992454270000053],[3.0000042070000745,0.49998725800014654],[3.50019188400006,0.5001876769999853],[4.000102882999954,0.4999109989998942],[4.500364420000096,0.5002615370001422],[5.000126108999893,0.4997616889997971],[5.4998060370000985,0.4996799280002051],[5.999896088000014,0.5000900509999155],[6.500116198999876,0.5002201109998623],[7.000120716000083,0.5000045170002068],[7.500288087999934,0.5001673719998507],[8.021460394000087,0.5211723060001532],[8.072888358999762,0.05142796499967517]],"bpm":[[0,188],[0.5001932449999913,188],[1.0002218340000582,188],[1.50052284100002,188],[2.0007715219999227,188],[2.500016948999928,188],[3.0000042070000745,188],[3.50019188400006,189],[4.000102882999954,189],[4.500364420000096,189],[5.000126108999893,189],[5.4998060370000985,190],[5.999896088000014,190],[6.500116198999876,190],[7.000120716000083,190],[7.500288087999934,190],[8.021460394000087,190],[8.072888358999762,190]],"kcal":[[0,0.1492129058044437],[0.5001932449999913,0.14922169096979965],[1.0002218340000582,0.1491725694612974],[1.50052284100002,0.14925383940046844],[2.0007715219999227,0.14923822908527815],[2.500016948999928,0.14893893024461324],[3.0000042070000745,0.14916023926340038],[3.50019188400006,0.15011105891487075],[4.000102882999954,0.15002802522675343],[4.500364420000096,0.15013322500041185],[5.000126108999893,0.14998321588167804],[5.4998060370000985,0.150848803168512],[5.999896088000014,0.1509726155535838],[6.500116198999876,0.15101187947881406],[7.000120716000083,0.15094679362085595],[7.500288087999934,0.15099595805674718],[8.021460394000087,0.15733715564549225],[8.072888358999762,0.015525632579721994]],"reps":[],"score":[[0,0.6867902724108822],[0.5001932449999913,0.6868307083642968],[1.0002218340000582,0.6866046141533194],[1.50052284100002,0.6869786796764135],[2.0007715219999227,0.6869068292385163],[2.500016948999928,0.6855292303558707],[3.0000042070000745,0.686547861287829],[3.50019188400006,0.6895136904056011],[4.000102882999954,0.6891322870290904],[4.500364420000096,0.6896155071508415],[5.000126108999893,0.688926461708085],[5.4998060370000985,0.6915016496878579],[5.999896088000014,0.6920692144727987],[6.500116198999876,0.6922492031004819],[7.000120716000083,0.6919508448954179],[7.500288087999934,0.6921762181685939],[8.021460394000087,0.7212447192207069],[8.072888358999762,0.07117060471028205]],"motion":[]},"serverReceivedTimestamp":"2020-02-27T05:47:45.032Z"}