{"timestamp":"2020-02-27T05:47:44.973Z","videoElapsedSeconds":1055.427515289,"metrics":{"time":[[0,0],[0.5008920929999476,0.5008920929999476],[0.9999348040000768,0.4990427110001292],[1.4997618219999822,0.49982701799990537],[1.9998725150001064,0.5001106930001242],[2.4998605650000627,0.4999880499999563],[3.000043044999984,0.5001824799999213],[3.5000193749999653,0.4999763299999813],[3.9994844479999756,0.4994650730000103],[4.499568650000128,0.5000842020001528],[4.9996452650000265,0.5000766149998981],[5.4997799299999315,0.500134664999905],[5.999907226000005,0.5001272960000733],[6.499855945000036,0.4999487190000309],[6.9993265240000255,0.4994705789999898],[7.500253939000004,0.5009274149999783],[7.999660593000044,0.49940665400004036],[8.499644651999915,0.4999840589998712],[8.999525175999906,0.49988052399999106],[9.499795138000081,0.5002699620001749],[10.000200975000098,0.5004058370000166]],"bpm":[[0,190],[0.5008920929999476,190],[0.9999348040000768,191],[1.4997618219999822,191],[1.9998725150001064,191],[2.4998605650000627,191],[3.000043044999984,191],[3.5000193749999653,191],[3.9994844479999756,190],[4.499568650000128,190],[4.9996452650000265,190],[5.4997799299999315,190],[5.999907226000005,190],[6.499855945000036,190],[6.9993265240000255,189],[7.500253939000004,189],[7.999660593000044,189],[8.499644651999915,189],[8.999525175999906,189],[9.499795138000081,189],[10.000200975000098,189]],"kcal":[[0,0.12906295824213299],[0.5008920929999476,0.1512147447026972],[0.9999348040000768,0.15154542258588835],[1.4997618219999822,0.1517835948567145],[1.9998725150001064,0.1518697390821237],[2.4998605650000627,0.15183249580639208],[3.000043044999984,0.1518915388018283],[3.5000193749999653,0.15182893676763692],[3.9994844479999756,0.15078394040773663],[4.499568650000128,0.1509708497940155],[4.9996452650000265,0.15096855934798412],[5.4997799299999315,0.15098608411240685],[5.999907226000005,0.15098385947871062],[6.499855945000036,0.1509299487145988],[6.9993265240000255,0.14989585101376712],[7.500253939000004,0.1503330612943866],[7.999660593000044,0.14987666651587803],[8.499644651999915,0.15004995122466416],[8.999525175999906,0.15001887939066783],[9.499795138000081,0.150135753422711],[10.000200975000098,0.15017653079697302]],"reps":[],"score":[[0,0.591633786038943],[0.5008920929999476,0.6931791517247528],[0.9999348040000768,0.6933042805618524],[1.4997618219999822,0.6943938935112725],[1.9998725150001064,0.6947879942317218],[2.4998605650000627,0.6946176101841781],[3.000043044999984,0.6948877256437852],[3.5000193749999653,0.6946013279582849],[3.9994844479999756,0.6912043141761574],[4.499568650000128,0.692061120105268],[4.9996452650000265,0.6920506205376481],[5.4997799299999315,0.6921309553050057],[5.999907226000005,0.6921207574258142],[6.499855945000036,0.6918736266462774],[6.9993265240000255,0.6885251636763442],[7.500253939000004,0.6905334266001583],[7.999660593000044,0.6884370424277587],[8.499644651999915,0.6892330009661215],[8.999525175999906,0.6890902769384492],[9.499795138000081,0.6896271210972288],[10.000200975000098,0.6898144261366824]],"motion":[]},"serverReceivedTimestamp":"2020-02-27T05:47:55.534Z"}