{"timestamp":"2020-02-27T05:47:55.468Z","videoElapsedSeconds":1065.927847431,"metrics":{"time":[[0,0],[0.4991357750000134,0.4991357750000134],[1.0020398680001108,0.5029040930000974],[1.4994058490001407,0.49736598100002993],[1.9994110090001413,0.5000051600000006],[2.499681469000052,0.5002704599999106],[3.01072506100013,0.5110435920000782],[3.4990987280000354,0.48837366699990525],[3.999118881000186,0.5000201530001505],[4.500043053000127,0.5009241719999409],[4.9986461460000555,0.4986030929999288],[5.499613038999996,0.5009668929999407],[5.9996205710001504,0.5000075320001542],[6.499436818000049,0.4998162469998988],[6.999158673000011,0.4997218549999616],[7.499328635999973,0.5001699629999621],[7.999320297000168,0.49999166100019465],[8.499603634000096,0.500283336999928],[8.99954576800019,0.4999421340000936],[9.499013532000163,0.4994677639999736],[9.99910104200012,0.5000875099999575]],"bpm":[[0,189],[0.4991357750000134,189],[1.0020398680001108,189],[1.4994058490001407,189],[1.9994110090001413,189],[2.499681469000052,189],[3.01072506100013,189],[3.4990987280000354,189],[3.999118881000186,189],[4.500043053000127,189],[4.9986461460000555,189],[5.499613038999996,189],[5.9996205710001504,189],[6.499436818000049,189],[6.999158673000011,189],[7.499328635999973,189],[7.999320297000168,189],[8.499603634000096,189],[8.99954576800019,189],[9.499013532000163,189],[9.99910104200012,189]],"kcal":[[0,0.1500940997286457],[0.4991357750000134,0.14979537316259964],[1.0020398680001108,0.1509262810824295],[1.4994058490001407,0.14926424122230056],[1.9994110090001413,0.15005628383464084],[2.499681469000052,0.150135902877148],[3.01072506100013,0.1533690218177709],[3.4990987280000354,0.1465655626287978],[3.999118881000186,0.1500607833759776],[4.500043053000127,0.1503320880393624],[4.9986461460000555,0.1496355102495883],[5.499613038999996,0.15034490901605324],[5.9996205710001504,0.15005699569435108],[6.499436818000049,0.14999958925420226],[6.999158673000011,0.14997126132107794],[7.499328635999973,0.15010574277570263],[7.999320297000168,0.15005223265695627],[8.499603634000096,0.15013976738680537],[8.99954576800019,0.1500373691351785],[9.499013532000163,0.14989500620560267],[9.99910104200012,0.15008099784952686]],"reps":[],"score":[[0,0.6894357908080309],[0.4991357750000134,0.6880636330305456],[1.0020398680001108,0.6932582968944054],[1.4994058490001407,0.6856239543893097],[1.9994110090001413,0.6892620889047884],[2.499681469000052,0.6896278075948202],[3.01072506100013,0.7044786772668103],[3.4990987280000354,0.6732279600523439],[3.999118881000186,0.6892827569046991],[4.500043053000127,0.6905289560923338],[4.9986461460000555,0.6873293255923978],[5.499613038999996,0.6905878474159752],[5.9996205710001504,0.6892653587306052],[6.499436818000049,0.6890016704541638],[6.999158673000011,0.6888715501429002],[7.499328635999973,0.6894892714802866],[7.999320297000168,0.6892434803992193],[8.499603634000096,0.6896455586674908],[8.99954576800019,0.6891752069367078],[9.499013532000163,0.6885212831708082],[9.99910104200012,0.6893756091992421]],"motion":[]},"serverReceivedTimestamp":"2020-02-27T05:48:06.040Z"}