{"timestamp":"2020-02-27T05:48:05.966Z","videoElapsedSeconds":1076.426971649,"metrics":{"time":[[0,0],[0.49989844399988215,0.49989844399988215],[1.0003626870000062,0.500464243000124],[1.5004388719999042,0.500076184999898],[2.001410692000036,0.5009718200001316],[2.5005880629998956,0.4991773709998597],[3.0000359910000043,0.49944792800010873],[3.500231496999959,0.5001955059999545],[4.0003215709998585,0.5000900739998997],[4.499377172999857,0.49905560199999854],[5.0005209030000515,0.5011437300001944],[5.500494231999937,0.4999733289998858],[5.999912957999868,0.49941872599993076],[6.500126813999941,0.5002138560000731],[7.000252226999919,0.5001254129999779],[7.500383544999977,0.500131318000058],[8.00041857999986,0.5000350349998826],[8.504039811999974,0.5036212320001141],[9.000914673999887,0.49687486199991326],[9.499976622999839,0.4990619489999517],[10.000004670999942,0.5000280480001038]],"bpm":[[0,189],[0.49989844399988215,189],[1.0003626870000062,189],[1.5004388719999042,189],[2.001410692000036,189],[2.5005880629998956,189],[3.0000359910000043,189],[3.500231496999959,189],[4.0003215709998585,189],[4.499377172999857,189],[5.0005209030000515,189],[5.500494231999937,189],[5.999912957999868,189],[6.500126813999941,189],[7.000252226999919,189],[7.500383544999977,189],[8.00041857999986,189],[8.504039811999974,189],[9.000914673999887,189],[9.499976622999839,189],[10.000004670999942,189]],"kcal":[[0,0.15006169060686592],[0.49989844399988215,0.1500242573523472],[1.0003626870000062,0.1501940589907416],[1.5004388719999042,0.15007759910975513],[2.001410692000036,0.15034638765547192],[2.5005880629998956,0.1498078565160901],[3.0000359910000043,0.1498890532341856],[3.500231496999959,0.15011340847190632],[4.0003215709998585,0.150081767330192],[4.499377172999857,0.14977131248601366],[5.0005209030000515,0.15039797947457123],[5.500494231999937,0.15004673105004965],[5.999912957999868,0.14988028943737347],[6.500126813999941,0.1501189154807263],[7.000252226999919,0.15009237289879485],[7.500383544999977,0.15009414504524235],[8.00041857999986,0.1500652496050378],[8.504039811999974,0.15114150128802778],[9.000914673999887,0.14911685175920364],[9.499976622999839,0.14977321728080908],[10.000004670999942,0.15006315274023355]],"reps":[],"score":[[0,0.6892869241400936],[0.49989844399988215,0.6891149798366315],[1.0003626870000062,0.6898949393890629],[1.5004388719999042,0.6893599975739584],[2.001410692000036,0.6905946393347699],[2.5005880629998956,0.6881209735302799],[3.0000359910000043,0.6884939390475947],[3.500231496999959,0.6895244827599696],[4.0003215709998585,0.6893791436986783],[4.499377172999857,0.6879531137521766],[5.0005209030000515,0.6908316189806337],[5.500494231999937,0.6892182095543611],[5.999912957999868,0.6884536837997431],[6.500126813999941,0.6895497784177446],[7.000252226999919,0.6894278588619652],[7.500383544999977,0.6894359989633396],[8.00041857999986,0.6893032718894293],[8.504039811999974,0.6942468801425995],[9.000914673999887,0.6849469419602354],[9.499976622999839,0.6879618631547747],[10.000004670999942,0.6892936402407025]],"motion":[]},"serverReceivedTimestamp":"2020-02-27T05:48:16.520Z"}