{"timestamp":"2020-02-27T05:48:16.466Z","videoElapsedSeconds":1086.926921788,"metrics":{"time":[[0,0],[0.5002859009998701,0.5002859009998701],[0.9996356560000095,0.49934975500013934],[1.5016842039999574,0.5020485479999479],[2.0005601670000033,0.4988759630000459],[2.50001806399996,0.4994578969999566],[3.000085318999936,0.5000672549999763],[3.5002407099998436,0.5001553909999075],[4.001143560999935,0.5009028510000917],[4.5005473999999595,0.49940383900002416],[5.0013108589998865,0.500763458999927],[5.499902276999819,0.4985914179999327],[6.0006007059998865,0.5006984290000673],[6.5004035560000375,0.499802850000151],[7.003131009999834,0.5027274539997961],[7.500529425999957,0.4973984160001237],[8.000428037999882,0.49989861199992447],[8.0730782119997,0.07265017399981843]],"bpm":[[0,189],[0.5002859009998701,189],[0.9996356560000095,189],[1.5016842039999574,189],[2.0005601670000033,189],[2.50001806399996,189],[3.000085318999936,189],[3.5002407099998436,189],[4.001143560999935,189],[4.5005473999999595,189],[5.0013108589998865,189],[5.499902276999819,189],[6.0006007059998865,189],[6.5004035560000375,189],[7.003131009999834,189],[7.500529425999957,189],[8.000428037999882,189],[8.0730782119997,189]],"kcal":[[0,0.15003836970014867],[0.5002859009998701,0.15014053686747042],[0.9996356560000095,0.14985959058714352],[1.5016842039999574,0.1506695239254119],[2.0005601670000033,0.14971740112084958],[2.50001806399996,0.14989204502545175],[3.000085318999936,0.1500749191322067],[3.5002407099998436,0.1501013695804815],[4.001143560999935,0.1503256894053863],[4.5005473999999595,0.1498758217077136],[5.0013108589998865,0.15028385654601945],[5.499902276999819,0.14963200647152095],[6.0006007059998865,0.15026434042719236],[6.5004035560000375,0.14999556868770114],[7.003131009999834,0.15087327004557247],[7.500529425999957,0.14927397527300565],[8.000428037999882,0.15002430777075096],[8.0730782119997,0.021803005253691356]],"reps":[],"score":[[0,0.689179802888865],[0.5002859009998701,0.6896490931669269],[0.9996356560000095,0.6883586065901598],[1.5016842039999574,0.6920789195976689],[2.0005601670000033,0.6877054796030487],[2.50001806399996,0.6885076814130924],[3.000085318999936,0.6893476874801986],[3.5002407099998436,0.6894691838331968],[4.001143560999935,0.6904995648818638],[4.5005473999999595,0.6884331619222226],[5.0013108589998865,0.6903074116224652],[5.499902276999819,0.6873132314887184],[6.0006007059998865,0.690217767120507],[6.5004035560000375,0.6889832025566901],[7.003131009999834,0.6930147982746517],[7.500529425999957,0.6856686663597187],[8.000428037999882,0.6891152114263617],[8.0730782119997,0.10014898784326773]],"motion":[]},"serverReceivedTimestamp":"2020-02-27T05:48:25.068Z"}