{"timestamp":"2020-02-27T05:48:54.974Z","videoElapsedSeconds":1125.427654034,"metrics":{"time":[[0,0],[0.5027559320001274,0.5027559320001274],[0.9993572610001138,0.49660132899998644],[1.5015925889999835,0.5022353279998697],[2.0013570779999554,0.49976448899997195],[2.4996646880001663,0.49830761000021084],[2.9999867220001306,0.5003220339999643],[3.5024891600000956,0.502502437999965],[4.001718424000046,0.4992292639999505],[4.499344906000033,0.49762648199998694],[5.000853753999991,0.5015088479999577],[5.499975649000135,0.4991218950001439],[5.999942875999977,0.49996722699984275],[6.50068971099995,0.5007468349999726],[7.00207668500002,0.50138697400007],[7.502014676000044,0.49993799100002434],[8.002368598999965,0.5003539229999205],[8.50955090399998,0.5071823050000148],[9.001126180000028,0.4915752760000487],[9.500496430000112,0.4993702500000836],[10.001473781999948,0.5009773519998362]],"bpm":[[0,178],[0.5027559320001274,178],[0.9993572610001138,178],[1.5015925889999835,178],[2.0013570779999554,178],[2.4996646880001663,178],[2.9999867220001306,178],[3.5024891600000956,178],[4.001718424000046,178],[4.499344906000033,178],[5.000853753999991,179],[5.499975649000135,179],[5.999942875999977,179],[6.50068971099995,179],[7.00207668500002,179],[7.502014676000044,179],[8.002368598999965,179],[8.50955090399998,179],[9.001126180000028,179],[9.500496430000112,179],[10.001473781999948,179]],"kcal":[[0,0.11996302363036136],[0.5027559320001274,0.1410301714839234],[0.9993572610001138,0.13930371802752717],[1.5015925889999835,0.14088413467608418],[2.0013570779999554,0.1401910292830191],[2.4996646880001663,0.13978235405496114],[2.9999867220001306,0.14034742856536292],[3.5024891600000956,0.14095906282057893],[4.001718424000046,0.14004089107731915],[4.499344906000033,0.1395912879877903],[5.000853753999991,0.14157372928546555],[5.499975649000135,0.14089990301268804],[5.999942875999977,0.14113853649674116],[6.50068971099995,0.14135861638645666],[7.00207668500002,0.1415393247944265],[7.502014676000044,0.14113028330332258],[8.002368598999965,0.14124769906695125],[8.50955090399998,0.1431753210991336],[9.001126180000028,0.13876952585264216],[9.500496430000112,0.1409700125305328],[10.001473781999948,0.1414236903157892]],"reps":[],"score":[[0,0.5460233241730873],[0.5027559320001274,0.641912488631731],[0.9993572610001138,0.634054368464668],[1.5015925889999835,0.6412477879526808],[2.0013570779999554,0.6380930516075066],[2.4996646880001663,0.6362329267141982],[2.9999867220001306,0.6388049180931897],[3.5024891600000956,0.6415888306614509],[4.001718424000046,0.6374096830187466],[4.499344906000033,0.6353632709988273],[5.000853753999991,0.6467617567445721],[5.499975649000135,0.6436834662586057],[5.999942875999977,0.6447736332842484],[6.50068971099995,0.6457790405502358],[7.00207668500002,0.6466045841591169],[7.502014676000044,0.6447359296092721],[8.002368598999965,0.6452723287416343],[8.50955090399998,0.6540784272894796],[9.001126180000028,0.6339511064379392],[9.500496430000112,0.6440037527634159],[10.001473781999948,0.6460763226029569]],"motion":[]},"serverReceivedTimestamp":"2020-02-27T05:49:05.530Z"}