{"timestamp":"2020-02-27T05:49:05.467Z","videoElapsedSeconds":1135.927691611,"metrics":{"time":[[0,0],[0.5009669329999724,0.5009669329999724],[0.9992767660000936,0.4983098330001212],[1.4998347969999486,0.500558030999855],[2.000997861000087,0.5011630640001385],[2.503127304999907,0.5021294439998201],[2.999833720999959,0.49670641600005183],[3.4993140829999447,0.4994803619999857],[4.000708039000074,0.501393956000129],[4.501452011000083,0.5007439720000093],[5.001000517999955,0.4995485069998722],[5.501468521000106,0.5004680030001509],[6.0008243990000665,0.4993558779999603],[6.501040000000103,0.5002156010000363],[7.0005004049999116,0.4994604049998088],[7.50178232899998,0.5012819240000681],[7.99963667399993,0.4978543449999506],[8.50049974400008,0.5008630700001504],[9.002344864999941,0.5018451209998602],[9.50300778299993,0.5006629179999891],[10.001479302999996,0.49847152000006645]],"bpm":[[0,179],[0.5009669329999724,179],[0.9992767660000936,179],[1.4998347969999486,179],[2.000997861000087,179],[2.503127304999907,179],[2.999833720999959,179],[3.4993140829999447,179],[4.000708039000074,179],[4.501452011000083,179],[5.001000517999955,179],[5.501468521000106,179],[6.0008243990000665,179],[6.501040000000103,179],[7.0005004049999116,179],[7.50178232899998,179],[7.99963667399993,179],[8.50049974400008,179],[9.002344864999941,179],[9.50300778299993,180],[10.001479302999996,180]],"kcal":[[0,0.1407423538515232],[0.5009669329999724,0.14142074907821772],[0.9992767660000936,0.1406706615023683],[1.4998347969999486,0.14130531785242825],[2.000997861000087,0.14147611599194768],[2.503127304999907,0.14174892079092066],[2.999833720999959,0.14021802397622127],[3.4993140829999447,0.14100109666100702],[4.000708039000074,0.14154129578215713],[4.501452011000083,0.14135780817423196],[5.001000517999955,0.14102033369302464],[5.501468521000106,0.14127990334636512],[6.0008243990000665,0.1409659553784748],[6.501040000000103,0.14120865137827351],[7.0005004049999116,0.14099546288814008],[7.50178232899998,0.1415096696441315],[7.99963667399993,0.14054207925484444],[8.50049974400008,0.14139142901282264],[9.002344864999941,0.14166865766578043],[9.50300778299993,0.14222680261369952],[10.001479302999996,0.1416042769191102]],"reps":[],"score":[[0,0.6429637227527809],[0.5009669329999724,0.646062885929442],[0.9992767660000936,0.642636205282424],[1.4998347969999486,0.6455355529083258],[2.000997861000087,0.6463158227035894],[2.503127304999907,0.6475620970789459],[2.999833720999959,0.6405683877356455],[3.4993140829999447,0.6441457566996961],[4.000708039000074,0.6466135883683981],[4.501452011000083,0.6457753483344489],[5.001000517999955,0.6442336386583409],[5.501468521000106,0.6454194499373075],[6.0008243990000665,0.6439852181750736],[6.501040000000103,0.6450939442923901],[7.0005004049999116,0.6441200195176997],[7.50178232899998,0.6464691083388633],[7.99963667399993,0.6420487934743547],[8.50049974400008,0.6459289409023632],[9.002344864999941,0.6471954250976433],[9.50300778299993,0.6521014825147711],[10.001479302999996,0.6492472390045108]],"motion":[]},"serverReceivedTimestamp":"2020-02-27T05:49:16.031Z"}