{"timestamp":"2020-02-27T05:49:15.969Z","videoElapsedSeconds":1146.429464011,"metrics":{"time":[[0,0],[0.49671723599999495,0.49671723599999495],[0.9988104080000539,0.502093172000059],[1.4991988630001742,0.5003884550001203],[2.000475655000173,0.5012767919999987],[2.499678016999951,0.4992023619997781],[2.999973720000071,0.5002957030001198],[3.499161551000043,0.499187830999972],[3.999542204000136,0.5003806530000929],[4.501576256000135,0.5020340519999991],[5.000973012000031,0.4993967559998964],[5.497351082000023,0.49637806999999157],[5.999734933000127,0.5023838510001042],[6.499379694000027,0.4996447609998995],[7.000813389000086,0.5014336950000597],[7.498548117000155,0.49773472800006857],[7.999504712000089,0.5009565949999342],[8.500112571000045,0.5006078589999561],[9.001427250000006,0.501314678999961],[9.500500190000139,0.4990729400001328],[9.997519894000106,0.49701970399996753]],"bpm":[[0,180],[0.49671723599999495,180],[0.9988104080000539,181],[1.4991988630001742,181],[2.000475655000173,181],[2.499678016999951,181],[2.999973720000071,181],[3.499161551000043,181],[3.999542204000136,181],[4.501576256000135,181],[5.000973012000031,181],[5.497351082000023,181],[5.999734933000127,181],[6.499379694000027,181],[7.000813389000086,181],[7.498548117000155,181],[7.999504712000089,181],[8.500112571000045,181],[9.001427250000006,181],[9.500500190000139,181],[9.997519894000106,181]],"kcal":[[0,0.1421217449861314],[0.49671723599999495,0.1411059252432896],[0.9988104080000539,0.14352752829476623],[1.4991988630001742,0.14304022069711733],[2.000475655000173,0.14329415925074762],[2.499678016999951,0.14270116610294967],[2.999973720000071,0.14301370676295758],[3.499161551000043,0.14269701229524598],[3.999542204000136,0.14303799043022242],[4.501576256000135,0.14351062834879091],[5.000973012000031,0.1427567352520802],[5.497351082000023,0.14189381863734424],[5.999734933000127,0.14361062131560437],[6.499379694000027,0.14282762955345737],[7.000813389000086,0.1433390112842678],[7.498548117000155,0.14228163066178728],[7.999504712000089,0.14320262826297578],[8.500112571000045,0.14310293916363018],[9.001427250000006,0.1433049895662395],[9.500500190000139,0.14266416974300702],[9.997519894000106,0.14207723507720457]],"reps":[],"score":[[0,0.6516197995026546],[0.49671723599999495,0.6469623260299922],[0.9988104080000539,0.6604133887655123],[1.4991988630001742,0.6581711397296789],[2.000475655000173,0.6593395875022676],[2.499678016999951,0.6566110474172764],[2.999973720000071,0.658049141132504],[3.499161551000043,0.6565919344968878],[3.999542204000136,0.6581608775999297],[4.501576256000135,0.6603356270237466],[5.000973012000031,0.6568667378100822],[5.497351082000023,0.6528961985516517],[5.999734933000127,0.6607957247823478],[6.499379694000027,0.6571929438443734],[7.000813389000086,0.6595459652181107],[7.498548117000155,0.6546806384866894],[7.999504712000089,0.6589184258580197],[8.500112571000045,0.6584597262851642],[9.001427250000006,0.6593894210459813],[9.500500190000139,0.6564408160217247],[9.997519894000106,0.6537401528372344]],"motion":[]},"serverReceivedTimestamp":"2020-02-27T05:49:26.535Z"}