{"timestamp":"2020-02-27T05:49:26.471Z","videoElapsedSeconds":1156.927094455,"metrics":{"time":[[0,0],[0.5002536519998557,0.5002536519998557],[1.0001716360000046,0.49991798400014886],[1.5004753319999509,0.5003036959999463],[2.0004426049999893,0.4999672730000384],[2.499824432999958,0.49938182799996866],[2.999162920999879,0.4993384879999212],[3.5054546719998143,0.5062917509999352],[3.999973901999965,0.49451923000015086],[4.500241766999807,0.5002678649998415],[5.000194217999933,0.49995245100012653],[5.5005764489999365,0.5003822310000032],[6.000629800999832,0.5000533519998953],[6.499831944999869,0.49920214400003715],[6.999803966999934,0.4999720220000654],[7.500164535999829,0.5003605689998949],[8.000521159999835,0.5003566240000055],[8.50050510699998,0.49998394700014615],[9.000738751999961,0.5002336449999802],[9.500098123999805,0.49935937199984437],[9.999954381999942,0.4998562580001362]],"bpm":[[0,181],[0.5002536519998557,181],[1.0001716360000046,181],[1.5004753319999509,181],[2.0004426049999893,181],[2.499824432999958,181],[2.999162920999879,181],[3.5054546719998143,181],[3.999973901999965,181],[4.500241766999807,183],[5.000194217999933,183],[5.5005764489999365,184],[6.000629800999832,184],[6.499831944999869,186],[6.999803966999934,186],[7.500164535999829,186],[8.000521159999835,186],[8.50050510699998,186],[9.000738751999961,186],[9.500098123999805,186],[9.999954381999942,186]],"kcal":[[0,0.14296077923089964],[0.5002536519998557,0.14300168613318842],[1.0001716360000046,0.14290573263090586],[1.5004753319999509,0.14301599162874096],[2.0004426049999893,0.14291982230334274],[2.499824432999958,0.14275246795857474],[2.999162920999879,0.14274007885744772],[3.5054546719998143,0.1447277271817618],[3.999973901999965,0.14136245369244801],[4.500241766999807,0.14478809280175267],[5.000194217999933,0.14469680532426957],[5.5005764489999365,0.14571256835147858],[6.000629800999832,0.14561679795674087],[6.499831944999869,0.147147470874749],[6.999803966999934,0.14737440419614564],[7.500164535999829,0.1474889343700002],[8.000521159999835,0.1474877715209153],[8.50050510699998,0.14737791927239913],[9.000738751999961,0.14745152157879884],[9.500098123999805,0.14719381623363897],[9.999954381999942,0.14734028098571345]],"reps":[],"score":[[0,0.6578056056155152],[0.5002536519998557,0.6579938305942731],[1.0001716360000046,0.6575523196286818],[1.5004753319999509,0.6580596544881842],[2.0004426049999893,0.657617150455431],[2.499824432999958,0.6568471027073373],[2.999162920999879,0.6567900967214035],[3.5054546719998143,0.6659358653494154],[3.999973901999965,0.6504512283908793],[4.500241766999807,0.6708637048776597],[5.000194217999933,0.6704407318681517],[5.5005764489999365,0.6763235141055182],[6.000629800999832,0.6758789967200307],[6.499831944999869,0.6800991447023638],[6.999803966999934,0.6811480051202075],[7.500164535999829,0.6816773507679311],[8.000521159999835,0.6816719762095825],[8.50050510699998,0.6811642514093169],[9.000738751999961,0.6815044330334589],[9.500098123999805,0.6803133477651457],[9.999954381999942,0.6809902914599489]],"motion":[]},"serverReceivedTimestamp":"2020-02-27T05:49:37.056Z"}