{"timestamp":"2020-02-27T05:49:36.970Z","videoElapsedSeconds":1167.427232378,"metrics":{"time":[[0,0],[0.5024900939999952,0.5024900939999952],[1.0001962179999282,0.49770612399993297],[1.5002212609999788,0.5000250430000506],[1.9997804579998046,0.49955919699982587],[2.499774286999809,0.49999382900000455],[2.9999076579999837,0.5001333710001745],[3.49988051299988,0.4999728549998963],[4.000176916999862,0.5002964039999824],[4.500162492999834,0.49998557599997184],[5.003523030999986,0.5033605380001518],[5.502668270999948,0.49914523999996163],[5.99989269699995,0.4972244260000025],[6.499832771999991,0.49994007500004045],[7.000050500999805,0.5002177289998144],[7.500023607000003,0.49997310600019773],[7.572767621999674,0.07274401499967098]],"bpm":[[0,186],[0.5024900939999952,186],[1.0001962179999282,186],[1.5002212609999788,186],[1.9997804579998046,186],[2.499774286999809,186],[2.9999076579999837,186],[3.49988051299988,186],[4.000176916999862,186],[4.500162492999834,186],[5.003523030999986,186],[5.502668270999948,186],[5.99989269699995,186],[6.499832771999991,186],[7.000050500999805,186],[7.500023607000003,186],[7.572767621999674,186]],"kcal":[[0,0.14743675265811973],[0.5024900939999952,0.14811664445036657],[1.0001962179999282,0.14670649608720213],[1.5002212609999788,0.14739003294723346],[1.9997804579998046,0.14725271771016152],[2.499774286999809,0.14738083214307454],[2.9999076579999837,0.14742196428293533],[3.49988051299988,0.1473746497355926],[4.000176916999862,0.14747002075440524],[4.500162492999834,0.14737839944502518],[5.003523030999986,0.14837322113919005],[5.502668270999948,0.14713069754996583],[5.99989269699995,0.14656450823064518],[6.499832771999991,0.1473649873290264],[7.000050500999805,0.14744683009419887],[7.500023607000003,0.14737472372177235],[7.572767621999674,0.021442411570403018]],"reps":[],"score":[[0,0.68143617273471],[0.5024900939999952,0.6845785565191436],[1.0001962179999282,0.6780610085790373],[1.5002212609999788,0.6812202394588909],[1.9997804579998046,0.6805855837986062],[2.499774286999809,0.6811777143716308],[2.9999076579999837,0.6813678225194147],[3.49988051299988,0.6811491399760556],[4.000176916999862,0.6815899341530691],[4.500162492999834,0.6811664707134636],[5.003523030999986,0.6857644252641659],[5.502668270999948,0.6800216202721371],[5.99989269699995,0.6774047565943553],[6.499832771999991,0.6811044814141218],[7.000050500999805,0.6814827495166111],[7.500023607000003,0.6811494819318993],[7.572767621999674,0.09910442689021878]],"motion":[]},"serverReceivedTimestamp":"2020-02-27T05:49:45.038Z"}