{"timestamp":"2020-02-27T05:49:49.975Z","videoElapsedSeconds":1180.426214702,"metrics":{"time":[[0,0],[0.5008962599999904,0.5008962599999904],[1.001319991000173,0.5004237310001827],[1.5010613330000524,0.4997413419998793],[2.0014421949999814,0.500380861999929],[2.5014940890000616,0.5000518940000802],[3.0007066949999626,0.4992126059999009],[3.50070005900011,0.49999336400014727],[4.001044906000061,0.5003448469999512],[4.501058733000036,0.5000138269999752],[5.001453689000073,0.5003949560000365],[5.501102717000094,0.49964902800002164],[6.00067550000017,0.499572783000076],[6.500790666000057,0.5001151659998868],[7.001303565000171,0.500512899000114],[7.501002896000045,0.4996993309998743],[8.001325597999994,0.5003227019999485],[8.501241313000037,0.49991571500004284],[9.000632674000144,0.4993913610001073],[9.500694278000083,0.5000616039999386],[10.002293217999977,0.5015989399998944]],"bpm":[[0,187],[0.5008962599999904,187],[1.001319991000173,188],[1.5010613330000524,188],[2.0014421949999814,188],[2.5014940890000616,188],[3.0007066949999626,188],[3.50070005900011,188],[4.001044906000061,187],[4.501058733000036,187],[5.001453689000073,186],[5.501102717000094,186],[6.00067550000017,186],[6.500790666000057,186],[7.001303565000171,184],[7.501002896000045,184],[8.001325597999994,184],[8.501241313000037,184],[9.000632674000144,184],[9.500694278000083,184],[10.002293217999977,184]],"kcal":[[0,0.12639255983184186],[0.5008962599999904,0.14853912878765974],[1.001319991000173,0.14929045141596164],[1.5010613330000524,0.14908687561492406],[2.0014421949999814,0.14927766238937648],[2.5014940890000616,0.14917952199723183],[3.0007066949999626,0.1489291388186317],[3.50070005900011,0.1491620608546639],[4.001044906000061,0.14837560908673797],[4.501058733000036,0.14827744620085873],[5.001453689000073,0.1474990704644914],[5.501102717000094,0.1472791967720883],[6.00067550000017,0.14725672239163204],[6.500790666000057,0.14741659808052252],[7.001303565000171,0.14575061920284363],[7.501002896000045,0.1455137061481842],[8.001325597999994,0.1456952333564448],[8.501241313000037,0.1455767177150652],[9.000632674000144,0.14542402450710837],[9.500694278000083,0.14561920095997694],[10.002293217999977,0.1460668770825384]],"reps":[],"score":[[0,0.5829557891558294],[0.5008962599999904,0.6851016005857857],[1.001319991000173,0.6871471957706382],[1.5010613330000524,0.6862101864744443],[2.0014421949999814,0.6870883310296497],[2.5014940890000616,0.686636614964661],[3.0007066949999626,0.6854841628325159],[3.50070005900011,0.6865562456239784],[4.001044906000061,0.6843474046392823],[4.501058733000036,0.6838946515446406],[5.001453689000073,0.6817241986624488],[5.501102717000094,0.6807079670598466],[6.00067550000017,0.6806040929882424],[6.500790666000057,0.6813430205323364],[7.001303565000171,0.6765001267738765],[7.501002896000045,0.6754004970612341],[8.001325597999994,0.6762430538892796],[8.501241313000037,0.6756929646556523],[9.000632674000144,0.674984240568542],[9.500694278000083,0.6758901502369262],[10.002293217999977,0.6779680347448814]],"motion":[]},"serverReceivedTimestamp":"2020-02-27T05:50:00.534Z"}