{"timestamp":"2020-02-27T05:50:00.468Z","videoElapsedSeconds":1190.927156695,"metrics":{"time":[[0,0],[0.5002505510001356,0.5002505510001356],[1.000238642000113,0.49998809099997743],[1.4998645040000156,0.49962586199990255],[1.999762477000104,0.4998979730000883],[2.499895487999993,0.5001330109998889],[2.9997295740001846,0.49983408600019175],[3.5001578090000294,0.5004282349998448],[4.000132831000201,0.4999750220001715],[4.500400035000212,0.5002672040000107],[5.000360514000022,0.4999604789998102],[5.499892849000162,0.49953233500013994],[5.999934408000172,0.5000415590000102],[6.5000690110000505,0.5001346029998786],[7.001020057000005,0.5009510459999547],[7.499340926000059,0.4983208690000538],[8.000493961000075,0.5011530350000157],[8.499411261000205,0.4989173000001301],[8.999810697000157,0.5003994359999524],[9.499309431000029,0.49949873399987155],[9.999431177000133,0.5001217460001044]],"bpm":[[0,184],[0.5002505510001356,184],[1.000238642000113,184],[1.4998645040000156,184],[1.999762477000104,184],[2.499895487999993,184],[2.9997295740001846,184],[3.5001578090000294,184],[4.000132831000201,184],[4.500400035000212,184],[5.000360514000022,184],[5.499892849000162,183],[5.999934408000172,183],[6.5000690110000505,183],[7.001020057000005,183],[7.499340926000059,183],[8.000493961000075,183],[8.499411261000205,185],[8.999810697000157,185],[9.499309431000029,186],[9.999431177000133,186]],"kcal":[[0,0.1452077815900041],[0.5002505510001356,0.1456742228032306],[1.000238642000113,0.14559779378888263],[1.4998645040000156,0.14549231178999786],[1.999762477000104,0.14557155119990758],[2.499895487999993,0.1456399948585537],[2.9997295740001846,0.14555294714432274],[3.5001578090000294,0.14572596483232073],[4.000132831000201,0.14559398806316032],[4.500400035000212,0.1456790721988171],[5.000360514000022,0.14558975310475672],[5.499892849000162,0.14457521487513372],[5.999934408000172,0.14472259506264612],[6.5000690110000505,0.14474952396260174],[7.001020057000005,0.14498581982154599],[7.499340926000059,0.14422459101156276],[8.000493961000075,0.14504427970700312],[8.499411261000205,0.14617474274733233],[8.999810697000157,0.14660898475195017],[9.499309431000029,0.14723489531570325],[9.999431177000133,0.14741853763627566]],"reps":[],"score":[[0,0.6739805511047504],[0.5002505510001356,0.6761455336043523],[1.000238642000113,0.6757907890538426],[1.4998645040000156,0.6753011953491421],[1.999762477000104,0.6756689843241915],[2.499895487999993,0.6759866649213938],[2.9997295740001846,0.6755826337753533],[3.5001578090000294,0.676385693745218],[4.000132831000201,0.6757731248137337],[4.500400035000212,0.6761680420283093],[5.000360514000022,0.675753468294176],[5.499892849000162,0.669877352534903],[5.999934408000172,0.6705602264971666],[6.5000690110000505,0.6706849993375494],[7.001020057000005,0.6717798567412979],[7.499340926000059,0.6682527657364857],[8.000493961000075,0.6720507258064646],[8.499411261000205,0.6770272871680088],[8.999810697000157,0.6790385353551801],[9.499309431000029,0.6805032106857314],[9.999431177000133,0.6813519849419927]],"motion":[]},"serverReceivedTimestamp":"2020-02-27T05:50:11.043Z"}