{"timestamp":"2020-02-27T05:50:10.973Z","videoElapsedSeconds":1201.426770185,"metrics":{"time":[[0,0],[0.5005725840001105,0.5005725840001105],[0.9993673220001256,0.49879473800001506],[1.5001599990000614,0.5007926769999358],[1.999647447000143,0.4994874480000817],[2.4996672300001137,0.5000197829999706],[3.000531968000132,0.5008647380000184],[3.5004500230002122,0.49991805500008013],[4.00018031500008,0.4997302919998674],[4.500180623999995,0.5000003089999154],[5.0002310820000275,0.5000504580000324],[5.499763939000104,0.49953285700007655],[6.000496251000186,0.500732312000082],[6.500013575000139,0.4995173239999531],[7.000647025000035,0.5006334499998957],[7.500263555000174,0.4996165300001394],[7.999796907000018,0.49953335199984394],[8.499931838000066,0.5001349310000478],[8.999854307000078,0.4999224690000119],[9.500082940000084,0.5002286330000061],[10.000132974000053,0.500050033999969]],"bpm":[[0,187],[0.5005725840001105,187],[0.9993673220001256,187],[1.5001599990000614,187],[1.999647447000143,187],[2.4996672300001137,187],[3.000531968000132,187],[3.5004500230002122,187],[4.00018031500008,187],[4.500180623999995,187],[5.0002310820000275,188],[5.499763939000104,188],[6.000496251000186,188],[6.500013575000139,188],[7.000647025000035,189],[7.500263555000174,189],[7.999796907000018,188],[8.499931838000066,188],[8.999854307000078,188],[9.500082940000084,188],[10.000132974000053,188]],"kcal":[[0,0.14832741016672474],[0.5005725840001105,0.1484431437407128],[0.9993673220001256,0.14791592939103326],[1.5001599990000614,0.14850841159167721],[1.999647447000143,0.1481213502498602],[2.4996672300001137,0.14827921243295317],[3.000531968000132,0.14852978104285228],[3.5004500230002122,0.14824904533113242],[4.00018031500008,0.14819336483459578],[4.500180623999995,0.1482734374826626],[5.0002310820000275,0.14917909359809312],[5.499763939000104,0.14902467868499072],[6.000496251000186,0.14938250979353154],[6.500013575000139,0.14902004475486982],[7.000647025000035,0.15024483961385462],[7.500263555000174,0.14993965229114672],[7.999796907000018,0.14902482635732148],[8.499931838000066,0.1492042942660941],[8.999854307000078,0.14914091088531256],[9.500082940000084,0.1492322482039387],[10.000132974000053,0.1491789671069678]],"reps":[],"score":[[0,0.6841250985202342],[0.5005725840001105,0.6846588922581393],[0.9993673220001256,0.682227240761559],[1.5001599990000614,0.6849599247842317],[1.999647447000143,0.6831746958888691],[2.4996672300001137,0.683902797872445],[3.000531968000132,0.6850584863236938],[3.5004500230002122,0.6837636592501096],[4.00018031500008,0.6835068461288127],[4.500180623999995,0.6838761622800619],[5.0002310820000275,0.686634643148888],[5.499763939000104,0.685923909317507],[6.000496251000186,0.6875709178198005],[6.500013575000139,0.6859025804779345],[7.000647025000035,0.6901281929221262],[7.500263555000174,0.6887263585824944],[7.999796907000018,0.6859245890168917],[8.499931838000066,0.6867506356198344],[8.999854307000078,0.6864588975217216],[9.500082940000084,0.6868793007140751],[10.000132974000053,0.6866340609413775]],"motion":[]},"serverReceivedTimestamp":"2020-02-27T05:50:21.557Z"}