{"timestamp":"2020-02-27T05:50:21.470Z","videoElapsedSeconds":1211.927036963,"metrics":{"time":[[0,0],[0.500466815999971,0.500466815999971],[1.0005121379999764,0.5000453220000054],[1.4997626140000193,0.4992504760000429],[1.9997858709998582,0.5000232569998388],[2.5000786900000094,0.5002928190001512],[3.0001063369998064,0.5000276469997971],[3.50045377299989,0.5003474360000837],[4.0004061289998845,0.4999523559999943],[4.500360248999868,0.49995411999998396],[4.999917804000006,0.49955755500013765],[5.5002673309998045,0.5003495269997984],[6.000233752999975,0.4999664220001705],[6.5003616629999215,0.5001279099999465],[7.000369545000012,0.5000078820000908],[7.499758350999855,0.4993888059998426],[7.998954751999918,0.4991964010000629],[8.50014209699998,0.5011873450000621],[9.000105244999986,0.4999631480000062],[9.500404205999985,0.5002989609999986],[10.000258956999915,0.4998547509999298]],"bpm":[[0,188],[0.500466815999971,189],[1.0005121379999764,189],[1.4997626140000193,189],[1.9997858709998582,189],[2.5000786900000094,189],[3.0001063369998064,189],[3.50045377299989,188],[4.0004061289998845,188],[4.500360248999868,187],[4.999917804000006,187],[5.5002673309998045,186],[6.000233752999975,186],[6.5003616629999215,186],[7.000369545000012,186],[7.499758350999855,186],[7.998954751999918,186],[8.50014209699998,186],[9.000105244999986,186],[9.500404205999985,186],[10.000258956999915,186]],"kcal":[[0,0.14920395805037504],[0.500466815999971,0.15019483117236337],[1.0005121379999764,0.1500683368311981],[1.4997626140000193,0.14982979601898888],[1.9997858709998582,0.15006171491568066],[2.5000786900000094,0.15014261302487195],[3.0001063369998064,0.1500630323962438],[3.50045377299989,0.1492676904749831],[4.0004061289998845,0.14914982701666776],[4.500360248999868,0.14825974028754002],[4.999917804000006,0.1481421402487918],[5.5002673309998045,0.14748567957150396],[6.000233752999975,0.14737275351048387],[6.5003616629999215,0.14742035456955238],[7.000369545000012,0.1473849744798929],[7.499758350999855,0.14720249235554572],[7.998954751999918,0.1471457780376256],[8.50014209699998,0.14773263924760693],[9.000105244999986,0.1473717884488358],[9.500404205999985,0.14747077446928794],[10.000258956999915,0.14733983677434206]],"reps":[],"score":[[0,0.6867490881016486],[0.500466815999971,0.6898984862949573],[1.0005121379999764,0.6893174526214706],[1.4997626140000193,0.6882217495005433],[1.9997858709998582,0.6892870357991592],[2.5000786900000094,0.6896586296991595],[3.0001063369998064,0.689293087457789],[3.50045377299989,0.6870424327625679],[4.0004061289998845,0.6864999362793898],[4.500360248999868,0.6838129872070786],[4.999917804000006,0.6832705848419043],[5.5002673309998045,0.6816623074534909],[6.000233752999975,0.681140375835789],[6.5003616629999215,0.6813603826042843],[7.000369545000012,0.6811968597888812],[7.499758350999855,0.6803534478297479],[7.998954751999918,0.6800913205986064],[8.50014209699998,0.6828037274418545],[9.000105244999986,0.6811359154288412],[9.500404205999985,0.6815934177389169],[10.000258956999915,0.6809882383646974]],"motion":[]},"serverReceivedTimestamp":"2020-02-27T05:50:32.037Z"}