{"timestamp":"2020-02-27T05:50:31.967Z","videoElapsedSeconds":1222.427659987,"metrics":{"time":[[0,0],[0.5000767260000885,0.5000767260000885],[0.9992706390000876,0.49919391299999916],[1.499233064000009,0.4999624249999215],[1.9996583970000756,0.5004253330000665],[2.499597422000079,0.4999390250000033],[2.9999188230001437,0.5003214010000647],[3.499875733999943,0.4999569109997992],[3.9992640230000234,0.4993882890000805],[4.499300664999964,0.5000366419999409],[4.99962852800013,0.500327863000166],[5.500672842000085,0.5010443139999552],[6.000014301999954,0.4993414599998687],[6.500079053000036,0.5000647510000817],[6.9993715600001,0.4992925070000638],[7.499328704999925,0.4999571449998257],[7.572340012999803,0.07301130799987732]],"bpm":[[0,186],[0.5000767260000885,186],[0.9992706390000876,186],[1.499233064000009,186],[1.9996583970000756,186],[2.499597422000079,186],[2.9999188230001437,186],[3.499875733999943,186],[3.9992640230000234,186],[4.499300664999964,186],[4.99962852800013,186],[5.500672842000085,186],[6.000014301999954,186],[6.500079053000036,186],[6.9993715600001,186],[7.499328704999925,186],[7.572340012999803,186]],"kcal":[[0,0.14748996545904794],[0.5000767260000885,0.14740526730236234],[0.9992706390000876,0.14714504466153472],[1.499233064000009,0.1473715753334973],[1.9996583970000756,0.14750802455008763],[2.499597422000079,0.14736467782544807],[2.9999188230001437,0.14747738900269056],[3.499875733999943,0.14736994999758446],[3.9992640230000234,0.14720233996195461],[4.499300664999964,0.14739345192994227],[4.99962852800013,0.14747929377610375],[5.500672842000085,0.1476904786716251],[6.000014301999954,0.1471885363975517],[6.500079053000036,0.14740173748786556],[6.9993715600001,0.1471741067517667],[7.499328704999925,0.147370018972673],[7.572340012999803,0.021521200272406036]],"reps":[],"score":[[0,0.6816821163461319],[0.5000767260000885,0.6812906509435848],[0.9992706390000876,0.6800879310163787],[1.499233064000009,0.681134930433594],[1.9996583970000756,0.6817655834441197],[2.499597422000079,0.681103050923216],[2.9999188230001437,0.6816239893721431],[3.499875733999943,0.6811274183128787],[3.9992640230000234,0.6803527434836223],[4.499300664999964,0.6812360416143897],[4.99962852800013,0.6816327930217162],[5.500672842000085,0.6826088659774],[6.000014301999954,0.6802889449535597],[6.500079053000036,0.681274336535964],[6.9993715600001,0.680222252745407],[7.499328704999925,0.6811277371080197],[7.572340012999803,0.09946857945448591]],"motion":[]},"serverReceivedTimestamp":"2020-02-27T05:50:40.091Z"}