{"timestamp":"2020-02-27T05:50:44.979Z","videoElapsedSeconds":1235.427436183,"metrics":{"time":[[0,0],[0.499978216000045,0.499978216000045],[0.999542947000009,0.499564730999964],[1.4995669610000277,0.5000240140000187],[1.9996995349999906,0.5001325739999629],[2.499638211000047,0.49993867600005615],[3.0000021979999474,0.5003639869999006],[3.4999276949999967,0.4999254970000493],[3.999429283999916,0.4995015889999195],[4.499453558999903,0.500024274999987],[4.999691946999974,0.5002383880000707],[5.499652402000038,0.49996045500006403],[5.999835833999896,0.5001834319998579],[6.499804008999945,0.4999681750000491],[7.000196963000008,0.5003929540000627],[7.518472108999958,0.5182751459999508],[8.005577453999877,0.4871053449999181],[8.500057835000007,0.49448038100013036],[9.003667968999935,0.5036101339999277],[9.499066043999846,0.49539807499991184],[10.000066458999981,0.501000415000135]],"bpm":[[0,188],[0.499978216000045,188],[0.999542947000009,187],[1.4995669610000277,187],[1.9996995349999906,186],[2.499638211000047,186],[3.0000021979999474,185],[3.4999276949999967,185],[3.999429283999916,184],[4.499453558999903,184],[4.999691946999974,184],[5.499652402000038,184],[5.999835833999896,184],[6.499804008999945,184],[7.000196963000008,184],[7.518472108999958,184],[8.005577453999877,184],[8.500057835000007,184],[9.003667968999935,183],[9.499066043999846,183],[10.000066458999981,182]],"kcal":[[0,0.12751621627553142],[0.499978216000045,0.14915754178086058],[0.999542947000009,0.1481442682677999],[1.4995669610000277,0.14828046712201998],[1.9996995349999906,0.147421729354927],[2.499638211000047,0.14736457495237312],[3.0000021979999474,0.14659859876520803],[3.4999276949999967,0.14647012824930183],[3.999429283999916,0.1454561231788074],[4.499453558999903,0.14560833066099355],[4.999691946999974,0.1456706809069191],[5.499652402000038,0.14558974611597006],[5.999835833999896,0.145654677580979],[6.499804008999945,0.14559199419944668],[7.000196963000008,0.14571569091615472],[7.518472108999958,0.15092303035115145],[8.005577453999877,0.14184630564483544],[8.500057835000007,0.1439939347385543],[9.003667968999935,0.14575541608595577],[9.499066043999846,0.1433786726575364],[10.000066458999981,0.14410763141486035]],"reps":[],"score":[[0,0.5869257517674391],[0.499978216000045,0.6865354454397605],[0.999542947000009,0.6832803998262821],[1.4995669610000277,0.6839085848290196],[1.9996995349999906,0.6813667367084487],[2.499638211000047,0.6811025754553751],[3.0000021979999474,0.6789904313100049],[3.4999276949999967,0.6783954034465703],[3.999429283999916,0.6751332262510208],[4.499453558999903,0.6758396958465398],[4.999691946999974,0.6761290939259698],[5.499652402000038,0.6757534358557886],[5.999835833999896,0.6760548146392916],[6.499804008999945,0.6757638703140793],[7.000196963000008,0.6763380074600632],[7.518472108999958,0.7005078244199981],[8.005577453999877,0.65837829215387],[8.500057835000007,0.6683464923722311],[9.003667968999935,0.6753457176571458],[9.499066043999846,0.6643332727034282],[10.000066458999981,0.6654110621061806]],"motion":[]},"serverReceivedTimestamp":"2020-02-27T05:50:55.593Z"}