{"timestamp":"2020-02-27T05:50:55.467Z","videoElapsedSeconds":1245.927506746,"metrics":{"time":[[0,0],[0.4995462409999618,0.4995462409999618],[0.9988291529998605,0.4992829119998987],[1.4997699639998245,0.500940810999964],[1.999655950000033,0.4998859860002085],[2.499916993999932,0.5002610439998989],[2.99927683299984,0.4993598389999079],[3.4993173789998764,0.5000405460000366],[3.9993616750000456,0.5000442960001692],[4.499693219999926,0.5003315449998809],[4.999563079999916,0.4998698599999898],[5.499923135000017,0.5003600550001011],[5.9998444939999445,0.4999213589999272],[6.499363930999834,0.4995194369998899],[6.99936195600003,0.4999980250001954],[7.499451750999924,0.5000897949998944],[7.99941304999993,0.49996129900000597],[8.500125220999962,0.500712171000032],[8.99979484000005,0.49966961900008755],[9.499961327999927,0.5001664879998771],[9.999952183999994,0.49999085600006765]],"bpm":[[0,182],[0.4995462409999618,182],[0.9988291529998605,182],[1.4997699639998245,181],[1.999655950000033,181],[2.499916993999932,181],[2.99927683299984,181],[3.4993173789998764,181],[3.9993616750000456,181],[4.499693219999926,180],[4.999563079999916,180],[5.499923135000017,179],[5.9998444939999445,179],[6.499363930999834,178],[6.99936195600003,178],[7.499451750999924,177],[7.99941304999993,177],[8.500125220999962,177],[8.99979484000005,177],[9.499961327999927,177],[9.999952183999994,177]],"kcal":[[0,0.14382105277324764],[0.4995462409999618,0.14368935317684736],[0.9988291529998605,0.14361360929052358],[1.4997699639998245,0.14319811627470613],[1.999655950000033,0.14289658573527392],[2.499916993999932,0.14300379919816228],[2.99927683299984,0.14274618221918534],[3.4993173789998764,0.1429407680026013],[3.9993616750000456,0.1429418399714711],[4.499693219999926,0.1421326671772942],[4.999563079999916,0.1420015131033885],[5.499923135000017,0.14124943010347635],[5.9998444939999445,0.14112558816326948],[6.499363930999834,0.1401222887204631],[6.99936195600003,0.1402565394442382],[7.499451750999924,0.13939142756121822],[7.99941304999993,0.13935561151170184],[8.500125220999962,0.13956490416483305],[8.99979484000005,0.13927431072934995],[9.499961327999927,0.13941280441565201],[9.999952183999994,0.13936385001701473]],"reps":[],"score":[[0,0.664087797013137],[0.4995462409999618,0.6634796795424711],[0.9988291529998605,0.6631299352620891],[1.4997699639998245,0.6588976648409618],[1.999655950000033,0.6575102320067965],[2.499916993999932,0.6580035534426815],[2.99927683299984,0.656818180127116],[3.4993173789998764,0.6577135279266502],[3.9993616750000456,0.6577184603783017],[4.499693219999926,0.6516698771034912],[4.999563079999916,0.6510685434275593],[5.499923135000017,0.6452802367640449],[5.9998444939999445,0.6447144804531029],[6.499363930999834,0.637780172277389],[6.99936195600003,0.6383912274529754],[7.499451750999924,0.6320850956082223],[7.99941304999993,0.6319226839629802],[8.500125220999962,0.6328717435212263],[8.99979484000005,0.6315540170106072],[9.499961327999927,0.6321820312040118],[9.999952183999994,0.6319600423322105]],"motion":[]},"serverReceivedTimestamp":"2020-02-27T05:51:06.053Z"}