{"timestamp":"2020-02-27T05:51:05.967Z","videoElapsedSeconds":1256.426838222,"metrics":{"time":[[0,0],[0.5000470580000638,0.5000470580000638],[1.000289063000082,0.5002420050000183],[1.5001410939999005,0.49985203099981845],[2.000511738999876,0.5003706449999754],[2.5005737559999943,0.5000620170001184],[3.0007783769999605,0.5002046209999662],[3.5008942370000113,0.5001158600000508],[4.000099145999911,0.4992049089999],[4.5000914170000215,0.4999922710001101],[5.0004899470000055,0.500398529999984],[5.50013947299999,0.4996495259999847],[6.000845974999947,0.5007065019999573],[6.500955835000013,0.500109860000066],[7.000051820999943,0.4990959859999293],[7.500114533999977,0.5000627130000339],[8.00038612000003,0.5002715860000535],[8.500349699000026,0.49996357899999566],[9.000617249000015,0.5002675499999896],[9.500584591000006,0.4999673419999908],[10.000773600999992,0.5001890099999855]],"bpm":[[0,177],[0.5000470580000638,177],[1.000289063000082,177],[1.5001410939999005,177],[2.000511738999876,177],[2.5005737559999943,177],[3.0007783769999605,177],[3.5008942370000113,177],[4.000099145999911,177],[4.5000914170000215,177],[5.0004899470000055,177],[5.50013947299999,177],[6.000845974999947,178],[6.500955835000013,178],[7.000051820999943,178],[7.500114533999977,178],[8.00038612000003,178],[8.500349699000026,178],[9.000617249000015,178],[9.500584591000006,178],[10.000773600999992,178]],"kcal":[[0,0.1391933870724142],[0.5000470580000638,0.13937951535769869],[1.000289063000082,0.13943385348036014],[1.5001410939999005,0.1393251549363324],[2.000511738999876,0.13946970966741853],[2.5005737559999943,0.13938368492163172],[3.0007783769999605,0.1394234333334439],[3.5008942370000113,0.13939869273162867],[4.000099145999911,0.13914478081097173],[4.5000914170000215,0.13936424442393502],[5.0004899470000055,0.1394774821314792],[5.50013947299999,0.13926871015122114],[6.000845974999947,0.1404552772937775],[6.500955835000013,0.140287910748296],[7.000051820999943,0.14000350470750897],[7.500114533999977,0.14027468534591633],[8.00038612000003,0.14033327718568622],[8.500349699000026,0.14024687685249954],[9.000617249000015,0.14033214503040992],[9.500584591000006,0.14024793242738354],[10.000773600999992,0.14031011344616812]],"reps":[],"score":[[0,0.6311870601731163],[0.5000470580000638,0.6320310784679127],[1.000289063000082,0.6322774804027989],[1.5001410939999005,0.631784575417203],[2.000511738999876,0.6324400740559486],[2.5005737559999943,0.6320499857943055],[3.0007783769999605,0.632230229150157],[3.5008942370000113,0.6321180402879192],[4.000099145999911,0.6309666499660573],[4.5000914170000215,0.6319618308118916],[5.0004899470000055,0.6324753191120819],[5.50013947299999,0.6315286205997666],[6.000845974999947,0.6392958020290449],[6.500955835000013,0.6385340169826731],[7.000051820999943,0.6372395153345323],[7.500114533999977,0.6384738202824537],[8.00038612000003,0.6387405067175936],[8.500349699000026,0.6383472472305567],[9.000617249000015,0.6387353536031692],[9.500584591000006,0.6383520517819063],[10.000773600999992,0.6386350747130541]],"motion":[]},"serverReceivedTimestamp":"2020-02-27T05:51:16.531Z"}