{"timestamp":"2020-02-27T05:51:16.467Z","videoElapsedSeconds":1266.92704258,"metrics":{"time":[[0,0],[0.5000925059998735,0.5000925059998735],[1.0000779169999987,0.49998541100012517],[1.5003908809999302,0.5003129639999315],[2.000349710999899,0.49995882999996866],[2.4997555780000766,0.49940586700017775],[2.9999570879999737,0.5002015099998971],[3.5000345959999777,0.500077508000004],[4.000004714999932,0.49997011899995414],[4.500312103999931,0.5003073889999996],[5.000317951999932,0.5000058480000007],[5.500525842999878,0.5002078909999454],[6.000503806999859,0.4999779639999815],[6.499972703999902,0.4994688970000425],[7.0001475829999436,0.500174879000042],[7.50026122700001,0.5001136440000664],[8.00042108599996,0.5001598589999503],[8.500542073999895,0.5001209879999351],[9.000663324000016,0.5001212500001202],[9.499832946999959,0.4991696229999434],[9.999940301999914,0.5001073549999546]],"bpm":[[0,178],[0.5000925059998735,178],[1.0000779169999987,178],[1.5003908809999302,178],[2.000349710999899,178],[2.4997555780000766,178],[2.9999570879999737,178],[3.5000345959999777,178],[4.000004714999932,178],[4.500312103999931,178],[5.000317951999932,178],[5.500525842999878,178],[6.000503806999859,178],[6.499972703999902,178],[7.0001475829999436,178],[7.50026122700001,178],[8.00042108599996,178],[8.500542073999895,178],[9.000663324000016,178],[9.499832946999959,178],[9.999940301999914,178]],"kcal":[[0,0.14009741272240567],[0.5000925059998735,0.14028304270504224],[1.0000779169999987,0.14025300103826466],[1.5003908809999302,0.14034488430167838],[2.000349710999899,0.14024554469061828],[2.4997555780000766,0.1400904307243354],[2.9999570879999737,0.1403136198734798],[3.5000345959999777,0.14027883555330342],[4.000004714999932,0.14024871141527034],[4.500312103999931,0.14034332043510542],[5.000317951999932,0.14025873390666782],[5.500525842999878,0.1403154098345201],[6.000503806999859,0.1402509120490744],[6.499972703999902,0.140108111533499],[7.0001475829999436,0.14030614950020862],[7.50026122700001,0.14028897221397946],[8.00042108599996,0.14030193617709535],[8.500542073999895,0.14029103231013132],[9.000663324000016,0.14029110580490026],[9.499832946999959,0.14002416093069506],[9.999940301999914,0.14028720806022654]],"reps":[],"score":[[0,0.6376669467622228],[0.5000925059998735,0.6385118596121834],[1.0000779169999987,0.6383751220553832],[1.5003908809999302,0.638793337630539],[2.000349710999899,0.6383411837666932],[2.4997555780000766,0.6376351675215841],[2.9999570879999737,0.6386510345566689],[3.5000345959999777,0.6384927103534516],[4.000004714999932,0.6383555974207421],[4.500312103999931,0.6387862195403234],[5.000317951999932,0.6384012157613252],[5.500525842999878,0.6386591817377568],[6.000503806999859,0.6383656138187005],[6.499972703999902,0.637715643437424],[7.0001475829999436,0.6386170324289889],[7.50026122700001,0.6385388483465669],[8.00042108599996,0.6385978550806487],[8.500542073999895,0.6385482250737861],[9.000663324000016,0.638548559592347],[9.499832946999959,0.6373335341355564],[9.999940301999914,0.6385308186298478]],"motion":[]},"serverReceivedTimestamp":"2020-02-27T05:51:27.036Z"}