{"timestamp":"2020-02-27T05:51:26.968Z","videoElapsedSeconds":1277.427087519,"metrics":{"time":[[0,0],[0.49994762100004664,0.49994762100004664],[1.0002501450001091,0.5003025240000625],[1.5001896230000966,0.4999394779999875],[2.0005760829999417,0.5003864599998451],[2.50074642200002,0.5001703390000785],[2.9998868220000077,0.4991403999999875],[3.499816776999978,0.4999299549999705],[4.0011497289999625,0.5013329519999843],[4.500186364000001,0.4990366350000386],[5.0004904699999315,0.5003041059999305],[5.499830531000043,0.49934006100011175],[5.999815145999946,0.499984614999903],[6.499993456000084,0.5001783100001376],[7.000132521000069,0.5001390649999848],[7.520015275000105,0.5198827540000366],[7.572912480999776,0.052897205999670405]],"bpm":[[0,178],[0.49994762100004664,178],[1.0002501450001091,177],[1.5001896230000966,177],[2.0005760829999417,177],[2.50074642200002,177],[2.9998868220000077,177],[3.499816776999978,177],[4.0011497289999625,177],[4.500186364000001,177],[5.0004904699999315,177],[5.499830531000043,177],[5.999815145999946,177],[6.499993456000084,177],[7.000132521000069,177],[7.520015275000105,177],[7.572912480999776,177]],"kcal":[[0,0.1402864456226931],[0.49994762100004664,0.14024240040711894],[1.0002501450001091,0.13945072211054432],[1.5001896230000966,0.13934952928332245],[2.0005760829999417,0.13947411782657465],[2.50074642200002,0.13941387781571132],[2.9998868220000077,0.13912680003696223],[3.499816776999978,0.13934687491088713],[4.0011497289999625,0.13973793618958424],[4.500186364000001,0.13909787732824394],[5.0004904699999315,0.1394511630657932],[5.499830531000043,0.1391824521060784],[5.999815145999946,0.1393621104455796],[6.499993456000084,0.13941609959485668],[7.000132521000069,0.13940516072617626],[7.520015275000105,0.14490837439411863],[7.572912480999776,0.014744186208189776]],"reps":[],"score":[[0,0.6385273483215488],[0.49994762100004664,0.6383268722557253],[1.0002501450001091,0.6323539729813548],[1.5001896230000966,0.6318951034583972],[2.0005760829999417,0.6324600633174865],[2.50074642200002,0.6321868986495283],[2.9998868220000077,0.6308851142543013],[3.499816776999978,0.6318830669272854],[4.0011497289999625,0.6336563754445926],[4.500186364000001,0.6307539611882533],[5.0004904699999315,0.6323559725393297],[5.499830531000043,0.6311374744176451],[5.999815145999946,0.6319521540624933],[6.499993456000084,0.6321969735408475],[7.000132521000069,0.6321473700897838],[7.520015275000105,0.6571022715375515],[7.572912480999776,0.06685906380416454]],"motion":[]},"serverReceivedTimestamp":"2020-02-27T05:51:35.058Z"}