{"timestamp":"2020-02-27T05:51:39.972Z","videoElapsedSeconds":1290.426940597,"metrics":{"time":[[0,0],[0.49998958899982426,0.49998958899982426],[1.000408397000001,0.5004188080001768],[1.5003170329998738,0.4999086359998728],[2.000734947999945,0.5004179150000709],[2.5006516129999454,0.49991666500000065],[3.000139859000001,0.49948824600005537],[3.5000577299999804,0.49991787099997964],[4.0002829489999385,0.5002252189999581],[4.500213071999951,0.4999301230000128],[5.000549243999785,0.5003361719998338],[5.500506432999828,0.4999571890000425],[6.00060515999985,0.5000987270000223],[6.500061437999875,0.4994562780000251],[7.000267939999958,0.5002065020000828],[7.500211645999798,0.49994370599983995],[8.000539864999837,0.5003282190000391],[8.500461843999801,0.49992197899996427],[8.99984105999988,0.4993792160000794],[9.500175985999931,0.5003349260000505],[10.000141894999842,0.49996590899991133]],"bpm":[[0,181],[0.49998958899982426,181],[1.000408397000001,181],[1.5003170329998738,181],[2.000734947999945,181],[2.5006516129999454,181],[3.000139859000001,181],[3.5000577299999804,181],[4.0002829489999385,182],[4.500213071999951,182],[5.000549243999785,181],[5.500506432999828,181],[6.00060515999985,181],[6.500061437999875,181],[7.000267939999958,181],[7.500211645999798,181],[8.000539864999837,180],[8.500461843999801,180],[8.99984105999988,181],[9.500175985999931,181],[10.000141894999842,181]],"kcal":[[0,0.12204453681784654],[0.49998958899982426,0.1429262015183357],[1.000408397000001,0.14304889735578824],[1.5003170329998738,0.14290306042692275],[2.000734947999945,0.1430486420842468],[2.5006516129999454,0.14290535558369305],[3.000139859000001,0.14278288843304102],[3.5000577299999804,0.14290570032886338],[4.0002829489999385,0.14388465423535493],[4.500213071999951,0.1437997728972984],[5.000549243999785,0.1430252751646516],[5.500506432999828,0.1429169397076903],[6.00060515999985,0.1429573995275599],[6.500061437999875,0.14277375011313403],[7.000267939999958,0.14298820791180664],[7.500211645999798,0.14291308547942952],[8.000539864999837,0.142131722337351],[8.500461843999801,0.14201631891075966],[8.99984105999988,0.1427517212965827],[9.500175985999931,0.14302491898520298],[10.000141894999842,0.14291943239250995]],"reps":[],"score":[[0,0.561563674214896],[0.49998958899982426,0.6576465031450595],[1.000408397000001,0.658211063649669],[1.5003170329998738,0.6575400240132765],[2.000734947999945,0.6582098890684179],[2.5006516129999454,0.6575505847208872],[3.000139859000001,0.6569870764731285],[3.5000577299999804,0.6575521709972547],[4.0002829489999385,0.6643814741490168],[4.500213071999951,0.6639895380610061],[5.000549243999785,0.6581023708331482],[5.500506432999828,0.6576038867645844],[6.00060515999985,0.6577900545824685],[6.500061437999875,0.6569450283107368],[7.000267939999958,0.6579318132379997],[7.500211645999798,0.6575861522994472],[8.000539864999837,0.6516655450682043],[8.500461843999801,0.6511364271791387],[8.99984105999988,0.656843667090614],[9.500175985999931,0.6581007319442224],[10.000141894999842,0.6576153563582466]],"motion":[]},"serverReceivedTimestamp":"2020-02-27T05:51:50.520Z"}