{"timestamp":"2020-02-27T05:51:50.469Z","videoElapsedSeconds":1300.927116674,"metrics":{"time":[[0,0],[0.5002175469999202,0.5002175469999202],[1.0000526750000063,0.4998351280000861],[1.500369888000023,0.5003172130000166],[2.000319437999906,0.49994954999988295],[2.4998450499999763,0.4995256120000704],[3.0002509720000035,0.5004059220000272],[3.5000448069999948,0.4997938349999913],[4.00007506299994,0.5000302559999454],[4.500280382000028,0.5002053190000879],[4.9999479240000255,0.4996675419999974],[5.499713447999966,0.49976552399994034],[5.999834115000112,0.5001206670001466],[6.500155416000098,0.5003213009999854],[6.99998361300004,0.4998281969999425],[7.500224714000069,0.5002411010000287],[7.999600716000032,0.4993760019999627],[8.500711009000042,0.5011102930000106],[9.000606021000067,0.4998950120000245],[9.501933752000014,0.5013277309999467],[9.999187587000051,0.4972538350000377]],"bpm":[[0,181],[0.5002175469999202,182],[1.0000526750000063,182],[1.500369888000023,182],[2.000319437999906,182],[2.4998450499999763,181],[3.0002509720000035,181],[3.5000448069999948,181],[4.00007506299994,181],[4.500280382000028,180],[4.9999479240000255,180],[5.499713447999966,180],[5.999834115000112,180],[6.500155416000098,180],[6.99998361300004,180],[7.500224714000069,180],[7.999600716000032,180],[8.500711009000042,180],[9.000606021000067,180],[9.501933752000014,180],[9.999187587000051,180]],"kcal":[[0,0.14293894880002866],[0.5002175469999202,0.14388244746322348],[1.0000526750000063,0.14377244855978122],[1.500369888000023,0.14391111536603646],[2.000319437999906,0.14380536087457935],[2.4998450499999763,0.14279356981634497],[3.0002509720000035,0.14304521378498067],[3.5000448069999948,0.14287024360192366],[4.00007506299994,0.14293782652010042],[4.500280382000028,0.14209680927827306],[4.9999479240000255,0.14194403921983212],[5.499713447999966,0.141971873649075],[5.999834115000112,0.14207276159498428],[6.500155416000098,0.14212975709288667],[6.99998361300004,0.14198967760475062],[7.500224714000069,0.14210697412024503],[7.999600716000032,0.14186121942122476],[8.500711009000042,0.1423538915462623],[9.000606021000067,0.14200865820724115],[9.501933752000014,0.1424156606735249],[9.999187587000051,0.14125836065905129]],"reps":[],"score":[[0,0.6577051572276624],[0.5002175469999202,0.6643712844694459],[1.0000526750000063,0.6638633690561442],[1.500369888000023,0.6645036573318118],[2.000319437999906,0.6640153403163138],[2.4998450499999763,0.6570362247349865],[3.0002509720000035,0.6581941144308765],[3.5000448069999948,0.6573890239168932],[4.00007506299994,0.6576999932796772],[4.500280382000028,0.6515054707561514],[4.9999479240000255,0.6508050290689136],[5.499713447999966,0.6509326482816121],[5.999834115000112,0.6513952135498057],[6.500155416000098,0.6516565345385068],[6.99998361300004,0.6510142783659378],[7.500224714000069,0.6515520759557175],[7.999600716000032,0.6504253051880349],[8.500711009000042,0.6526841777579488],[9.000606021000067,0.6511013033063543],[9.501933752000014,0.6529673855550826],[9.999187587000051,0.6476612334003276]],"motion":[]},"serverReceivedTimestamp":"2020-02-27T05:52:01.155Z"}