{"timestamp":"2020-02-27T05:52:00.970Z","videoElapsedSeconds":1311.426476467,"metrics":{"time":[[0,0],[0.5007895700000518,0.5007895700000518],[1.0010937560000457,0.5003041859999939],[1.5014057710000088,0.5003120149999631],[2.000467439999966,0.49906166899995696],[2.5006266230000165,0.5001591830000507],[3.0008767790000093,0.5002501559999928],[3.500931519000005,0.500054739999996],[4.000850958000001,0.4999194389999957],[4.500908788000061,0.5000578300000598],[5.0004120769999645,0.4995032889999038],[5.500483362000068,0.5000712850001037],[6.000646165000035,0.5001628029999665],[6.50068383200005,0.5000376670000151],[7.001081192000129,0.5003973600000791],[7.500779120000061,0.4996979279999323],[8.001217644000008,0.5004385239999465],[8.50202414399996,0.5008064999999533],[9.000851677000128,0.498827533000167],[9.500441904000127,0.4995902269999988],[10.000870950000035,0.5004290459999083]],"bpm":[[0,180],[0.5007895700000518,180],[1.0010937560000457,180],[1.5014057710000088,180],[2.000467439999966,180],[2.5006266230000165,180],[3.0008767790000093,180],[3.500931519000005,180],[4.000850958000001,180],[4.500908788000061,180],[5.0004120769999645,180],[5.500483362000068,180],[6.000646165000035,180],[6.50068383200005,180],[7.001081192000129,180],[7.500779120000061,180],[8.001217644000008,179],[8.50202414399996,179],[9.000851677000128,179],[9.500441904000127,179],[10.000870950000035,179]],"kcal":[[0,0.14208740263764916],[0.5007895700000518,0.14226278152958471],[1.0010937560000457,0.14212489511562007],[1.5014057710000088,0.1421271191541763],[2.000467439999966,0.14177192465634508],[2.5006266230000165,0.1420837031033702],[3.0008767790000093,0.1421095464371598],[3.500931519000005,0.14205403325281984],[4.000850958000001,0.14201559735527555],[4.500908788000061,0.14205491105066217],[5.0004120769999645,0.14189737872594865],[5.500483362000068,0.14205873330624894],[6.000646165000035,0.14208473146196235],[6.50068383200005,0.1420491832067889],[7.001081192000129,0.14215136370285195],[7.500779120000061,0.14195267118249522],[8.001217644000008,0.1412715815550125],[8.50202414399996,0.1413754595520135],[9.000851677000128,0.14081680592225213],[9.500441904000127,0.14103211106450522],[10.000870950000035,0.14126890595752917]],"reps":[],"score":[[0,0.6514623418649467],[0.5007895700000518,0.6522664437172788],[1.0010937560000457,0.6516342426601464],[1.5014057710000088,0.6516444397454566],[2.000467439999966,0.6500158939695531],[2.5006266230000165,0.6514453797189687],[3.0008767790000093,0.651563869876714],[3.500931519000005,0.6513093452080725],[4.000850958000001,0.6511331188898974],[4.500908788000061,0.6513133698592901],[5.0004120769999645,0.6505910934627048],[5.500483362000068,0.6513308946752101],[6.000646165000035,0.6514500946823241],[6.50068383200005,0.6512871080337217],[7.001081192000129,0.6517555995679638],[7.500779120000061,0.6508446061074615],[8.001217644000008,0.6453814328813067],[8.50202414399996,0.6458559864313654],[9.000851677000128,0.6433038476636733],[9.500441904000127,0.6442874420970656],[10.000870950000035,0.6453692097510877]],"motion":[]},"serverReceivedTimestamp":"2020-02-27T05:52:11.697Z"}