{"timestamp":"2020-02-27T05:52:11.476Z","videoElapsedSeconds":1321.927313803,"metrics":{"time":[[0,0],[0.5003383969999504,0.5003383969999504],[1.000209355999914,0.4998709589999635],[1.4993140520000452,0.4991046960001313],[1.9997953019999386,0.5004812499998934],[2.499541653000051,0.49974635100011255],[2.999386017000006,0.499844363999955],[3.500321270999848,0.5009352539998417],[4.000231277000012,0.4999100060001638],[4.500441095000042,0.5002098180000303],[4.999669498999992,0.4992284039999504],[5.499886285999992,0.5002167869999994],[5.999944755999877,0.5000584699998853],[6.500023777000024,0.5000790210001469],[6.999957233000032,0.49993345600000794],[7.50037896799995,0.500421734999918],[8.000427109999919,0.5000481419999687],[8.499870466999937,0.4994433570000183],[9.000404454999853,0.5005339879999156],[9.49993279399996,0.49952833900010774],[9.999230246000025,0.49929745200006437]],"bpm":[[0,179],[0.5003383969999504,179],[1.000209355999914,179],[1.4993140520000452,179],[1.9997953019999386,179],[2.499541653000051,179],[2.999386017000006,179],[3.500321270999848,179],[4.000231277000012,179],[4.500441095000042,181],[4.999669498999992,181],[5.499886285999992,182],[5.999944755999877,182],[6.500023777000024,182],[6.999957233000032,182],[7.50037896799995,182],[8.000427109999919,182],[8.499870466999937,182],[9.000404454999853,182],[9.49993279399996,182],[9.999230246000025,182]],"kcal":[[0,0.14113829908623307],[0.5003383969999504,0.14124331614584146],[1.000209355999914,0.14111136046623218],[1.4993140520000452,0.14089504781106701],[1.9997953019999386,0.1412836429157922],[2.499541653000051,0.14107618417909779],[2.999386017000006,0.1411038528153771],[3.500321270999848,0.141411806236618],[4.000231277000012,0.14112238326165807],[4.500441095000042,0.14298915581809743],[4.999669498999992,0.1427086104262845],[5.499886285999992,0.14388222885704036],[5.999944755999877,0.1438366905955618],[6.500023777000024,0.1438426018800283],[6.999957233000032,0.1438007316005657],[7.50037896799995,0.14394118004739312],[8.000427109999919,0.14383371985230353],[8.499870466999937,0.14365975964938021],[9.000404454999853,0.14397346847164297],[9.49993279399996,0.14368420385018155],[9.999230246000025,0.1436177915724577]],"reps":[],"score":[[0,0.6447725487042345],[0.5003383969999504,0.6452523059183961],[1.000209355999914,0.6446494830105922],[1.4993140520000452,0.6436612858813167],[1.9997953019999386,0.6454365336893872],[2.499541653000051,0.644488784571852],[2.999386017000006,0.644615185252946],[3.500321270999848,0.6460220316835835],[4.000231277000012,0.6446998392636192],[4.500441095000042,0.6579361748403568],[4.999669498999992,0.6566453009912008],[5.499886285999992,0.6643702750643848],[5.999944755999877,0.6641600040146187],[6.500023777000024,0.6641872991275607],[6.999957233000032,0.6639939648339196],[7.50037896799995,0.6646424797616651],[8.000427109999919,0.6641462867297858],[8.499870466999937,0.6633430326463281],[9.000404454999853,0.6647915702328835],[9.49993279399996,0.6634559027383407],[9.999230246000025,0.6631492467769373]],"motion":[]},"serverReceivedTimestamp":"2020-02-27T05:52:22.053Z"}