{"timestamp":"2020-02-27T05:52:21.967Z","videoElapsedSeconds":1332.427470937,"metrics":{"time":[[0,0],[0.49997197600009713,0.49997197600009713],[0.9994732640000166,0.49950128799991944],[1.500008937000075,0.5005356730000585],[1.9996654710000712,0.4996565339999961],[2.499927865000018,0.5002623939999467],[2.9993556470001295,0.4994277820001116],[3.4999103000000105,0.500554652999881],[3.9994116210000357,0.4995013210000252],[4.4996516749999955,0.5002400539999599],[4.999622224999939,0.4999705499999436],[5.498999681999976,0.4993774570000369],[5.99983105299998,0.5008313710000039],[6.499932831000024,0.5001017780000439],[7.000190999000097,0.5002581680000731],[7.500227709000001,0.5000367099999039],[7.57252906299982,0.07230135399981918]],"bpm":[[0,182],[0.49997197600009713,182],[0.9994732640000166,182],[1.500008937000075,182],[1.9996654710000712,182],[2.499927865000018,182],[2.9993556470001295,182],[3.4999103000000105,182],[3.9994116210000357,182],[4.4996516749999955,182],[4.999622224999939,184],[5.498999681999976,184],[5.99983105299998,184],[6.499932831000024,184],[7.000190999000097,184],[7.500227709000001,184],[7.57252906299982,185]],"kcal":[[0,0.14408648212728214],[0.49997197600009713,0.14381181148355335],[0.9994732640000166,0.14367642290739618],[1.500008937000075,0.14397395314465372],[1.9996654710000712,0.14372107782720833],[2.499927865000018,0.14389534724285713],[2.9993556470001295,0.14365527966038494],[3.4999103000000105,0.14397941254695512],[3.9994116210000357,0.1436764323995382],[4.4996516749999955,0.14388892137096657],[4.999622224999939,0.1455926858054091],[5.498999681999976,0.14541997562720202],[5.99983105299998,0.1458433590528564],[6.499932831000024,0.14563089973018425],[7.000190999000097,0.1456764408928334],[7.500227709000001,0.1456119517643483],[7.57252906299982,0.021183133599906475]],"reps":[],"score":[[0,0.6653134061404831],[0.49997197600009713,0.6640451257379912],[0.9994732640000166,0.6634199745549951],[1.500008937000075,0.6647938081905802],[1.9996654710000712,0.6636261668109411],[2.499927865000018,0.6644308486714434],[2.9993556470001295,0.6633223464813671],[3.4999103000000105,0.6648190167562071],[3.9994116210000357,0.6634200183845704],[4.4996516749999955,0.6644011774722316],[4.999622224999939,0.6757670803966425],[5.498999681999976,0.6749654477305771],[5.99983105299998,0.6769305779145561],[6.499932831000024,0.6759444499686984],[7.000190999000097,0.6761558288463602],[7.500227709000001,0.6758565031636679],[7.57252906299982,0.0981124317738805]],"motion":[]},"serverReceivedTimestamp":"2020-02-27T05:52:30.026Z"}