{"timestamp":"2020-02-27T05:34:09.995Z","videoElapsedSeconds":240.428146952,"metrics":{"time":[[0,0],[0.4980906360000006,0.4980906360000006],[1.0049719590000166,0.506881323000016],[1.4990696440000022,0.49409768499998563],[1.9997025229999963,0.5006328789999941],[2.513953498999996,0.5142509759999996],[3.0019940669999983,0.4880405680000024],[3.501543147999996,0.49954908099999784],[3.9985898580000026,0.49704671000000644],[4.506520604000002,0.5079307459999995],[5.00157396100002,0.4950533570000175],[5.50151938800002,0.4999454270000001],[5.998781758999996,0.4972623709999766],[6.498313367000009,0.4995316080000123],[7.001612171999994,0.5032988049999858],[7.505437832000013,0.5038256600000182],[8.003682499999996,0.4982446679999839],[8.502185197000017,0.4985026970000206],[9.001311476000012,0.49912627899999507],[9.503440040000015,0.502128564000003],[10.002599061000012,0.499159020999997]],"bpm":[[0,137],[0.4980906360000006,137],[1.0049719590000166,138],[1.4990696440000022,138],[1.9997025229999963,138],[2.513953498999996,138],[3.0019940669999983,138],[3.501543147999996,138],[3.9985898580000026,139],[4.506520604000002,139],[5.00157396100002,138],[5.50151938800002,138],[5.998781758999996,138],[6.498313367000009,138],[7.001612171999994,137],[7.505437832000013,137],[8.003682499999996,136],[8.502185197000017,136],[9.001311476000012,135],[9.503440040000015,135],[10.002599061000012,135]],"kcal":[[0,0.08883073965166204],[0.4980906360000006,0.10334246081341887],[1.0049719590000166,0.10606928114621016],[1.4990696440000022,0.10339419482606073],[1.9997025229999963,0.10476174043935985],[2.513953498999996,0.10761144449004528],[3.0019940669999983,0.1021266909413167],[3.501543147999996,0.10453494637623098],[3.9985898580000026,0.1048967374492171],[4.506520604000002,0.1071937044016371],[5.00157396100002,0.10359417742051692],[5.50151938800002,0.10461788518931765],[5.998781758999996,0.10405643261988157],[6.498313367000009,0.1045312900005394],[7.001612171999994,0.1044230372424659],[7.505437832000013,0.10453234765358393],[8.003682499999996,0.10248685116452116],[8.502185197000017,0.10253992665417776],[9.001311476000012,0.10177905659937214],[9.503440040000015,0.10239126586944998],[10.002599061000012,0.10178573316602786]],"reps":[],"score":[[0,0.2547368124461658],[0.4980906360000006,0.29635156885086883],[1.0049719590000166,0.3047262345653322],[1.4990696440000022,0.29704098420191444],[1.9997025229999963,0.3009698033740039],[2.513953498999996,0.30915671268089306],[3.0019940669999983,0.2933995747201007],[3.501543147999996,0.3003182471446017],[3.9985898580000026,0.3018972914150163],[4.506520604000002,0.3085080604271709],[5.00157396100002,0.2976155138143406],[5.50151938800002,0.3005565219017991],[5.998781758999996,0.29894352589086687],[6.498313367000009,0.3003077427498833],[7.001612171999994,0.2994503001708973],[7.505437832000013,0.29976376582259145],[8.003682499999996,0.29335236625234784],[8.502185197000017,0.2935042864284861],[9.001311476000012,0.2907751170030368],[9.503440040000015,0.292524152886106],[10.002599061000012,0.29079419145229357]],"motion":[]},"serverReceivedTimestamp":"2020-02-27T05:34:20.548Z"}