{"timestamp":"2020-02-27T05:34:20.489Z","videoElapsedSeconds":250.929344466,"metrics":{"time":[[0,0],[0.5026227779999886,0.5026227779999886],[1.0004217110000013,0.49779893300001277],[1.5005604920000053,0.500138781000004],[2.0015813660000106,0.5010208740000053],[2.5001158020000105,0.4985344359999999],[2.999352332000001,0.49923652999999035],[3.4980052550000096,0.49865292300000874],[3.997349966999991,0.4993447119999814],[4.501081679999999,0.5037317130000076],[4.999219578999998,0.4981378989999996],[5.499909647999999,0.5006900690000009],[6.00016463,0.5002549820000013],[6.499706607999968,0.4995419779999679],[7.0000303060000135,0.5003236980000452],[7.501171733000007,0.5011414269999932],[7.999111447999979,0.4979397149999727],[8.49917838899998,0.500066941],[8.997269500999977,0.49809111199999734],[9.498516396999975,0.5012468959999978],[9.99636879800002,0.4978524010000456]],"bpm":[[0,135],[0.5026227779999886,134],[1.0004217110000013,134],[1.5005604920000053,133],[2.0015813660000106,133],[2.5001158020000105,131],[2.999352332000001,131],[3.4980052550000096,131],[3.997349966999991,131],[4.501081679999999,131],[4.999219578999998,131],[5.499909647999999,133],[6.00016463,133],[6.499706607999968,135],[7.0000303060000135,135],[7.501171733000007,137],[7.999111447999979,137],[8.49917838899998,138],[8.997269500999977,138],[9.498516396999975,138],[9.99636879800002,138]],"kcal":[[0,0.10167142525518447],[0.5026227779999886,0.10159667634242929],[1.0004217110000013,0.10062161782809231],[1.5005604920000053,0.10020363651356197],[2.0015813660000106,0.1003803653130495],[2.5001158020000105,0.09810603538515039],[2.999352332000001,0.09824419967999713],[3.4980052550000096,0.09812935230967182],[3.997349966999991,0.0982654886950636],[4.501081679999999,0.09912880172675007],[4.999219578999998,0.0980280013113847],[5.499909647999999,0.10031408798116367],[6.00016463,0.10022691757715588],[6.499706607999968,0.10186382362893288],[7.0000303060000135,0.10202322762643856],[7.501171733000007,0.10397543045103051],[7.999111447999979,0.10331114814378803],[8.49917838899998,0.1046433130400676],[8.997269500999977,0.10422985380969445],[9.498516396999975,0.10489022878337],[9.99636879800002,0.10417990147762445]],"reps":[],"score":[[0,0.2904676223401363],[0.5026227779999886,0.28969405895768574],[1.0004217110000013,0.28691376467140933],[1.5005604920000053,0.2851597727153248],[2.0015813660000106,0.28566270799839005],[2.5001158020000105,0.2780597465307692],[2.999352332000001,0.27845134250805914],[3.4980052550000096,0.2781258331695458],[3.997349966999991,0.2785116814883271],[4.501081679999999,0.2809585503463442],[4.999219578999998,0.27783857629708414],[5.499909647999999,0.2854740957927424],[6.00016463,0.28522602602742003],[6.499706607999968,0.2910172900370781],[7.0000303060000135,0.2914726952802993],[7.501171733000007,0.2981667137938545],[7.999111447999979,0.29626177460079023],[8.49917838899998,0.30062957352549635],[8.997269500999977,0.2994417472947875],[9.498516396999975,0.30133893729131384],[9.99636879800002,0.2992982393356974]],"motion":[]},"serverReceivedTimestamp":"2020-02-27T05:34:31.105Z"}