{"timestamp":"2020-02-27T05:34:30.987Z","videoElapsedSeconds":261.428257393,"metrics":{"time":[[0,0],[0.5004289519999929,0.5004289519999929],[1.0000990939999497,0.49967014199995674],[1.5054161429999908,0.5053170490000412],[2.003497098999958,0.49808095599996705],[2.5015820579999968,0.4980849590000389],[2.9998229679999895,0.4982409099999927],[3.500905379999949,0.5010824119999597],[4.000013125999999,0.4991077460000497],[4.501570691999973,0.501557565999974],[5.001168753000002,0.4995980610000288],[5.500485153999989,0.4993164009999873],[5.9999162369999794,0.4994310829999904],[6.498161933999995,0.49824569700001575],[6.998367898999959,0.5002059649999637],[7.501597226999991,0.5032293280000317],[7.998730866999949,0.49713363999995863],[8.498813901999995,0.5000830350000456],[8.998137722999957,0.49932382099996175],[9.498210336999989,0.5000726140000324],[9.998478946999967,0.5002686099999778]],"bpm":[[0,141],[0.5004289519999929,141],[1.0000990939999497,142],[1.5054161429999908,142],[2.003497098999958,144],[2.5015820579999968,144],[2.9998229679999895,146],[3.500905379999949,146],[4.000013125999999,148],[4.501570691999973,148],[5.001168753000002,150],[5.500485153999989,150],[5.9999162369999794,151],[6.498161933999995,151],[6.998367898999959,152],[7.501597226999991,152],[7.998730866999949,153],[8.498813901999995,153],[8.998137722999957,154],[9.498210336999989,154],[9.998478946999967,156]],"kcal":[[0,0.10784736634142125],[0.5004289519999929,0.10739344348045646],[1.0000990939999497,0.10812070785064196],[1.5054161429999908,0.10934260912249327],[2.003497098999958,0.10955138545121279],[2.5015820579999968,0.10955226589885599],[2.9998229679999895,0.11136168901650415],[3.500905379999949,0.11199679234846478],[4.000013125999999,0.113333645809254],[4.501570691999973,0.11388993257176762],[5.001168753000002,0.11522494026445308],[5.500485153999989,0.11515997953058894],[5.9999162369999794,0.11607611049341458],[6.498161933999995,0.11580060702357865],[6.998367898999959,0.117147267603368],[7.501597226999991,0.11785533335870364],[7.998730866999949,0.11731332364916386],[8.498813901999995,0.11800932026330258],[8.998137722999957,0.11871965153194274],[9.498210336999989,0.11889768518525401],[9.998478946999967,0.12072663177703899]],"reps":[],"score":[[0,0.3114713643200374],[0.5004289519999929,0.3101604007091767],[1.0000990939999497,0.3127897892631243],[1.5054161429999908,0.3163247110086486],[2.003497098999958,0.3179746351238003],[2.5015820579999968,0.3179771906370596],[2.9998229679999895,0.3242583986854792],[3.500905379999949,0.32610766651932865],[4.000013125999999,0.33101494494333317],[4.501570691999973,0.3326396983936552],[5.001168753000002,0.33753861553047854],[5.500485153999989,0.3373483203034034],[5.9999162369999794,0.3405240095070034],[6.498161933999995,0.3397157850947378],[6.998367898999959,0.34415535718452844],[7.501597226999991,0.34623551345213105],[7.998730866999949,0.3451254693076636],[8.498813901999995,0.34717303006733935],[8.998137722999957,0.3497435026619459],[9.498210336999989,0.350267982920246],[9.998478946999967,0.35661207180581544]],"motion":[]},"serverReceivedTimestamp":"2020-02-27T05:34:41.532Z"}