{"timestamp":"2020-02-27T05:34:41.488Z","videoElapsedSeconds":271.926673376,"metrics":{"time":[[0,0],[0.5030894079999939,0.5030894079999939],[1.0001370109999925,0.4970476029999986],[1.4996182539999836,0.4994812429999911],[2.002916830999993,0.5032985770000096],[2.499873879000006,0.49695704800001295],[2.9999221620000185,0.5000482830000124],[3.5003572620000227,0.5004351000000042],[4.000043480999977,0.4996862189999547],[4.499771295000016,0.49972781400003896],[4.999721787999988,0.49995049299997163],[5.499166375000016,0.4994445870000277],[6.00366959400003,0.5045032190000143],[6.500180333000003,0.496510738999973],[7.000190863,0.5000105299999973],[7.499990519999983,0.49979965699998274],[8.00390908999998,0.5039185699999962],[8.504064355000025,0.5001552650000463],[9.004164660000015,0.5001003049999895],[9.499916577000022,0.49575191700000687],[9.999992454999983,0.5000758779999614]],"bpm":[[0,156],[0.5030894079999939,158],[1.0001370109999925,158],[1.4996182539999836,159],[2.002916830999993,159],[2.499873879000006,160],[2.9999221620000185,160],[3.5003572620000227,160],[4.000043480999977,160],[4.499771295000016,161],[4.999721787999988,161],[5.499166375000016,161],[6.00366959400003,161],[6.500180333000003,162],[7.000190863,162],[7.499990519999983,163],[8.00390908999998,163],[8.504064355000025,164],[9.004164660000015,164],[9.499916577000022,165],[9.999992454999983,165]],"kcal":[[0,0.12064661513917425],[0.5030894079999939,0.12319975325824985],[1.0001370109999925,0.12172019739124602],[1.4996182539999836,0.12320593332791133],[2.002916830999993,0.12414754666152085],[2.499873879000006,0.1234685697584476],[2.9999221620000185,0.12423658455122136],[3.5003572620000227,0.12433268891665787],[4.000043480999977,0.12414663004825564],[4.499771295000016,0.12504717413255462],[4.999721787999988,0.1251028952249176],[5.499166375000016,0.12497630207981464],[6.00366959400003,0.12624212643229862],[6.500180333000003,0.1251266426092942],[7.000190863,0.12600863178549868],[7.499990519999983,0.1268458270893612],[8.00390908999998,0.12789117979994907],[8.504064355000025,0.12782704933086103],[9.004164660000015,0.12781300294340875],[9.499916577000022,0.12758479205236034],[9.999992454999983,0.12869758989762153]],"reps":[],"score":[[0,0.3563757122007485],[0.5030894079999939,0.3648646568813852],[1.0001370109999925,0.3604828490491926],[1.4996182539999836,0.3653463608072516],[2.002916830999993,0.36813855591855543],[2.499873879000006,0.366582894402491],[2.9999221620000185,0.3688631596248851],[3.5003572620000227,0.36914849715260867],[4.000043480999977,0.3685960812734778],[4.499771295000016,0.371726812510823],[4.999721787999988,0.371892454191232],[5.499166375000016,0.37151613168221664],[6.00366959400003,0.3752790384013133],[6.500180333000003,0.3724138551643098],[7.000190863,0.3750389155229509],[7.499990519999983,0.37798124184161225],[8.00390908999998,0.3810962336767961],[8.504064355000025,0.38135287606175977],[9.004164660000015,0.3813109707664311],[9.499916577000022,0.3810708438924991],[9.999992454999983,0.3843945536164717]],"motion":[]},"serverReceivedTimestamp":"2020-02-27T05:34:52.063Z"}