{"timestamp":"2020-02-27T05:35:09.992Z","videoElapsedSeconds":300.426803952,"metrics":{"time":[[0,0],[0.49966544099999055,0.49966544099999055],[0.9997750929999825,0.5001096519999919],[1.4997393809999835,0.49996428800000103],[2.001296545999992,0.5015571650000084],[2.500055297000017,0.4987587510000253],[2.9994598189999806,0.49940452199996344],[3.4996180719999757,0.5001582529999951],[3.99965064700001,0.5000325750000343],[4.4996110039999735,0.49996035699996355],[5.000017985999989,0.5004069820000154],[5.4998603720000006,0.49984238600001163],[5.999433083999975,0.4995727119999742],[6.4995836950000125,0.5001506110000378],[6.999747443999979,0.5001637489999666],[7.499679551999975,0.4999321079999959],[7.999866656999984,0.5001871050000091],[8.499859094999977,0.4999924379999925],[8.999268015999974,0.499408920999997],[9.501687071999982,0.5024190560000079],[9.998638086000028,0.4969510140000466]],"bpm":[[0,161],[0.49966544099999055,161],[0.9997750929999825,162],[1.4997393809999835,162],[2.001296545999992,163],[2.500055297000017,163],[2.9994598189999806,163],[3.4996180719999757,163],[3.99965064700001,164],[4.4996110039999735,164],[5.000017985999989,164],[5.4998603720000006,164],[5.999433083999975,164],[6.4995836950000125,164],[6.999747443999979,163],[7.499679551999975,163],[7.999866656999984,163],[8.499859094999977,163],[8.999268015999974,163],[9.501687071999982,163],[9.998638086000028,163]],"kcal":[[0,0.10679939481257182],[0.49966544099999055,0.1250315665014008],[0.9997750929999825,0.1260336117146197],[1.4997393809999835,0.12599697824862105],[2.001296545999992,0.12729187092464023],[2.500055297000017,0.1265816520731569],[2.9994598189999806,0.12674554445573505],[3.4996180719999757,0.12693683636792996],[3.99965064700001,0.127795692866616],[4.4996110039999735,0.12777723577038286],[5.000017985999989,0.127891381836433],[5.4998603720000006,0.12774708536332782],[5.999433083999975,0.1276781635022213],[6.4995836950000125,0.12782585988604198],[6.999747443999979,0.12693823121615028],[7.499679551999975,0.12687944227178513],[7.999866656999984,0.12694415881354132],[8.499859094999977,0.12689475362432548],[8.999268015999974,0.12674666089267095],[9.501687071999982,0.12751061312508918],[9.998638086000028,0.12612286045193263]],"reps":[],"score":[[0,0.4517439945498534],[0.49966544099999055,0.5288631025980277],[0.9997750929999825,0.5357568284936977],[1.4997393809999835,0.5356011031336675],[2.001296545999992,0.5437496683408468],[2.500055297000017,0.5407158433044301],[2.9994598189999806,0.5414159385110064],[3.4996180719999757,0.5422330756389058],[3.99965064700001,0.5485193929083791],[4.4996110039999735,0.5484401721225017],[5.000017985999989,0.5489301051511372],[5.4998603720000006,0.548310761791036],[5.999433083999975,0.5480149382263738],[6.4995836950000125,0.5486488745427772],[6.999747443999979,0.5422390339789919],[7.499679551999975,0.5419879066385855],[7.999866656999984,0.5422643547562892],[8.499859094999977,0.5420533117803686],[8.999268015999974,0.5414207075682071],[9.501687071999982,0.5446840642145369],[9.998638086000028,0.5387560340089416]],"motion":[]},"serverReceivedTimestamp":"2020-02-27T05:35:20.524Z"}