{"timestamp":"2020-02-27T05:35:20.484Z","videoElapsedSeconds":310.926377882,"metrics":{"time":[[0,0],[0.5002793109999857,0.5002793109999857],[0.9992733650000218,0.49899405400003616],[1.5001409380000155,0.5008675729999936],[2.000744348000012,0.5006034099999965],[2.5000218590000145,0.4992775110000025],[2.9993282030000046,0.4993063439999901],[3.4994684889999803,0.5001402859999757],[3.9995054510000045,0.5000369620000242],[4.5000430110000025,0.5005375599999979],[4.999867221999978,0.4998242109999751],[5.499764954,0.4998977320000222],[6.000015010000027,0.5002500560000271],[6.502109632999975,0.5020946229999481],[7.000038829999994,0.49792919700001903],[7.499888279000004,0.4998494490000098],[8.00036566099999,0.5004773819999855],[8.500648009000031,0.5002823480000416],[9.000267151000003,0.4996191419999718],[9.49973266699999,0.49946551599998656],[10.000137938000023,0.5004052710000337]],"bpm":[[0,163],[0.5002793109999857,163],[0.9992733650000218,163],[1.5001409380000155,162],[2.000744348000012,162],[2.5000218590000145,162],[2.9993282030000046,162],[3.4994684889999803,161],[3.9995054510000045,161],[4.5000430110000025,161],[4.999867221999978,161],[5.499764954,161],[6.000015010000027,161],[6.502109632999975,161],[7.000038829999994,161],[7.499888279000004,162],[8.00036566099999,162],[8.500648009000031,162],[9.000267151000003,162],[9.49973266699999,162],[10.000137938000023,162]],"kcal":[[0,0.12713418378933666],[0.5002793109999857,0.12696756008276155],[0.9992733650000218,0.12664137040876386],[1.5001409380000155,0.1262246168684746],[2.000744348000012,0.1261580446340899],[2.5000218590000145,0.1258239022333788],[2.9993282030000046,0.12583116849410877],[3.4994684889999803,0.12515038723487934],[3.9995054510000045,0.12512453241180957],[4.5000430110000025,0.12524979733307154],[4.999867221999978,0.12507129560848446],[5.499764954,0.1250896928099964],[6.000015010000027,0.12517785504420756],[6.502109632999975,0.12563942209005996],[7.000038829999994,0.12459710518122094],[7.499888279000004,0.1259680374475853],[8.00036566099999,0.12612628407127122],[8.500648009000031,0.12607713317142],[9.000267151000003,0.12590999732997937],[9.49973266699999,0.12587128174120005],[10.000137938000023,0.1261081112371099]],"reps":[],"score":[[0,0.5430760799419955],[0.5002793109999857,0.542364317403431],[0.9992733650000218,0.5409709407033787],[1.5001409380000155,0.5365687731334098],[2.000744348000012,0.5362857809325637],[2.5000218590000145,0.5348653735473055],[2.9993282030000046,0.5348962617266627],[3.4994684889999803,0.5293656948914686],[3.9995054510000045,0.5292563332132267],[4.5000430110000025,0.5297861833683437],[4.999867221999978,0.5290311502313065],[5.499764954,0.5291089673885493],[6.000015010000027,0.529481879238105],[6.502109632999975,0.5314342324458349],[7.000038829999994,0.5270254021822165],[7.499888279000004,0.535478078556604],[8.00036566099999,0.5361507698178666],[8.500648009000031,0.5359418340438008],[9.000267151000003,0.5352313555681018],[9.49973266699999,0.5350667793032824],[10.000137938000023,0.5360735188380482]],"motion":[]},"serverReceivedTimestamp":"2020-02-27T05:35:31.072Z"}