{"timestamp":"2020-02-27T05:35:30.985Z","videoElapsedSeconds":321.426446716,"metrics":{"time":[[0,0],[0.5001935090000416,0.5001935090000416],[1.0005763259999867,0.5003828169999451],[1.5003156700000204,0.4997393440000337],[1.9997857850000287,0.49947011500000826],[2.499820978999992,0.5000351939999632],[3.0000817380000058,0.5002607590000139],[3.5010912950000375,0.5010095570000317],[4.000169467000035,0.49907817199999727],[4.5008435280000185,0.5006740609999838],[4.999811196999985,0.4989676689999669],[5.499823030000016,0.5000118330000305],[5.999944297000013,0.5001212669999973],[6.500479820999999,0.5005355239999858],[7.000164169000016,0.4996843480000166],[7.500072557999999,0.4999083889999838],[8.00041812500001,0.5003455670000108],[8.500380843000016,0.49996271800000613],[9.000243000000012,0.4998621569999955],[9.499938211000028,0.49969521100001657],[10.000081726000019,0.5001435149999907]],"bpm":[[0,162],[0.5001935090000416,162],[1.0005763259999867,163],[1.5003156700000204,163],[1.9997857850000287,162],[2.499820978999992,162],[3.0000817380000058,161],[3.5010912950000375,161],[4.000169467000035,161],[4.5008435280000185,161],[4.999811196999985,162],[5.499823030000016,162],[5.999944297000013,163],[6.500479820999999,163],[7.000164169000016,164],[7.500072557999999,164],[8.00041812500001,164],[8.500380843000016,164],[9.000243000000012,165],[9.499938211000028,165],[10.000081726000019,166]],"kcal":[[0,0.12598856306537098],[0.5001935090000416,0.12605474468124322],[1.0005763259999867,0.12699382921678293],[1.5003156700000204,0.12683052005131978],[1.9997857850000287,0.12587244074419207],[2.499820978999992,0.1260148474083778],[3.0000817380000058,0.12518053326196046],[3.5010912950000375,0.12536790540990805],[4.000169467000035,0.1248846138466806],[4.5008435280000185,0.12528395405566392],[4.999811196999985,0.12574581834483717],[5.499823030000016,0.126008960157086],[5.999944297000013,0.12692744956724947],[6.500479820999999,0.12703258523722274],[7.000164169000016,0.12770669484335298],[7.500072557999999,0.12776395406255753],[8.00041812500001,0.1278756857140794],[8.500380843000016,0.12777783918234317],[9.000243000000012,0.12864258748935475],[9.499938211000028,0.12859962291380617],[10.000081726000019,0.129605947059928]],"reps":[],"score":[[0,0.5355653309945697],[0.5001935090000416,0.5358466627134811],[1.0005763259999867,0.5424765306406784],[1.5003156700000204,0.5417789267488307],[1.9997857850000287,0.5350717061141448],[2.499820978999992,0.535677063222638],[3.0000817380000058,0.5294932076617173],[3.5010912950000375,0.5302857612406001],[4.000169467000035,0.5282415168730383],[4.5008435280000185,0.5299306607254645],[4.999811196999985,0.5345334464057089],[5.499823030000016,0.5356520370805022],[5.999944297000013,0.5421929782648964],[6.500479820999999,0.5426420838147127],[7.000164169000016,0.5481373992699767],[7.500072557999999,0.5483831649249215],[8.00041812500001,0.5488627349032728],[8.500380843000016,0.5484427620623872],[9.000243000000012,0.5547528287145164],[9.499938211000028,0.5545675501043357],[10.000081726000019,0.5614890757202337]],"motion":[]},"serverReceivedTimestamp":"2020-02-27T05:35:41.548Z"}