{"timestamp":"2020-02-27T05:35:41.486Z","videoElapsedSeconds":331.927164647,"metrics":{"time":[[0,0],[0.5006777529999908,0.5006777529999908],[0.999534188000041,0.49885643500005017],[1.499320403000013,0.4997862149999719],[1.9991184739999994,0.4997980709999865],[2.499272947999998,0.5001544739999986],[2.999263283999994,0.4999903359999962],[3.4996558340000092,0.500392550000015],[3.999527487000023,0.4998716530000138],[4.4999379840000415,0.5004104970000185],[5.000317137000025,0.500379152999983],[5.499192789999995,0.4988756529999705],[5.999065318000021,0.4998725280000258],[6.499587505000022,0.5005221870000014],[6.999591123000016,0.5000036179999938],[7.499719135000021,0.5001280120000047],[8.00094548300001,0.5012263479999888],[8.499060507000024,0.49811502400001473],[8.99911811000004,0.5000576030000161],[9.499800808000032,0.5006826979999914],[9.99881609700003,0.49901528899999903]],"bpm":[[0,166],[0.5006777529999908,166],[0.999534188000041,166],[1.499320403000013,166],[1.9991184739999994,166],[2.499272947999998,166],[2.999263283999994,166],[3.4996558340000092,168],[3.999527487000023,168],[4.4999379840000415,168],[5.000317137000025,168],[5.499192789999995,168],[5.999065318000021,168],[6.499587505000022,169],[6.999591123000016,169],[7.499719135000021,169],[8.00094548300001,169],[8.499060507000024,170],[8.99911811000004,170],[9.499800808000032,170],[9.99881609700003,170]],"kcal":[[0,0.1297336215216379],[0.5006777529999908,0.12974438816706788],[0.999534188000041,0.12927241634857975],[1.499320403000013,0.12951335722621413],[1.9991184739999994,0.12951642956058246],[2.499272947999998,0.12960878694794464],[2.999263283999994,0.12956625263469093],[3.4996558340000092,0.13145326935954976],[3.999527487000023,0.13131642956517284],[4.4999379840000415,0.13145798404170408],[5.000317137000025,0.13144974996371978],[5.499192789999995,0.13105478007361304],[5.999065318000021,0.13131665942793214],[6.499587505000022,0.13237894996579683],[6.999591123000016,0.13224179796436952],[7.499719135000021,0.13227469789874044],[8.00094548300001,0.13256518765157038],[8.499060507000024,0.13262963628007993],[8.99911811000004,0.1331468733313669],[9.499800808000032,0.1333133130460767],[9.99881609700003,0.1328693436041931]],"reps":[],"score":[[0,0.5620421970632336],[0.5006777529999908,0.5620888411712258],[0.999534188000041,0.5600441277445619],[1.499320403000013,0.5610879507615998],[1.9991184739999994,0.5611012609701506],[2.499272947999998,0.5615013789064207],[2.999263283999994,0.5613171084097576],[3.4996558340000092,0.5746230389535638],[3.999527487000023,0.5740248697419669],[4.4999379840000415,0.574643648292536],[5.000317137000025,0.5746076545820914],[5.499192789999995,0.5728811186073375],[5.999065318000021,0.5740258745434292],[6.499587505000022,0.5812007632961556],[6.999591123000016,0.5805986067755173],[7.499719135000021,0.580743051696509],[8.00094548300001,0.5820184271706164],[8.499060507000024,0.5848035306386359],[8.99911811000004,0.5870841827029375],[9.499800808000032,0.5878180649296461],[9.99881609700003,0.5858604715561642]],"motion":[]},"serverReceivedTimestamp":"2020-02-27T05:35:52.061Z"}