{"timestamp":"2020-02-27T05:36:09.995Z","videoElapsedSeconds":360.426362128,"metrics":{"time":[[0,0],[0.4990071820000139,0.4990071820000139],[1.0001752940000301,0.5011681120000162],[1.5002444360000027,0.5000691419999725],[2.001679199000023,0.5014347630000202],[2.4993812760000083,0.49770207699998537],[2.9998850279999942,0.500503751999986],[3.500996009000005,0.5011109810000107],[4.000153853000029,0.49915784400002394],[4.500366788000008,0.5002129349999791],[5.0003875040000025,0.5000207159999945],[5.500335027999995,0.4999475239999924],[5.9999435340000105,0.4996085060000155],[6.500005784999985,0.5000622509999744],[6.998927929999979,0.49892214499999454],[7.500247107000007,0.5013191770000276],[8.000294283000017,0.5000471760000096],[8.500352120000002,0.5000578369999857],[9.000597039000013,0.5002449190000107],[9.502302928999995,0.5017058899999824],[10.000303555000016,0.49800062600002093]],"bpm":[[0,172],[0.4990071820000139,172],[1.0001752940000301,171],[1.5002444360000027,171],[2.001679199000023,170],[2.4993812760000083,170],[2.9998850279999942,169],[3.500996009000005,169],[4.000153853000029,167],[4.500366788000008,167],[5.0003875040000025,166],[5.500335027999995,166],[5.9999435340000105,166],[6.500005784999985,166],[6.998927929999979,166],[7.500247107000007,166],[8.000294283000017,165],[8.500352120000002,165],[9.000597039000013,165],[9.502302928999995,165],[10.000303555000016,165]],"kcal":[[0,0.11504352376568107],[0.4990071820000139,0.13464503723852633],[1.0001752940000301,0.1343353364410658],[1.5002444360000027,0.13404076361977163],[2.001679199000023,0.1335135601829966],[2.4993812760000083,0.1325196837434609],[2.9998850279999942,0.1323740742459825],[3.500996009000005,0.13253467519335282],[4.000153853000029,0.13023971722971178],[4.500366788000008,0.130515010416301],[5.0003875040000025,0.12957412523236217],[5.500335027999995,0.1295551584394458],[5.9999435340000105,0.12946730615777144],[6.500005784999985,0.1295848885089959],[6.998927929999979,0.12928944427460232],[7.500247107000007,0.12991060518777992],[8.000294283000017,0.12869020326214967],[8.500352120000002,0.1286929469357864],[9.000597039000013,0.1287410936342689],[9.502302928999995,0.12911708346876896],[10.000303555000016,0.12816351108564053]],"reps":[],"score":[[0,0.5115158999466286],[0.4990071820000139,0.598669748126733],[1.0001752940000301,0.5948251098961803],[1.5002444360000027,0.5935207672307224],[2.001679199000023,0.588701014140362],[2.4993812760000083,0.5843187171880305],[2.9998850279999942,0.5811793567804033],[3.500996009000005,0.5818844643010614],[4.000153853000029,0.5667938387175668],[4.500366788000008,0.567991894773881],[5.0003875040000025,0.561351214696469],[5.500335027999995,0.5612690452646983],[5.9999435340000105,0.5608884447015589],[6.500005784999985,0.5613978442098971],[6.998927929999979,0.5601178974647079],[7.500247107000007,0.5628089396192191],[8.000294283000017,0.5549581649500893],[8.500352120000002,0.5549699966517112],[9.000597039000013,0.555177622428662],[9.502302928999995,0.5567990250164643],[10.000303555000016,0.5526868799854238]],"motion":[]},"serverReceivedTimestamp":"2020-02-27T05:36:20.512Z"}