{"timestamp":"2020-02-27T05:36:20.486Z","videoElapsedSeconds":370.926646303,"metrics":{"time":[[0,0],[0.49987021399999776,0.49987021399999776],[0.9998693690000096,0.4999991550000118],[1.5000984659999972,0.5002290969999876],[2.000221200999988,0.5001227349999908],[2.5003562950000173,0.5001350940000293],[3.0004960050000022,0.5001397099999849],[3.4996307030000366,0.4991346980000344],[3.9993324620000408,0.49970175900000413],[4.500006577000022,0.5006741149999812],[5.000052455000002,0.5000458779999803],[5.499839516000009,0.49978706100000636],[6.000358314000039,0.5005187980000301],[6.500651805000018,0.5002934909999794],[6.999630651000018,0.498978846],[7.499992994000024,0.5003623430000061],[8.019451397000012,0.5194584029999874],[8.500348091000035,0.4808966940000232],[9.000219815000037,0.4998717240000019],[9.499744985000007,0.4995251699999699],[9.999130701000013,0.49938571600000614]],"bpm":[[0,165],[0.49987021399999776,165],[0.9998693690000096,165],[1.5000984659999972,165],[2.000221200999988,165],[2.5003562950000173,165],[3.0004960050000022,165],[3.4996307030000366,165],[3.9993324620000408,165],[4.500006577000022,166],[5.000052455000002,166],[5.499839516000009,167],[6.000358314000039,167],[6.500651805000018,167],[6.999630651000018,167],[7.499992994000024,166],[8.019451397000012,166],[8.500348091000035,167],[9.000219815000037,167],[9.499744985000007,167],[9.999130701000013,167]],"kcal":[[0,0.128673074667921],[0.49987021399999776,0.12864466100765007],[0.9998693690000096,0.1286778447636976],[1.5000984659999972,0.1287370217456618],[2.000221200999988,0.12870964883355288],[2.5003562950000173,0.12871282949790497],[3.0004960050000022,0.12871401745376404],[3.4996307030000366,0.12845537146042174],[3.9993324620000408,0.12860130808170595],[4.500006577000022,0.12974344542478988],[5.000052455000002,0.12958064565048272],[5.499839516000009,0.1304038918392845],[6.000358314000039,0.13059481585483415],[6.500651805000018,0.1305360289994753],[6.999630651000018,0.1301930132678528],[7.499992994000024,0.1296626536038192],[8.019451397000012,0.13461115911710336],[8.500348091000035,0.12547503799872822],[9.000219815000037,0.1304259820163933],[9.499744985000007,0.130335559526771],[9.999130701000013,0.13029917334203978]],"reps":[],"score":[[0,0.5548843003280717],[0.49987021399999776,0.5547617704667167],[0.9998693690000096,0.554904870686434],[1.5000984659999972,0.5551600629892329],[2.000221200999988,0.555042021206034],[2.5003562950000173,0.5550557373678506],[3.0004960050000022,0.5550608602582252],[3.4996307030000366,0.5539454862655014],[3.9993324620000408,0.5545748171507897],[4.500006577000022,0.5620847569489943],[5.000052455000002,0.5613794629645992],[5.499839516000009,0.5675083147557445],[6.000358314000039,0.5683392022759155],[6.500651805000018,0.5680833661291261],[6.999630651000018,0.5665905864502213],[7.499992994000024,0.561734744268931],[8.019451397000012,0.5831730489909022],[8.500348091000035,0.5460582989833717],[9.000219815000037,0.5676044496103633],[9.499744985000007,0.5672109374691395],[9.999130701000013,0.5670525874223276]],"motion":[]},"serverReceivedTimestamp":"2020-02-27T05:36:31.128Z"}