{"timestamp":"2020-02-27T05:36:30.988Z","videoElapsedSeconds":381.427216073,"metrics":{"time":[[0,0],[0.499235160000012,0.499235160000012],[0.9995396819999769,0.5003045219999649],[1.4995002,0.49996051800002306],[1.9990222119999999,0.4995220119999999],[2.4990226639999946,0.5000004519999948],[2.9992659000000117,0.5002432360000171],[3.504562555000007,0.5052966549999951],[3.999428114000011,0.4948655590000044],[4.499632357999985,0.5002042439999741],[4.999802044999967,0.5001696869999819],[5.499127961999989,0.4993259170000215],[5.999225736999961,0.500097774999972],[6.499699902999964,0.5004741660000036],[6.999653286000012,0.4999533830000473],[7.499472147999995,0.4998188619999837],[7.999622756999997,0.5001506090000021],[8.499587237000014,0.4999644800000169],[8.999058117000004,0.49947087999998985],[9.499130677999972,0.5000725609999677],[9.999311303000013,0.5001806250000413]],"bpm":[[0,167],[0.499235160000012,167],[0.9995396819999769,169],[1.4995002,169],[1.9990222119999999,169],[2.4990226639999946,169],[2.9992659000000117,169],[3.504562555000007,169],[3.999428114000011,169],[4.499632357999985,169],[4.999802044999967,169],[5.499127961999989,169],[5.999225736999961,169],[6.499699902999964,169],[6.999653286000012,169],[7.499472147999995,169],[7.999622756999997,169],[8.499587237000014,169],[8.999058117000004,169],[9.499130677999972,169],[9.999311303000013,170]],"kcal":[[0,0.1308349319548881],[0.499235160000012,0.13025989043563618],[0.9995396819999769,0.1323213815604443],[1.4995002,0.13223039880387708],[1.9990222119999999,0.13211442199936274],[2.4990226639999946,0.1322409606153641],[2.9992659000000117,0.1323051725360865],[3.504562555000007,0.13364170929375535],[3.999428114000011,0.1308828754771214],[4.499632357999985,0.1322948598663252],[4.999802044999967,0.13228572017283752],[5.499127961999989,0.13206255846390938],[5.999225736999961,0.13226670076610894],[6.499699902999964,0.13236624929093938],[6.999653286000012,0.13222851172708142],[7.499472147999995,0.13219293338670154],[7.999622756999997,0.13228067439131103],[8.499587237000014,0.13223144668030007],[8.999058117000004,0.13210089852198897],[9.499130677999972,0.13226003212497436],[9.999311303000013,0.133179629546963]],"reps":[],"score":[[0,0.5693841701934013],[0.499235160000012,0.5668816310521044],[0.9995396819999769,0.5809480131335257],[1.4995002,0.580548559537789],[1.9990222119999999,0.5800393712769231],[2.4990226639999946,0.5805949304517423],[2.9992659000000117,0.5808768485161038],[3.504562555000007,0.5867448221171273],[3.999428114000011,0.5746323501535017],[4.499632357999985,0.580831571441928],[4.999802044999967,0.5807914442401888],[5.499127961999989,0.579811667957018],[5.999225736999961,0.5807079408303871],[6.499699902999964,0.581145001848256],[6.999653286000012,0.5805402744556495],[7.499472147999995,0.5803840701755056],[7.999622756999997,0.5807692910800725],[8.499587237000014,0.5805531601678519],[8.999058117000004,0.5799799973706177],[9.499130677999972,0.5806786626156968],[9.999311303000013,0.5872286146041944]],"motion":[]},"serverReceivedTimestamp":"2020-02-27T05:36:41.515Z"}