{"timestamp":"2020-02-27T05:36:41.485Z","videoElapsedSeconds":391.926633125,"metrics":{"time":[[0,0],[0.5008627019999494,0.5008627019999494],[1.0003177149999942,0.4994550130000448],[1.4997009789999538,0.4993832639999596],[1.9996193689999586,0.4999183900000048],[2.4998453569999697,0.5002259880000111],[2.9997994089999906,0.49995405200002097],[3.500137436999978,0.5003380279999874],[4.000134708999951,0.49999727199997324],[4.499585199999956,0.4994504910000046],[4.999645301999976,0.5000601020000204],[5.499713803999953,0.5000685019999764],[5.999859958999991,0.5001461550000386],[6.499482308999973,0.49962234999998145],[7.000038776999986,0.5005564680000134],[7.500636236999981,0.5005974599999945],[8.000193242999956,0.499557005999975],[8.49895522099996,0.49876197800000455],[8.999574905999964,0.5006196850000038],[9.499799094999958,0.5002241889999937],[9.999839726000005,0.5000406310000471]],"bpm":[[0,170],[0.5008627019999494,170],[1.0003177149999942,170],[1.4997009789999538,169],[1.9996193689999586,169],[2.4998453569999697,169],[2.9997994089999906,169],[3.500137436999978,169],[4.000134708999951,169],[4.499585199999956,169],[4.999645301999976,169],[5.499713803999953,170],[5.999859958999991,170],[6.499482308999973,170],[7.000038776999986,170],[7.500636236999981,171],[8.000193242999956,171],[8.49895522099996,171],[8.999574905999964,171],[9.499799094999958,172],[9.999839726000005,172]],"kcal":[[0,0.13315969283320575],[0.5008627019999494,0.13336124146399844],[1.0003177149999942,0.1329864258670836],[1.4997009789999538,0.13207772569491866],[1.9996193689999586,0.13221925671956708],[2.4998453569999697,0.1323006107560314],[2.9997994089999906,0.1322286886653198],[3.500137436999978,0.13233024328369203],[4.000134708999951,0.13224011956360923],[4.499585199999956,0.13209550600497572],[4.999645301999976,0.1322567369477105],[5.499713803999953,0.13314977533257324],[5.999859958999991,0.1331704514588856],[6.499482308999973,0.13303098153067225],[7.000038776999986,0.1332797026585596],[7.500636236999981,0.1341823763333132],[8.000193242999956,0.1339034884017042],[8.49895522099996,0.13369038554998866],[8.999574905999964,0.13418833362146093],[9.499799094999958,0.13497341718723777],[9.999839726000005,0.13492388849380463]],"reps":[],"score":[[0,0.5871407077010197],[0.5008627019999494,0.5880293955854836],[1.0003177149999942,0.5863767220913685],[1.4997009789999538,0.5798782586517014],[1.9996193689999586,0.5804996409755302],[2.4998453569999697,0.5808568203314814],[2.9997994089999906,0.5805410512909335],[3.500137436999978,0.5809869199258596],[4.000134708999951,0.5805912378712976],[4.499585199999956,0.5799563218919634],[4.999645301999976,0.5806641953643594],[5.499713803999953,0.587096978489754],[5.999859958999991,0.5871881456828981],[6.499482308999973,0.5865731812697799],[7.000038776999986,0.5876698667302284],[7.500636236999981,0.59414781592935],[8.000193242999956,0.5929129245823451],[8.49895522099996,0.5919693238102095],[8.999574905999964,0.5941741942797605],[9.499799094999958,0.6001298178420148],[9.999839726000005,0.5999095993250103]],"motion":[]},"serverReceivedTimestamp":"2020-02-27T05:36:52.033Z"}