{"timestamp":"2020-02-27T05:37:09.996Z","videoElapsedSeconds":420.426317997,"metrics":{"time":[[0,0],[0.49999542099999417,0.49999542099999417],[1.0004660889999855,0.5004706679999913],[1.5002316530000144,0.4997655640000289],[2.0025700939999638,0.5023384409999494],[2.5006769329999656,0.49810683900000186],[3.000615677999974,0.49993874500000857],[3.5004160269999716,0.49980034899999737],[4.0001725079999915,0.4997564810000199],[4.500824920000014,0.5006524120000222],[5.000384177000001,0.49955925699998716],[5.500273913000001,0.4998897360000001],[6.0006595659999675,0.5003856529999666],[6.500607340999977,0.49994777500000964],[7.000097342000004,0.4994900010000265],[7.500176654999962,0.5000793129999579],[8.000683037999977,0.5005063830000154],[8.500388772000008,0.49970573400003104],[9.000551117999976,0.5001623459999678],[9.500445033999995,0.4998939160000191],[9.99980513099996,0.49936009699996475]],"bpm":[[0,166],[0.49999542099999417,166],[1.0004660889999855,165],[1.5002316530000144,165],[2.0025700939999638,164],[2.5006769329999656,164],[3.000615677999974,162],[3.5004160269999716,162],[4.0001725079999915,160],[4.500824920000014,160],[5.000384177000001,159],[5.500273913000001,159],[6.0006595659999675,159],[6.500607340999977,159],[7.000097342000004,158],[7.500176654999962,158],[8.000683037999977,158],[8.500388772000008,158],[9.000551117999976,157],[9.500445033999995,157],[9.99980513099996,158]],"kcal":[[0,0.1104749858645804],[0.49999542099999417,0.1295675703489485],[1.0004660889999855,0.12879919152200447],[1.5002316530000144,0.12861772868923343],[2.0025700939999638,0.1283850139585803],[2.5006769329999656,0.1273035233986522],[3.000615677999974,0.12599054110722577],[3.5004160269999716,0.12595566366053282],[4.0001725079999915,0.12416408658437145],[4.500824920000014,0.1243866799042926],[5.000384177000001,0.12322517686871862],[5.500273913000001,0.12330669539261215],[6.0006595659999675,0.12342902214199535],[6.500607340999977,0.12332101174435874],[7.000097342000004,0.12231830744122323],[7.500176654999962,0.12246262193449053],[8.000683037999977,0.12256720556872018],[8.500388772000008,0.12237113751863607],[9.000551117999976,0.1215919716753681],[9.500445033999995,0.12152671499778807],[9.99980513099996,0.12228649571849487]],"reps":[],"score":[[0,0.47860842122180614],[0.49999542099999417,0.5613228171150857],[1.0004660889999855,0.5554281612913563],[1.5002316530000144,0.554645628681037],[2.0025700939999638,0.5510488525508863],[2.5006769329999656,0.5464069234524852],[3.000615677999974,0.5355737394612979],[3.5004160269999716,0.5354254787713758],[4.0001725079999915,0.5225404410193515],[4.500824920000014,0.5234772176248841],[5.000384177000001,0.5159177373080573],[5.500273913000001,0.5162590381157701],[6.0006595659999675,0.5167711943273311],[6.500607340999977,0.5163189776507522],[7.000097342000004,0.5094306147633281],[7.500176654999962,0.5100316549719637],[8.000683037999977,0.5104672243171772],[8.500388772000008,0.5096506411794666],[9.000551117999976,0.5036921059556834],[9.500445033999995,0.5034217815838926],[9.99980513099996,0.509298125475296]],"motion":[]},"serverReceivedTimestamp":"2020-02-27T05:37:20.539Z"}