{"timestamp":"2020-02-27T05:37:20.486Z","videoElapsedSeconds":430.926352321,"metrics":{"time":[[0,0],[0.5001652309999827,0.5001652309999827],[1.0002092069999549,0.5000439759999722],[1.4997628339999665,0.4995536270000116],[2.0002329879999934,0.5004701540000269],[2.500717088999977,0.5004841009999836],[3.0007852749999984,0.5000681860000213],[3.500025923999999,0.49924064900000076],[3.9999244089999593,0.49989848499996015],[4.500271560999977,0.5003471520000176],[5.000181863999956,0.49991030299997874],[5.500453774999983,0.5002719110000271],[6.0004673509999975,0.5000135760000148],[6.499919704999968,0.49945235399997046],[7.000061284999958,0.5001415799999904],[7.500827458000003,0.500766173000045],[8.000571901,0.4997444429999973],[8.50040346999998,0.49983156899997994],[9.00050684599995,0.50010337599997],[9.49985640999995,0.4993495639999992],[9.999938583999949,0.5000821739999992]],"bpm":[[0,158],[0.5001652309999827,158],[1.0002092069999549,158],[1.4997628339999665,159],[2.0002329879999934,159],[2.500717088999977,159],[3.0007852749999984,159],[3.500025923999999,159],[3.9999244089999593,159],[4.500271560999977,159],[5.000181863999956,159],[5.500453774999983,160],[6.0004673509999975,160],[6.499919704999968,160],[7.000061284999958,160],[7.500827458000003,161],[8.000571901,161],[8.50040346999998,161],[9.00050684599995,161],[9.49985640999995,160],[9.999938583999949,160]],"kcal":[[0,0.12249932550792374],[0.5001652309999827,0.12248366208408458],[1.0002092069999549,0.12245396838382958],[1.4997628339999665,0.12322378812907858],[2.0002329879999934,0.12344986581675885],[2.500717088999977,0.12345330609238657],[3.0007852749999984,0.12335071325937515],[3.500025923999999,0.12314658653814226],[3.9999244089999593,0.12330885348907901],[4.500271560999977,0.12341952518550446],[5.000181863999956,0.12331176860900143],[5.500453774999983,0.12429214474385948],[6.0004673509999975,0.12422796162562333],[6.499919704999968,0.12408852648139647],[7.000061284999958,0.12425976411411596],[7.500827458000003,0.1253070032936464],[8.000571901,0.12505133521663916],[8.50040346999998,0.12507313680499602],[9.00050684599995,0.1251411512246581],[9.49985640999995,0.12406298839046284],[9.999938583999949,0.12424500474228797]],"reps":[],"score":[[0,0.5101845178129335],[0.5001652309999827,0.5101192828713895],[1.0002092069999549,0.5099956147117171],[1.4997628339999665,0.5159119229490845],[2.0002329879999934,0.5168584623824027],[2.500717088999977,0.5168728660883877],[3.0007852749999984,0.516443331608371],[3.500025923999999,0.5155886962260677],[3.9999244089999593,0.5162680736089571],[4.500271560999977,0.5167314325803521],[5.000181863999956,0.5162802785991433],[5.500453774999983,0.5230793695370557],[6.0004673509999975,0.5228092570123175],[6.499919704999968,0.522222448831609],[7.000061284999958,0.5229430967305452],[7.500827458000003,0.5300281552370749],[8.000571901,0.5289467210342985],[8.50040346999998,0.529038938191794],[9.00050684599995,0.5293266280769199],[9.49985640999995,0.5221149726227764],[9.999938583999949,0.5228809824036385]],"motion":[]},"serverReceivedTimestamp":"2020-02-27T05:37:31.067Z"}