{"timestamp":"2020-02-27T05:37:30.986Z","videoElapsedSeconds":441.426519235,"metrics":{"time":[[0,0],[0.499436596999999,0.499436596999999],[1.0001910340000109,0.5007544370000119],[1.4994999819999748,0.49930894799996395],[2.0005185410000195,0.5010185590000447],[2.5005455549999738,0.5000270139999543],[2.9998131869999725,0.4992676319999987],[3.499812535999979,0.49999934900000653],[4.000200157999984,0.5003876220000052],[4.500175234999972,0.4999750769999878],[5.000296690000027,0.5001214550000554],[5.500350904000015,0.500054213999988],[5.999840059999997,0.49948915599998145],[6.499875464000013,0.5000354040000161],[7.00001480100002,0.5001393370000073],[7.500099470000009,0.5000846689999889],[8.000338100000022,0.5002386300000126],[8.499956741999995,0.4996186419999731],[8.999687681000012,0.49973093900001686],[9.499748644000022,0.5000609630000099],[10.000038442999994,0.5002897989999724]],"bpm":[[0,161],[0.499436596999999,161],[1.0001910340000109,161],[1.4994999819999748,161],[2.0005185410000195,161],[2.5005455549999738,161],[2.9998131869999725,161],[3.499812535999979,161],[4.000200157999984,161],[4.500175234999972,161],[5.000296690000027,161],[5.500350904000015,161],[5.999840059999997,161],[6.499875464000013,161],[7.00001480100002,162],[7.500099470000009,162],[8.000338100000022,162],[8.499956741999995,162],[8.999687681000012,163],[9.499748644000022,163],[10.000038442999994,163]],"kcal":[[0,0.12517241853491373],[0.499436596999999,0.1249743027375789],[1.0001910340000109,0.1253040665877064],[1.4994999819999748,0.12494236105595134],[2.0005185410000195,0.12537015798547343],[2.5005455549999738,0.12512204311811376],[2.9998131869999725,0.12493202252986295],[3.499812535999979,0.12511512048949688],[4.000200157999984,0.12521227826235162],[4.500175234999972,0.1251090468931753],[5.000296690000027,0.12514567514309627],[5.500350904000015,0.12512884938953858],[5.999840059999997,0.12498745460593384],[6.499875464000013,0.12512414255258453],[7.00001480100002,0.12604109268954336],[7.500099470000009,0.12602731569991724],[8.000338100000022,0.1260661157127116],[8.499956741999995,0.12590987132400158],[8.999687681000012,0.12682838691824558],[9.499748644000022,0.12691214481333846],[10.000038442999994,0.12697022186736703]],"reps":[],"score":[[0,0.529458883691837],[0.499436596999999,0.5286208862310037],[1.0001910340000109,0.5300157334506548],[1.4994999819999748,0.5284857781353407],[2.0005185410000195,0.5302952892672872],[2.5005455549999738,0.5292458039075155],[2.9998131869999725,0.5284420478587684],[3.499812535999979,0.5292165223192662],[4.000200157999984,0.5296274838278776],[4.500175234999972,0.5291908319989381],[5.000296690000027,0.5293457635129386],[5.500350904000015,0.5292745933238491],[5.999840059999997,0.5286765164858088],[6.499875464000013,0.5292546841723875],[7.00001480100002,0.5357886294025553],[7.500099470000009,0.5357300647374008],[8.000338100000022,0.5358949998806329],[8.499956741999995,0.5352308199287424],[8.999687681000012,0.5417698146948305],[9.499748644000022,0.5421276013103219],[10.000038442999994,0.5423756876856487]],"motion":[]},"serverReceivedTimestamp":"2020-02-27T05:37:41.545Z"}