{"timestamp":"2020-02-27T05:37:41.487Z","videoElapsedSeconds":451.92656724,"metrics":{"time":[[0,0],[0.501327530000026,0.501327530000026],[1.0001481749999925,0.4988206449999666],[1.4998344080000265,0.499686233000034],[1.999779789999991,0.4999453819999644],[2.4997534510000037,0.4999736610000127],[2.9999881040000105,0.5002346530000068],[3.5001333569999815,0.500145252999971],[4.000459649999982,0.5003262930000005],[4.50037309999999,0.4999134500000082],[5.00047469499998,0.5001015949999896],[5.499657296999999,0.49918260200001896],[5.999955956999997,0.5002986599999986],[6.500334493000025,0.5003785360000279],[7.000119916000017,0.4997854229999916],[7.500320686000009,0.5002007699999922],[8.000283066999998,0.4999623809999889],[8.499739445999978,0.4994563789999802],[9.001527661000011,0.5017882150000332],[9.500074369999993,0.49854670899998155],[9.99992642799998,0.49985205799998766]],"bpm":[[0,163],[0.501327530000026,163],[1.0001481749999925,163],[1.4998344080000265,164],[1.999779789999991,164],[2.4997534510000037,164],[2.9999881040000105,164],[3.5001333569999815,165],[4.000459649999982,165],[4.50037309999999,165],[5.00047469499998,165],[5.499657296999999,165],[5.999955956999997,165],[6.500334493000025,165],[7.000119916000017,165],[7.500320686000009,165],[8.000283066999998,165],[8.499739445999978,165],[9.001527661000011,165],[9.500074369999993,165],[9.99992642799998,165]],"kcal":[[0,0.12689909958157836],[0.501327530000026,0.12723359108972343],[1.0001481749999925,0.12659736035847574],[1.4998344080000265,0.12770717660173297],[1.999779789999991,0.12777340853872587],[2.4997534510000037,0.12778063593667036],[2.9999881040000105,0.12784733889791625],[3.5001333569999815,0.12871544397875836],[4.000459649999982,0.12876203573153802],[4.50037309999999,0.12865578805704989],[5.00047469499998,0.12870420832508148],[5.499657296999999,0.1284676998482039],[5.999955956999997,0.12875492420975035],[6.500334493000025,0.1287754807875552],[7.000119916000017,0.1286228395244995],[7.500320686000009,0.1287297316187254],[8.000283066999998,0.12866838074957085],[8.499739445999978,0.12853815803587995],[9.001527661000011,0.12913827031172814],[9.500074369999993,0.12830404889014346],[9.99992642799998,0.1286399884498518]],"reps":[],"score":[[0,0.5420718763029712],[0.501327530000026,0.5435007157512055],[1.0001481749999925,0.5407829440145563],[1.4998344080000265,0.548139467053391],[1.999779789999991,0.5484237450369096],[2.4997534510000037,0.5484547661757596],[2.9999881040000105,0.5487410658701158],[3.5001333569999815,0.5550670119440025],[4.000459649999982,0.5552679322391688],[4.50037309999999,0.5548097542817989],[5.00047469499998,0.5550185597884503],[5.499657296999999,0.5539986506811829],[5.999955956999997,0.5552372648147553],[6.500334493000025,0.5553259121275037],[7.000119916000017,0.5546676684298967],[7.500320686000009,0.5551286253555645],[8.000283066999998,0.5548640584740068],[8.499739445999978,0.5543024915761948],[9.001527661000011,0.5568903902578863],[9.500074369999993,0.5532929292426014],[9.99992642799998,0.5547416207269881]],"motion":[]},"serverReceivedTimestamp":"2020-02-27T05:37:52.045Z"}