{"timestamp":"2020-02-27T05:38:10.006Z","videoElapsedSeconds":480.426386384,"metrics":{"time":[[0,0],[0.4998217130000171,0.4998217130000171],[1.0000946659999954,0.5002729529999783],[1.500059933999978,0.49996526799998264],[2.0002629100000036,0.5002029760000255],[2.4996481910000057,0.4993852810000021],[3.0022288039999694,0.5025806129999637],[3.500814713000011,0.49858590900004174],[3.9995165189999966,0.4987018059999855],[4.499853572999996,0.5003370539999992],[5.000478903999976,0.5006253309999806],[5.500223620999975,0.4997447169999987],[6.000419621999981,0.5001960010000062],[6.500441218999981,0.5000215969999999],[6.999874927000008,0.4994337080000264],[7.500090521000004,0.5002155939999966],[8.000202682999998,0.5001121619999935],[8.507653887999993,0.5074512049999953],[9.000462220999964,0.49280833299997084],[9.503558926999972,0.503096706000008],[9.999762353999984,0.49620342700001174]],"bpm":[[0,162],[0.4998217130000171,162],[1.0000946659999954,163],[1.500059933999978,163],[2.0002629100000036,164],[2.4996481910000057,164],[3.0022288039999694,164],[3.500814713000011,164],[3.9995165189999966,165],[4.499853572999996,165],[5.000478903999976,164],[5.500223620999975,164],[6.000419621999981,164],[6.500441218999981,164],[6.999874927000008,164],[7.500090521000004,164],[8.000202682999998,163],[8.507653887999993,163],[9.000462220999964,164],[9.503558926999972,164],[9.999762353999984,164]],"kcal":[[0,0.10745446672856095],[0.4998217130000171,0.12596104764397],[1.0000946659999954,0.12696594646466824],[1.500059933999978,0.1268878580591225],[2.0002629100000036,0.12783924305703917],[2.4996481910000057,0.1276302608740653],[3.0022288039999694,0.12844690700331785],[3.500814713000011,0.12742596158697764],[3.9995165189999966,0.12834396405297976],[4.499853572999996,0.128764805140793],[5.000478903999976,0.1279471863242452],[5.500223620999975,0.12772212363452798],[6.000419621999981,0.12783746042325733],[6.500441218999981,0.12779288716716594],[6.999874927000008,0.12764263759176528],[7.500090521000004,0.1278424678990385],[8.000202682999998,0.12692513877883665],[8.507653887999993,0.12878773905545038],[9.000462220999964,0.12594935913159053],[9.503558926999972,0.12857880733505975],[9.999762353999984,0.12681705938108426]],"reps":[],"score":[[0,0.45677866022225083],[0.4998217130000171,0.5354483655699984],[1.0000946659999954,0.542357424549263],[1.500059933999978,0.5420238561579089],[2.0002629100000036,0.5487063172363915],[2.4996481910000057,0.5478093325449501],[3.0022288039999694,0.5513145073203326],[3.500814713000011,0.5469324475857529],[3.9995165189999966,0.5534650576949606],[4.499853572999996,0.5552798749219773],[5.000478903999976,0.5491696268681034],[5.500223620999975,0.5482036220900013],[6.000419621999981,0.5486986658893245],[6.500441218999981,0.5485073504011202],[6.999874927000008,0.5478624553813047],[7.500090521000004,0.5487201587699834],[8.000202682999998,0.5421831073247967],[8.507653887999993,0.5501395327846745],[9.000462220999964,0.5405946355341267],[9.503558926999972,0.551880644474634],[9.999762353999984,0.5443189426950534]],"motion":[]},"serverReceivedTimestamp":"2020-02-27T05:38:20.554Z"}