{"timestamp":"2020-02-27T05:38:20.477Z","videoElapsedSeconds":490.926664311,"metrics":{"time":[[0,0],[0.49924152799997046,0.49924152799997046],[0.9998648799999614,0.500623351999991],[1.5000567759999512,0.5001918959999898],[2.0000421179999535,0.4999853420000022],[2.4995537019999574,0.49951158400000395],[2.9999539109999773,0.5004002090000199],[3.4996701110000004,0.49971620000002304],[3.9997465069999976,0.5000763959999972],[4.499959991999958,0.5002134849999607],[5.000190122999982,0.5002301310000234],[5.500242437999987,0.5000523150000049],[6.0004138649999845,0.500171426999998],[6.499744186999976,0.4993303219999916],[6.999543020999965,0.49979883399998926],[7.49991545499995,0.5003724339999849],[7.999748662000002,0.4998332070000515],[8.50013613799996,0.5003874759999576],[9.000136617999999,0.5000004800000397],[9.500924126999962,0.5007875089999629],[10.000446996999983,0.49952287000002116]],"bpm":[[0,164],[0.49924152799997046,164],[0.9998648799999614,164],[1.5000567759999512,164],[2.0000421179999535,164],[2.4995537019999574,164],[2.9999539109999773,164],[3.4996701110000004,164],[3.9997465069999976,164],[4.499959991999958,165],[5.000190122999982,165],[5.500242437999987,166],[6.0004138649999845,166],[6.499744186999976,167],[6.999543020999965,167],[7.49991545499995,167],[7.999748662000002,167],[8.50013613799996,167],[9.000136617999999,167],[9.500924126999962,167],[10.000446996999983,167]],"kcal":[[0,0.1279191349524893],[0.49924152799997046,0.12759352123917111],[0.9998648799999614,0.1279466805418472],[1.5000567759999512,0.12783641128896583],[2.0000421179999535,0.1277836213051477],[2.4995537019999574,0.12766254072982544],[2.9999539109999773,0.12788965082875373],[3.4996701110000004,0.12771483540981507],[3.9997465069999976,0.12780689240707066],[4.499959991999958,0.12873300390183978],[5.000190122999982,0.1287372878519037],[5.500242437999987,0.12958231371866594],[6.0004138649999845,0.1296131801062173],[6.499744186999976,0.1302847200003066],[6.999543020999965,0.13040696363752854],[7.49991545499995,0.13055662672045987],[7.999748662000002,0.1304159322030079],[8.50013613799996,0.13056055146259615],[9.000136617999999,0.13045957689071638],[9.500924126999962,0.13066492763424106],[10.000446996999983,0.13033495941330678]],"reps":[],"score":[[0,0.5490492259292248],[0.49924152799997046,0.5476516402019941],[0.9998648799999614,0.5491674559697917],[1.5000567759999512,0.5486941628384645],[2.0000421179999535,0.5484675798509943],[2.4995537019999574,0.5479478828081675],[2.9999539109999773,0.5489226753914945],[3.4996701110000004,0.5481723398730094],[3.9997465069999976,0.5485674631131979],[4.499959991999958,0.5551427366102392],[5.000190122999982,0.5551612105344846],[5.500242437999987,0.5613866895007549],[6.0004138649999845,0.5615204112921557],[6.499744186999976,0.5669896875234528],[6.999543020999965,0.5675216829997453],[7.49991545499995,0.5681730059225318],[7.999748662000002,0.5675607135486742],[8.50013613799996,0.5681900861167208],[9.000136617999999,0.5677506520759693],[9.500924126999962,0.5686443236738626],[10.000446996999983,0.5672083258187054]],"motion":[]},"serverReceivedTimestamp":"2020-02-27T05:38:31.070Z"}