{"timestamp":"2020-02-27T05:38:30.971Z","videoElapsedSeconds":501.426261448,"metrics":{"time":[[0,0],[0.4999622450000061,0.4999622450000061],[1.0004264300000045,0.5004641849999985],[1.5003462260000333,0.4999197960000288],[2.0007507309999824,0.500404504999949],[2.5008118719999857,0.5000611410000033],[3.0006957310000075,0.49988385900002186],[3.5001035170000137,0.4994077860000061],[4.000571846000014,0.5004683290000003],[4.501286396000012,0.5007145499999979],[5.000590502000023,0.49930410600001096],[5.500609339999983,0.5000188379999599],[6.0006670079999935,0.5000576680000108],[6.5001478739999925,0.49948086599999897],[7.000210127000003,0.5000622530000101],[7.501411903000019,0.5012017760000163],[8.00069488500003,0.4992829820000111],[8.500429380000014,0.49973449499998424],[9.000005508000015,0.49957612800000106],[9.50731039499999,0.5073048869999752],[10.000045220999993,0.49273482600000307]],"bpm":[[0,168],[0.4999622450000061,168],[1.0004264300000045,169],[1.5003462260000333,169],[2.0007507309999824,170],[2.5008118719999857,170],[3.0006957310000075,171],[3.5001035170000137,171],[4.000571846000014,171],[4.501286396000012,171],[5.000590502000023,171],[5.500609339999983,171],[6.0006670079999935,173],[6.5001478739999925,173],[7.000210127000003,173],[7.501411903000019,173],[8.00069488500003,174],[8.500429380000014,174],[9.000005508000015,174],[9.50731039499999,174],[10.000045220999993,173]],"kcal":[[0,0.13112688788886406],[0.4999622450000061,0.13134022811008883],[1.0004264300000045,0.13236360949926862],[1.5003462260000333,0.1322196285808185],[2.0007507309999824,0.1332392405233991],[2.5008118719999857,0.13314781537011064],[3.0006957310000075,0.13399109953792124],[3.5001035170000137,0.1338634908072452],[4.000571846000014,0.13414776348402405],[4.501286396000012,0.13421376165925017],[5.000590502000023,0.13383569995753217],[5.500609339999983,0.13402727991120314],[6.0006670079999935,0.1358192829559795],[6.5001478739999925,0.13566261935683405],[7.000210127000003,0.1358205282751739],[7.501411903000019,0.13613003097191623],[8.00069488500003,0.13649829005152017],[8.500429380000014,0.13662172857166657],[9.000005508000015,0.13657843283462442],[9.50731039499999,0.1386913876633487],[10.000045220999993,0.13383034605272426]],"reps":[],"score":[[0,0.5731963242475906],[0.4999622450000061,0.5741289005680462],[1.0004264300000045,0.5811334120227255],[1.5003462260000333,0.5805012736070265],[2.0007507309999824,0.5874914571366963],[2.5008118719999857,0.5870883364320647],[3.0006957310000075,0.5933008590239378],[3.5001035170000137,0.5927358187355147],[4.000571846000014,0.5939945532627448],[4.501286396000012,0.5942867874050924],[5.000590502000023,0.5926127632858272],[5.500609339999983,0.5934610625495601],[6.0006670079999935,0.6063529289679881],[6.5001478739999925,0.6056535184709136],[7.000210127000003,0.606358488583122],[7.501411903000019,0.6077402354353273],[8.00069488500003,0.6118265107455395],[8.500429380000014,0.6123797994280883],[9.000005508000015,0.6121857348744982],[9.50731039499999,0.6216566357900581],[10.000045220999993,0.5974734996956939]],"motion":[]},"serverReceivedTimestamp":"2020-02-27T05:38:41.548Z"}