{"timestamp":"2020-02-27T05:38:41.468Z","videoElapsedSeconds":511.92641249,"metrics":{"time":[[0,0],[0.500209472999984,0.500209472999984],[1.00051679500001,0.500307322000026],[1.5012627499999667,0.5007459549999567],[2.0006526880000024,0.4993899380000357],[2.5004700520000256,0.4998173640000232],[3.000205116000018,0.49973506399999224],[3.5002356480000003,0.5000305319999825],[4.000063467999951,0.4998278199999504],[4.500522849999982,0.5004593820000309],[5.000930776999951,0.5004079269999693],[5.500239193000027,0.49930841600007625],[5.999897996000016,0.49965880299998844],[6.502201311999954,0.5023033159999386],[7.000137235999944,0.4979359239999894],[7.50076894099999,0.5006317050000462],[8.000261728999988,0.49949278799999774],[8.499903631999985,0.499641902999997],[9.00226405799998,0.5023604259999956],[9.500118455999939,0.49785439799995856],[10.00060898800001,0.5004905320000717]],"bpm":[[0,173],[0.500209472999984,174],[1.00051679500001,174],[1.5012627499999667,174],[2.0006526880000024,174],[2.5004700520000256,174],[3.000205116000018,174],[3.5002356480000003,174],[4.000063467999951,174],[4.500522849999982,174],[5.000930776999951,174],[5.500239193000027,175],[5.999897996000016,175],[6.502201311999954,175],[7.000137235999944,175],[7.50076894099999,175],[8.000261728999988,175],[8.499903631999985,175],[9.00226405799998,175],[9.500118455999939,175],[10.00060898800001,175]],"kcal":[[0,0.1358323616594048],[0.500209472999984,0.13675158215600536],[1.00051679500001,0.1367783329599993],[1.5012627499999667,0.13689825023458949],[2.0006526880000024,0.13652753060575584],[2.5004700520000256,0.13664438401399367],[3.000205116000018,0.1366218841297988],[3.5002356480000003,0.13670266172130024],[4.000063467999951,0.1366472425654811],[4.500522849999982,0.13681990443496278],[5.000930776999951,0.13680583722302841],[5.500239193000027,0.13739470614751986],[5.999897996000016,0.1374911221448237],[6.502201311999954,0.13821881283636492],[7.000137235999944,0.13701703749824615],[7.50076894099999,0.13775883560633334],[8.000261728999988,0.13744543979417853],[8.499903631999985,0.13748647177151074],[9.00226405799998,0.13823452779614628],[9.500118455999939,0.13699460398729643],[10.00060898800001,0.13771998902929616]],"reps":[],"score":[[0,0.606411317658875],[0.500209472999984,0.6129618423634526],[1.00051679500001,0.6130817475363385],[1.5012627499999667,0.6136192529341199],[2.0006526880000024,0.6119575757300424],[2.5004700520000256,0.6124813479546167],[3.000205116000018,0.612380496686561],[3.5002356480000003,0.612742566218246],[4.000063467999951,0.6124941608446659],[4.500522849999982,0.6132680834271679],[5.000930776999951,0.613205029939901],[5.500239193000027,0.6182709441992097],[5.999897996000016,0.6187048125145213],[6.502201311999954,0.6219793929081872],[7.000137235999944,0.6165714496631524],[7.50076894099999,0.6199095128939134],[8.000261728999988,0.618499243676692],[8.499903631999985,0.6186838860117488],[9.00226405799998,0.6220501096286088],[9.500118455999939,0.6164704997183874],[10.00060898800001,0.6197347047769405]],"motion":[]},"serverReceivedTimestamp":"2020-02-27T05:38:52.033Z"}