{"timestamp":"2020-02-27T05:39:10.024Z","videoElapsedSeconds":540.426539026,"metrics":{"time":[[0,0],[0.5006724549999717,0.5006724549999717],[0.9999632310000379,0.4992907760000662],[1.5015169069999956,0.5015536759999577],[2.0031398959999933,0.5016229889999977],[2.500068543999987,0.4969286479999937],[3.0008547549999776,0.5007862109999905],[3.5012777220000544,0.5004229670000768],[3.9993617019999874,0.49808397999993304],[4.502227396999956,0.5028656949999686],[5.000060824999991,0.4978334280000354],[5.500062360000015,0.500001535000024],[6.000607048000006,0.5005446879999909],[6.500276395000014,0.4996693470000082],[7.000282517999949,0.5000061229999346],[7.500791143000015,0.5005086250000659],[8.00047865900001,0.4996875159999945],[8.499918782999998,0.4994401239999888],[9.000648885000032,0.5007301020000341],[9.500108092000005,0.4994592069999726],[10.000576731000024,0.5004686390000188]],"bpm":[[0,173],[0.5006724549999717,173],[0.9999632310000379,173],[1.5015169069999956,173],[2.0031398959999933,173],[2.500068543999987,173],[3.0008547549999776,172],[3.5012777220000544,172],[3.9993617019999874,172],[4.502227396999956,172],[5.000060824999991,172],[5.500062360000015,172],[6.000607048000006,172],[6.500276395000014,172],[7.000282517999949,172],[7.500791143000015,172],[8.00047865900001,172],[8.499918782999998,172],[9.000648885000032,172],[9.500108092000005,172],[10.000576731000024,172]],"kcal":[[0,0.11585108752712127],[0.5006724549999717,0.13598626355611573],[0.9999632310000379,0.13561098953663506],[1.5015169069999956,0.1362256095595928],[2.0031398959999933,0.1362444354722172],[2.500068543999987,0.13496941847043536],[3.0008547549999776,0.13512506525133003],[3.5012777220000544,0.13502705263015088],[3.9993617019999874,0.1343959334737641],[4.502227396999956,0.13568616379001594],[5.000060824999991,0.13432832806732248],[5.500062360000015,0.13491333938235112],[6.000607048000006,0.13505989610246413],[6.500276395000014,0.1348237064727544],[7.000282517999949,0.13491457734332868],[7.500791143000015,0.13505016537284142],[8.00047865900001,0.13482860893862664],[8.499918782999998,0.1347618561818431],[9.000648885000032,0.13510992559270174],[9.500108092000005,0.1347670052685419],[10.000576731000024,0.13503937611637468]],"reps":[],"score":[[0,0.5172067229140388],[0.5006724549999717,0.6070983987847167],[0.9999632310000379,0.6054230217990243],[1.5015169069999956,0.6081669374125648],[2.0031398959999933,0.6082509840001471],[2.500068543999987,0.6025587856856782],[3.0008547549999776,0.6008040878351465],[3.5012777220000544,0.6003682961235617],[3.9993617019999874,0.5975621626474151],[4.502227396999956,0.6032988899289977],[5.000060824999991,0.5972615699744396],[5.500062360000015,0.5998626950051309],[6.000607048000006,0.6005143274493397],[6.500276395000014,0.5994641618507521],[7.000282517999949,0.5998681993282148],[7.500791143000015,0.6004710618855151],[8.00047865900001,0.5994859595944276],[8.499918782999998,0.5991891580419162],[9.000648885000032,0.6007367726499483],[9.500108092000005,0.5992120523312289],[10.000576731000024,0.600423089813288]],"motion":[]},"serverReceivedTimestamp":"2020-02-27T05:39:20.530Z"}