{"timestamp":"2020-02-27T05:39:20.466Z","videoElapsedSeconds":550.927786129,"metrics":{"time":[[0,0],[0.501007694000009,0.501007694000009],[1.0000288720000299,0.4990211780000209],[1.4990032870000505,0.4989744150000206],[1.9988209950000737,0.49981770800002323],[2.5012763900000436,0.5024553949999699],[3.0007099730000846,0.4994335830000409],[3.500511606000032,0.4998016329999473],[3.9988492620000216,0.4983376559999897],[4.499867275000042,0.5010180130000208],[4.998776640000074,0.49890936500003136],[5.499151546000007,0.5003749059999336],[5.9990274479999925,0.4998759019999852],[6.5015108430000055,0.5024833950000129],[7.001342418000036,0.49983157500003017],[7.503143612000031,0.5018011939999951],[8.000497515999996,0.49735390399996504],[8.500298086000043,0.49980057000004763],[9.003347642999984,0.5030495569999403],[9.499914262000061,0.4965666190000775],[9.99775923300001,0.4978449709999495]],"bpm":[[0,172],[0.501007694000009,172],[1.0000288720000299,172],[1.4990032870000505,172],[1.9988209950000737,172],[2.5012763900000436,172],[3.0007099730000846,172],[3.500511606000032,172],[3.9988492620000216,172],[4.499867275000042,173],[4.998776640000074,173],[5.499151546000007,174],[5.9990274479999925,174],[6.5015108430000055,175],[7.001342418000036,175],[7.503143612000031,176],[8.000497515999996,176],[8.500298086000043,176],[9.003347642999984,176],[9.499914262000061,177],[9.99775923300001,177]],"kcal":[[0,0.13509380889463335],[0.501007694000009,0.135184827090159],[1.0000288720000299,0.13464881372113033],[1.4990032870000505,0.1346361958548881],[1.9988209950000737,0.13486373810574956],[2.5012763900000436,0.13557545424359743],[3.0007099730000846,0.13476009125096972],[3.500511606000032,0.1348594006551839],[3.9988492620000216,0.13446438181620532],[4.499867275000042,0.13608011961070654],[4.998776640000074,0.13550739554767885],[5.499151546000007,0.13679680965709254],[5.9990274479999925,0.1366603876375617],[6.5015108430000055,0.13826836517817556],[7.001342418000036,0.13753866381929902],[7.503143612000031,0.1389745472542126],[8.000497515999996,0.13774286402656694],[8.500298086000043,0.13842047162038973],[9.003347642999984,0.1393202831448416],[9.499914262000061,0.1384094028587065],[9.99775923300001,0.13876572148781982]],"reps":[],"score":[[0,0.6006651132722903],[0.501007694000009,0.6010698057979701],[1.0000288720000299,0.5986865394317505],[1.4990032870000505,0.5986304368455722],[1.9988209950000737,0.5996421537629223],[2.5012763900000436,0.6028066441126728],[3.0007099730000846,0.5991813106622941],[3.500511606000032,0.5996228682363933],[3.9988492620000216,0.5978665032511937],[4.499867275000042,0.6075174106684783],[4.998776640000074,0.6049605357862875],[5.499151546000007,0.6131645656662095],[5.9990274479999925,0.6125530810229446],[6.5015108430000055,0.6222023765588501],[7.001342418000036,0.618918748238763],[7.503143612000031,0.6278029223835104],[8.000497515999996,0.6222389227516046],[8.500298086000043,0.625299943895664],[9.003347642999984,0.6293647479609142],[9.499914262000061,0.6276320012620573],[9.99775923300001,0.6292477655790641]],"motion":[]},"serverReceivedTimestamp":"2020-02-27T05:39:31.029Z"}