{"timestamp":"2020-02-27T05:39:30.966Z","videoElapsedSeconds":561.427513202,"metrics":{"time":[[0,0],[0.499173973999973,0.499173973999973],[0.9991205139999693,0.4999465399999963],[1.4990691030000107,0.49994858900004147],[1.9993864430000485,0.5003173400000378],[2.4993611180000244,0.49997467499997583],[2.99885446899998,0.4994933509999555],[3.498944445999996,0.500089977000016],[3.999050945000022,0.5001064990000259],[4.500142331999996,0.501091386999974],[4.999281118999988,0.4991387869999926],[5.498714769999992,0.4994336510000039],[5.998709340000005,0.4999945700000126],[6.498741634999988,0.5000322949999827],[6.998726354000041,0.4999847190000537],[7.498734345999992,0.5000079919999507],[7.999202661000027,0.5004683150000346],[8.499090948000003,0.4998882869999761],[8.99946295899997,0.5003720109999676],[9.501958425999987,0.502495467000017],[9.998410313000022,0.49645188700003473]],"bpm":[[0,177],[0.499173973999973,177],[0.9991205139999693,179],[1.4990691030000107,179],[1.9993864430000485,179],[2.4993611180000244,179],[2.99885446899998,180],[3.498944445999996,180],[3.999050945000022,180],[4.500142331999996,180],[4.999281118999988,180],[5.498714769999992,180],[5.998709340000005,180],[6.498741634999988,180],[6.998726354000041,179],[7.498734345999992,179],[7.999202661000027,179],[8.499090948000003,179],[8.99946295899997,179],[9.501958425999987,179],[9.998410313000022,179]],"kcal":[[0,0.13991490029793305],[0.499173973999973,0.13913615821190142],[0.9991205139999693,0.14113269664819678],[1.4990691030000107,0.14113327507184542],[1.9993864430000485,0.14123737184791516],[2.4993611180000244,0.14114063903423132],[2.99885446899998,0.14189455556907765],[3.498944445999996,0.14206404327286798],[3.999050945000022,0.1420687367924991],[4.500142331999996,0.14234852078713722],[4.999281118999988,0.14179383210380064],[5.498714769999992,0.14187759617423554],[5.998709340000005,0.14203694034179482],[6.498741634999988,0.1420476571453196],[6.998726354000041,0.14114347441102207],[7.498734345999992,0.1411500442759411],[7.999202661000027,0.1412799914225521],[8.499090948000003,0.1411162520839826],[8.99946295899997,0.1412528052293494],[9.501958425999987,0.14185224746471475],[9.998410313000022,0.14014617156546635]],"reps":[],"score":[[0,0.6344588378147822],[0.499173973999973,0.6309275498832682],[0.9991205139999693,0.6447469546714665],[1.4990691030000107,0.6447495971270764],[1.9993864430000485,0.6452251501417641],[2.4993611180000244,0.6447832384620424],[2.99885446899998,0.6505781494553368],[3.498944445999996,0.6513552405582699],[3.999050945000022,0.6513767600683298],[4.500142331999996,0.6526595531448428],[4.999281118999988,0.6501163383211194],[5.498714769999992,0.6505003916325084],[5.998709340000005,0.6512309752214379],[6.498741634999988,0.6512801111320954],[6.998726354000041,0.6447961915239097],[7.498734345999992,0.6448262051245831],[7.999202661000027,0.645419852302278],[8.499090948000003,0.644671829750383],[8.99946295899997,0.645295655601635],[9.501958425999987,0.6480341319783507],[9.998410313000022,0.6402401390440222]],"motion":[]},"serverReceivedTimestamp":"2020-02-27T05:39:41.523Z"}