{"timestamp":"2020-02-27T05:39:41.466Z","videoElapsedSeconds":571.926258959,"metrics":{"time":[[0,0],[0.5002813749999859,0.5002813749999859],[1.0002930059999926,0.5000116310000067],[1.5062577869999814,0.5059647809999888],[2.0046740719999434,0.49841628499996204],[2.4999964609999097,0.4953223889999663],[3.0006408229999124,0.5006443620000027],[3.5003326300000026,0.4996918070000902],[4.000322206999954,0.49998957699995117],[4.500612795999928,0.5002905889999738],[4.999657623999951,0.4990448280000237],[5.5088181239999585,0.5091605000000072],[6.000058803000002,0.4912406790000432],[6.500704821999989,0.5006460189999871],[7.000321614999962,0.49961679299997286],[7.499864967999997,0.4995433530000355],[8.00041807499997,0.5005531069999734],[8.50074710399997,0.5003290289999995],[9.000680747999922,0.49993364399995244],[9.500024588999963,0.4993438410000408],[9.999988063999922,0.49996347499995863]],"bpm":[[0,179],[0.5002813749999859,179],[1.0002930059999926,179],[1.5062577869999814,179],[2.0046740719999434,179],[2.4999964609999097,179],[3.0006408229999124,179],[3.5003326300000026,180],[4.000322206999954,180],[4.500612795999928,181],[4.999657623999951,181],[5.5088181239999585,182],[6.000058803000002,182],[6.500704821999989,182],[7.000321614999962,182],[7.499864967999997,182],[8.00041807499997,182],[8.50074710399997,182],[9.000680747999922,182],[9.500024588999963,182],[9.999988063999922,182]],"kcal":[[0,0.14124248252702684],[0.5002813749999859,0.14122721908749747],[1.0002930059999926,0.14115107154955922],[1.5062577869999814,0.1428316194598392],[2.0046740719999434,0.1407007124310158],[2.4999964609999097,0.1398273192765628],[3.0006408229999124,0.1413296887118709],[3.5003326300000026,0.14195093234743264],[4.000322206999954,0.14203552194548735],[4.500612795999928,0.14301224488328748],[4.999657623999951,0.142656133692895],[5.5088181239999585,0.14645479618013346],[6.000058803000002,0.14130034344443584],[6.500704821999989,0.14400569303989075],[7.000321614999962,0.14370964673611153],[7.499864967999997,0.14368852247328615],[8.00041807499997,0.14397896785593656],[8.50074710399997,0.14391451411725373],[9.000680747999922,0.14380078567682172],[9.500024588999963,0.14363113489256313],[9.999988063999922,0.14380936625804466]],"reps":[],"score":[[0,0.645248497635802],[0.5002813749999859,0.6451787685341263],[1.0002930059999926,0.6448308980947638],[1.5062577869999814,0.6525082696257097],[2.0046740719999434,0.642773489166249],[2.4999964609999097,0.6387835025087405],[3.0006408229999124,0.6456468881111638],[3.5003326300000026,0.6508366336514876],[4.000322206999954,0.651224471958214],[4.500612795999928,0.6580424145838175],[4.999657623999951,0.6564038397346681],[5.5088181239999585,0.676248998890405],[6.000058803000002,0.6524485253432214],[6.500704821999989,0.6649403658516384],[7.000321614999962,0.6635733842178676],[7.499864967999997,0.6634758438029372],[8.00041807499997,0.6648169634137152],[8.50074710399997,0.6645193509257951],[9.000680747999922,0.663994214528808],[9.500024588999963,0.6632108590088241],[9.999988063999922,0.6640338350097568]],"motion":[]},"serverReceivedTimestamp":"2020-02-27T05:39:52.023Z"}