{"timestamp":"2020-02-27T05:40:09.977Z","videoElapsedSeconds":600.42697197,"metrics":{"time":[[0,0],[0.5001119130000689,0.5001119130000689],[0.9992706810000982,0.49915876800002934],[1.4994046640000533,0.5001339829999552],[1.9996208549999892,0.5002161909999359],[2.4989781220000395,0.49935726700005034],[2.999854940000091,0.5008768180000516],[3.499815379000097,0.49996043900000586],[3.9991062029999966,0.49929082399989966],[4.499390055000049,0.5002838520000523],[4.999480509000023,0.5000904539999738],[5.499439421000034,0.49995891200001097],[5.9997602000000825,0.5003207790000488],[6.499239168000031,0.4994789679999485],[6.998444799000026,0.49920563099999526],[7.498862709000036,0.5004179100000101],[7.998889484000074,0.5000267750000376],[8.49946981100004,0.500580326999966],[8.999698101000035,0.5002282899999955],[9.498913211000058,0.49921511000002283],[9.999418182,0.5005049709999412]],"bpm":[[0,178],[0.5001119130000689,178],[0.9992706810000982,178],[1.4994046640000533,178],[1.9996208549999892,178],[2.4989781220000395,178],[2.999854940000091,178],[3.499815379000097,178],[3.9991062029999966,178],[4.499390055000049,178],[4.999480509000023,178],[5.499439421000034,178],[5.9997602000000825,178],[6.499239168000031,178],[6.998444799000026,177],[7.498862709000036,177],[7.998889484000074,177],[8.49946981100004,177],[8.999698101000035,177],[9.498913211000058,177],[9.999418182,177]],"kcal":[[0,0.11977169500194564],[0.5001119130000689,0.14028848664392254],[0.9992706810000982,0.14002111594922015],[1.4994046640000533,0.14029467759199596],[1.9996208549999892,0.14031773810226883],[2.4989781220000395,0.1400767977348154],[2.999854940000091,0.1405030533480633],[3.499815379000097,0.14024599603795546],[3.9991062029999966,0.14005815953065162],[4.499390055000049,0.14033671797270267],[4.999480509000023,0.14028246708995878],[5.499439421000034,0.14024556769279345],[5.9997602000000825,0.14034707652008205],[6.499239168000031,0.1401109365918491],[6.998444799000026,0.13914498205607811],[7.498862709000036,0.139482883973102],[7.998889484000074,0.1393738618203597],[8.49946981100004,0.13952815491786116],[8.999698101000035,0.1394300306600361],[9.498913211000058,0.13914762416427326],[9.999418182,0.13950715072916586]],"reps":[],"score":[[0,0.5451524733847734],[0.5001119130000689,0.6385366382274106],[0.9992706810000982,0.6373196746073729],[1.4994046640000533,0.638564816927351],[1.9996208549999892,0.6386697790739797],[2.4989781220000395,0.6375731156490082],[2.999854940000091,0.6395132593687115],[3.499815379000097,0.6383432381178253],[3.9991062029999966,0.6374882820570719],[4.499390055000049,0.6387561677930452],[4.999480509000023,0.6385092396443649],[5.499439421000034,0.6383412884633222],[5.9997602000000825,0.6388033157249874],[6.499239168000031,0.6377285019641985],[6.998444799000026,0.6309675625331679],[7.498862709000036,0.6324998143313243],[7.998889484000074,0.6320054419079609],[8.49946981100004,0.6327051001939273],[8.999698101000035,0.6322601454217867],[9.498913211000058,0.6309795434507923],[9.999418182,0.6326098544901425]],"motion":[]},"serverReceivedTimestamp":"2020-02-27T05:40:20.551Z"}