{"timestamp":"2020-02-27T05:40:20.465Z","videoElapsedSeconds":610.927126807,"metrics":{"time":[[0,0],[0.4992842639999253,0.4992842639999253],[0.9988086759999533,0.49952441200002795],[1.4988162909999119,0.5000076149999586],[1.999401149999926,0.5005848590000141],[2.5003205829999615,0.5009194330000355],[2.9996930679999423,0.49937248499998077],[3.4984234339999603,0.49873036600001797],[3.998768780999967,0.5003453470000068],[4.498940163999919,0.5001713829999517],[4.999441096999931,0.5005009330000121],[5.49925138499998,0.4998102880000488],[5.999784733999945,0.5005333489999657],[6.499008860999993,0.4992241270000477],[7.000249190999966,0.5012403299999733],[7.500277545000017,0.500028354000051],[7.999373740999999,0.49909619599998223],[8.499380100999929,0.5000063599999294],[8.999705855999991,0.5003257550000626],[9.499467999999979,0.49976214399998753],[9.999810373999935,0.5003423739999562]],"bpm":[[0,177],[0.4992842639999253,177],[0.9988086759999533,177],[1.4988162909999119,176],[1.999401149999926,176],[2.5003205829999615,176],[2.9996930679999423,176],[3.4984234339999603,177],[3.998768780999967,177],[4.498940163999919,177],[4.999441096999931,177],[5.49925138499998,177],[5.999784733999945,177],[6.499008860999993,177],[7.000249190999966,177],[7.500277545000017,177],[7.999373740999999,177],[8.499380100999929,177],[8.999705855999991,177],[9.499467999999979,177],[9.999810373999935,177]],"kcal":[[0,0.13957172865866113],[0.4992842639999253,0.13916689965212437],[0.9988086759999533,0.13923383677600687],[1.4988162909999119,0.13847781302465087],[1.999401149999926,0.1386376815632716],[2.5003205829999615,0.13873034230368428],[2.9996930679999423,0.13830191287684357],[3.4984234339999603,0.13901251011308088],[3.998768780999967,0.13946265828511611],[4.498940163999919,0.13941416881271657],[4.999441096999931,0.13950602520614935],[5.49925138499998,0.13931351979323062],[5.999784733999945,0.13951506060850016],[6.499008860999993,0.13915013749791524],[7.000249190999966,0.13971211940041117],[7.500277545000017,0.13937430193945072],[7.999373740999999,0.1391144789323801],[8.499380100999929,0.13936817149026864],[8.999705855999991,0.13945719735216305],[9.499467999999979,0.13930010048141073],[9.999810373999935,0.13946182961249504]],"reps":[],"score":[[0,0.6329026899065905],[0.4992842639999253,0.6310669501786982],[0.9988086759999533,0.6313704836103392],[1.4988162909999119,0.6255589776675307],[1.999401149999926,0.626281167001666],[2.5003205829999615,0.6266997521654291],[2.9996930679999423,0.6247643672225034],[3.4984234339999603,0.6303668545684114],[3.998768780999967,0.6324080988209233],[4.498940163999919,0.6321882182060684],[4.999441096999931,0.6326047506875919],[5.49925138499998,0.6317318146365108],[5.999784733999945,0.6326457226702934],[6.499008860999993,0.630990940426655],[7.000249190999966,0.63353930649754],[7.500277545000017,0.6320074376742901],[7.999373740999999,0.6308292429090969],[8.499380100999929,0.6319796385074031],[8.999705855999991,0.6323833356458262],[9.499467999999979,0.6316709633550291],[9.999810373999935,0.6324043411177268]],"motion":[]},"serverReceivedTimestamp":"2020-02-27T05:40:31.010Z"}