{"timestamp":"2020-02-27T05:40:30.964Z","videoElapsedSeconds":621.426260695,"metrics":{"time":[[0,0],[0.5001148439999952,0.5001148439999952],[1.0002500360000113,0.5001351920000161],[1.5002742770000168,0.5000242410000055],[2.000496817999988,0.500222540999971],[2.5004742669999587,0.4999774489999709],[2.999988128000041,0.4995138610000822],[3.4999479939999674,0.4999598659999265],[4.000382817000059,0.5004348230000915],[4.50082085300005,0.5004380359999914],[5.000407018000033,0.49958616499998243],[5.500396540999986,0.4999895229999538],[6.000817117999986,0.5004205769999999],[6.500912017000019,0.5000948990000325],[7.000016670000036,0.4991046530000176],[7.500069823999979,0.5000531539999429],[8.000393284999973,0.5003234609999936],[8.500412681000057,0.5000193960000843],[9.000635224999996,0.5002225439999393],[9.500645661000021,0.500010436000025],[10.00009469400004,0.49944903300001897]],"bpm":[[0,177],[0.5001148439999952,177],[1.0002500360000113,177],[1.5002742770000168,177],[2.000496817999988,177],[2.5004742669999587,177],[2.999988128000041,177],[3.4999479939999674,177],[4.000382817000059,177],[4.50082085300005,177],[5.000407018000033,178],[5.500396540999986,178],[6.000817117999986,180],[6.500912017000019,180],[7.000016670000036,182],[7.500069823999979,182],[8.000393284999973,182],[8.500412681000057,182],[9.000635224999996,182],[9.500645661000021,182],[10.00009469400004,182]],"kcal":[[0,0.13917783991445407],[0.5001148439999952,0.13939840953909086],[1.0002500360000113,0.13940408119406023],[1.5002742770000168,0.13937315551144194],[2.000496817999988,0.13942842822517643],[2.5004742669999587,0.13936011304637166],[2.999988128000041,0.13923089586627557],[3.4999479939999674,0.13935521208758087],[4.000382817000059,0.13948759818092876],[4.50082085300005,0.13948849374937927],[5.000407018000033,0.1401410068711538],[5.500396540999986,0.14025415451255324],[6.000817117999986,0.14215795911774348],[6.500912017000019,0.14206544149969816],[7.000016670000036,0.14356233491732523],[7.500069823999979,0.14383516150269607],[8.000393284999973,0.1439129125391541],[8.500412681000057,0.14382545136023855],[9.000635224999996,0.14388388479903272],[9.500645661000021,0.1438228741081099],[10.00009469400004,0.14366139229257077]],"reps":[],"score":[[0,0.631116559949411],[0.5001148439999952,0.632116756121558],[1.0002500360000113,0.632142474837811],[1.5002742770000168,0.6320022390758525],[2.000496817999988,0.632252879012301],[2.5004742669999587,0.6319430966456103],[2.999988128000041,0.6313571477457083],[3.4999479939999674,0.6319208727322746],[4.000382817000059,0.6325211914027629],[4.50082085300005,0.6325252524521369],[5.000407018000033,0.6378653697536881],[5.500396540999986,0.638380372205357],[6.000817117999986,0.651785839155366],[6.500912017000019,0.6513616513456325],[7.000016670000036,0.6628931779523355],[7.500069823999979,0.6641529434911901],[8.000393284999973,0.6645119557047796],[8.500412681000057,0.6641081073076901],[9.000635224999996,0.6643779213084394],[9.500645661000021,0.6640962069519671],[10.00009469400004,0.6633505713091233]],"motion":[]},"serverReceivedTimestamp":"2020-02-27T05:40:41.560Z"}