{"timestamp":"2020-02-27T05:40:41.465Z","videoElapsedSeconds":631.92632966,"metrics":{"time":[[0,0],[0.5003277240000443,0.5003277240000443],[1.000216043000023,0.49988831899997876],[1.5001400240000748,0.49992398100005175],[2.0005328400000053,0.5003928159999305],[2.4999972560000288,0.49946441600002345],[2.999911869000016,0.4999146129999872],[3.500132201000042,0.5002203320000262],[4.000118800999985,0.4999865999999429],[4.500449537999998,0.500330737000013],[5.001242996000087,0.5007934580000892],[5.499850277000064,0.49860728099997687],[6.000057329000015,0.5002070519999506],[6.507453241000007,0.5073959119999927],[6.999948024999981,0.49249478399997315],[7.500333441000066,0.5003854160000856],[8.000564753000049,0.5002313119999826],[8.500616172000036,0.5000514189999876],[9.000540247999993,0.4999240759999566],[9.500825475000056,0.5002852270000631],[10.000598001000071,0.4997725260000152]],"bpm":[[0,182],[0.5003277240000443,182],[1.000216043000023,182],[1.5001400240000748,182],[2.0005328400000053,182],[2.4999972560000288,182],[2.999911869000016,182],[3.500132201000042,182],[4.000118800999985,182],[4.500449537999998,182],[5.001242996000087,182],[5.499850277000064,182],[6.000057329000015,182],[6.507453241000007,182],[6.999948024999981,182],[7.500333441000066,182],[8.000564753000049,182],[8.500616172000036,182],[9.000540247999993,182],[9.500825475000056,182],[10.000598001000071,182]],"kcal":[[0,0.1438124716167186],[0.5003277240000443,0.14391413874739992],[1.000216043000023,0.1437877484054053],[1.5001400240000748,0.14379800621399824],[2.0005328400000053,0.14393286179362264],[2.4999972560000288,0.14366581705476322],[2.999911869000016,0.14379531160485226],[3.500132201000042,0.1438832485399427],[4.000118800999985,0.143816017927134],[4.500449537999998,0.1439150054059414],[5.001242996000087,0.14404810235622414],[5.499850277000064,0.1434192709622626],[6.000057329000015,0.14387942868411263],[6.507453241000007,0.14594723053848602],[6.999948024999981,0.14166107388631657],[7.500333441000066,0.1439307332595572],[8.000564753000049,0.14388640682432582],[8.500616172000036,0.14383466244775206],[9.000540247999993,0.1437980335397466],[9.500825475000056,0.14390191492117907],[10.000598001000071,0.1437544417364694]],"reps":[],"score":[[0,0.664048173875736],[0.5003277240000443,0.664517617670931],[1.000216043000023,0.6639340154641576],[1.5001400240000748,0.6639813804735168],[2.0005328400000053,0.6646040705669407],[2.4999972560000288,0.6633710024665932],[2.999911869000016,0.6639689382265922],[3.500132201000042,0.6643749834082553],[4.000118800999985,0.6640645488182487],[4.500449537999998,0.6645216194311077],[5.001242996000087,0.6651361891258643],[5.499850277000064,0.6622325860228679],[6.000057329000015,0.6643573453810392],[6.507453241000007,0.673905335412064],[6.999948024999981,0.6541141833247539],[7.500333441000066,0.6645942421484226],[8.000564753000049,0.6643895666565205],[8.500616172000036,0.6641506391255081],[9.000540247999993,0.6639815066490362],[9.500825475000056,0.6644611746560207],[10.000598001000071,0.6637802232899732]],"motion":[]},"serverReceivedTimestamp":"2020-02-27T05:40:52.078Z"}