{"timestamp":"2020-02-27T05:41:09.977Z","videoElapsedSeconds":660.426841497,"metrics":{"time":[[0,0],[0.500056529999938,0.500056529999938],[0.9992730660000007,0.49921653600006266],[1.499574432999907,0.5003013669999063],[1.9996917249999342,0.5001172920000272],[2.4997191289999137,0.5000274039999795],[2.999776603999976,0.5000574750000624],[3.499901156999954,0.5001245529999778],[3.9994463859999314,0.49954522899997755],[4.499977726999987,0.5005313410000554],[4.999967581999954,0.49998985499996706],[5.499713965999945,0.49974638399999094],[5.999932100999899,0.5002181349999546],[6.499891719999937,0.4999596190000375],[7.000181296999926,0.5002895769999895],[7.500964373999977,0.500783077000051],[7.999793527999941,0.49882915399996364],[8.499497619999943,0.49970409200000176],[9.008406496999896,0.5089088769999535],[9.499799819999907,0.49139332300001115],[9.999806304999993,0.5000064850000854]],"bpm":[[0,177],[0.500056529999938,177],[0.9992730660000007,177],[1.499574432999907,177],[1.9996917249999342,177],[2.4997191289999137,177],[2.999776603999976,176],[3.499901156999954,176],[3.9994463859999314,176],[4.499977726999987,176],[4.999967581999954,176],[5.499713965999945,176],[5.999932100999899,176],[6.499891719999937,176],[7.000181296999926,176],[7.500964373999977,176],[7.999793527999941,176],[8.499497619999943,176],[9.008406496999896,176],[9.499799819999907,176],[9.999806304999993,176]],"kcal":[[0,0.11897472454768551],[0.500056529999938,0.13938215551472155],[0.9992730660000007,0.13914802163725362],[1.499574432999907,0.13945039961665412],[1.9996917249999342,0.1393990918769881],[2.4997191289999137,0.13937403714327315],[2.999776603999976,0.13849162182188646],[3.499901156999954,0.13851019916841417],[3.9994463859999314,0.13834975457087992],[4.499977726999987,0.13862285967782545],[4.999967581999954,0.13847289436764573],[5.499713965999945,0.13840546473137585],[5.999932100999899,0.13853611683507863],[6.499891719999937,0.13846452046489052],[7.000181296999926,0.1385559027975843],[7.500964373999977,0.1386925783174885],[7.999793527999941,0.1381514365913356],[8.499497619999943,0.13839375190242836],[9.008406496999896,0.14094303006923292],[9.499799819999907,0.13609207272565849],[9.999806304999993,0.13847750006959486]],"reps":[],"score":[[0,0.539503407464984],[0.500056529999938,0.6320430505377409],[0.9992730660000007,0.6309813458338454],[1.499574432999907,0.6323525105988754],[1.9996917249999342,0.6321198502545512],[2.4997191289999137,0.63200623692816],[2.999776603999976,0.6256213574588693],[3.499901156999954,0.6257052786708514],[3.9994463859999314,0.6249804870510708],[4.499977726999987,0.6262142106907286],[4.999967581999954,0.6255367581510577],[5.499713965999945,0.6252321518505382],[5.999932100999899,0.625822359008185],[6.499891719999937,0.6254989299247722],[7.000181296999926,0.625911740015921],[7.500964373999977,0.6265291573236902],[7.999793527999941,0.624084606405449],[8.499497619999943,0.6251792403758264],[9.008406496999896,0.6366953367741176],[9.499799819999907,0.6147816464126513],[9.999806304999993,0.625557563925931]],"motion":[]},"serverReceivedTimestamp":"2020-02-27T05:41:20.534Z"}