{"timestamp":"2020-02-27T05:41:20.466Z","videoElapsedSeconds":670.926700556,"metrics":{"time":[[0,0],[0.4996057439999504,0.4996057439999504],[0.9996135909999566,0.5000078470000062],[1.4998479029999316,0.500234311999975],[1.999804078000011,0.4999561750000794],[2.5002053700000033,0.5004012919999923],[3.000374449999981,0.5001690799999778],[3.500278021999975,0.4999035719999938],[4.000041908999947,0.4997638869999719],[4.499780912000006,0.4997390030000588],[4.999785392000035,0.5000044800000296],[5.500034746999972,0.5002493549999372],[6.000013950000039,0.49997920300006626],[6.499462559999984,0.4994486099999449],[6.999546456999951,0.5000838969999677],[7.4997764839999945,0.5002300270000433],[7.999729285999933,0.49995280199993886],[8.499933586999987,0.5002043010000534],[9.006115547000036,0.506181960000049],[9.500422225999955,0.4943066789999193],[10.000197872999934,0.49977564699997856]],"bpm":[[0,176],[0.4996057439999504,176],[0.9996135909999566,176],[1.4998479029999316,176],[1.999804078000011,176],[2.5002053700000033,176],[3.000374449999981,176],[3.500278021999975,177],[4.000041908999947,177],[4.499780912000006,178],[4.999785392000035,178],[5.500034746999972,179],[6.000013950000039,179],[6.499462559999984,181],[6.999546456999951,181],[7.4997764839999945,181],[7.999729285999933,181],[8.499933586999987,182],[9.006115547000036,182],[9.500422225999955,182],[10.000197872999934,182]],"kcal":[[0,0.1384903143342624],[0.4996057439999504,0.13836651428533234],[0.9996135909999566,0.13847787727739072],[1.4998479029999316,0.1385405970780128],[1.999804078000011,0.13846356664425272],[2.5002053700000033,0.13858684242413868],[3.000374449999981,0.13852253098376174],[3.500278021999975,0.13933952110349718],[4.000041908999947,0.13930058631267236],[4.499780912000006,0.14018388009847563],[4.999785392000035,0.14025835016326824],[5.500034746999972,0.1412181799831293],[6.000013950000039,0.14114191726862652],[6.499462559999984,0.14277155815124357],[6.999546456999951,0.14295316024813695],[7.4997764839999945,0.14299493272960093],[7.999729285999933,0.14291568564705645],[8.499933586999987,0.14387863738720486],[9.006115547000036,0.14559804969526619],[9.500422225999955,0.1421822469013421],[10.000197872999934,0.14375533946010177]],"reps":[],"score":[[0,0.6256154510208374],[0.4996057439999504,0.6250561973010368],[0.9996135909999566,0.6255592679225352],[1.4998479029999316,0.6258425980351336],[1.999804078000011,0.6254946211402092],[2.5002053700000033,0.6260515065296607],[3.000374449999981,0.6257609863516206],[3.500278021999975,0.6318497203138782],[4.000041908999947,0.6316731664080063],[4.499780912000006,0.638060511401438],[4.999785392000035,0.6383994691160646],[5.500034746999972,0.6451374745239306],[6.000013950000039,0.6447890779149348],[6.499462559999984,0.6569349424338509],[6.999546456999951,0.6577705483809553],[7.4997764839999945,0.657962756150214],[7.999729285999933,0.65759811645388],[8.499933586999987,0.6643536916001067],[9.006115547000036,0.6722930072274093],[9.500422225999955,0.6565206782901098],[10.000197872999934,0.6637843684919297]],"motion":[]},"serverReceivedTimestamp":"2020-02-27T05:41:31.041Z"}