{"timestamp":"2020-02-27T05:41:30.965Z","videoElapsedSeconds":681.426426669,"metrics":{"time":[[0,0],[0.49998541399997976,0.49998541399997976],[0.9995690760000571,0.4995836620000773],[1.5000774000000092,0.5005083239999522],[2.0003448840000146,0.5002674840000054],[2.5002438129999973,0.4998989289999827],[2.9997391050000033,0.499495292000006],[3.4998136760000307,0.5000745710000274],[3.999819044999981,0.5000053689999504],[4.500867683000024,0.501048638000043],[5.000222398000005,0.4993547149999813],[5.500624712999979,0.5004023149999739],[6.000599089000048,0.49997437600006833],[6.500794335000023,0.5001952459999757],[6.999862988000018,0.4990686529999948],[7.500801869000043,0.5009388810000246],[8.00013594799998,0.49933407899993654],[8.500261985000066,0.5001260370000864],[9.000497040000027,0.5002350549999619],[9.500440592000018,0.49994355199999063],[9.99991151900008,0.49947092700006124]],"bpm":[[0,182],[0.49998541399997976,182],[0.9995690760000571,183],[1.5000774000000092,183],[2.0003448840000146,183],[2.5002438129999973,183],[2.9997391050000033,183],[3.4998136760000307,183],[3.999819044999981,183],[4.500867683000024,183],[5.000222398000005,183],[5.500624712999979,183],[6.000599089000048,184],[6.500794335000023,184],[6.999862988000018,184],[7.500801869000043,184],[8.00013594799998,184],[8.500261985000066,184],[9.000497040000027,184],[9.500440592000018,184],[9.99991151900008,184]],"kcal":[[0,0.14368417537382094],[0.49998541399997976,0.14381567678640753],[0.9995690760000571,0.14459006999366142],[1.5000774000000092,0.14485768671824992],[2.0003448840000146,0.14478798253234806],[2.5002438129999973,0.14468131492629294],[2.9997391050000033,0.1445644938480275],[3.4998136760000307,0.14473214943312737],[3.999819044999981,0.14471212091178864],[4.500867683000024,0.14501406500888278],[5.000222398000005,0.14452380789326327],[5.500624712999979,0.14482700547325994],[6.000599089000048,0.1455937999463001],[6.500794335000023,0.14565811784762522],[6.999862988000018,0.1453300511231415],[7.500801869000043,0.14587466623615739],[8.00013594799998,0.14540734384411103],[8.500261985000066,0.14563796401221274],[9.000497040000027,0.1456697103288768],[9.500440592000018,0.145584823919695],[9.99991151900008,0.14544719432707495]],"reps":[],"score":[[0,0.6634557712499167],[0.49998541399997976,0.6640629736149725],[0.9995690760000571,0.6699461825033005],[1.5000774000000092,0.671186162558777],[2.0003448840000146,0.6708631939534538],[2.5002438129999973,0.670368958384742],[2.9997391050000033,0.6698276775386693],[3.4998136760000307,0.6706044958860008],[3.999819044999981,0.6705116953817017],[4.500867683000024,0.6719107284908669],[5.000222398000005,0.6696391625177072],[5.500624712999979,0.6710440035366783],[6.000599089000048,0.6757722516710983],[6.500794335000023,0.6760707826045395],[6.999862988000018,0.6745480639916284],[7.500801869000043,0.6770758899110876],[8.00013594799998,0.6749068174282897],[8.500261985000066,0.6759772387672228],[9.000497040000027,0.6761245889971245],[9.500440592000018,0.6757305895281208],[9.99991151900008,0.6750917830697708]],"motion":[]},"serverReceivedTimestamp":"2020-02-27T05:41:41.540Z"}