{"timestamp":"2020-02-27T05:41:41.465Z","videoElapsedSeconds":691.926363257,"metrics":{"time":[[0,0],[0.5001071239998964,0.5001071239998964],[1.0002390669999386,0.5001319430000422],[1.5003198669999165,0.5000807999999779],[2.000345691000007,0.5000258240000903],[2.4998681289999922,0.4995224379999854],[2.9999907529999064,0.5001226239999141],[3.500076272000001,0.5000855190000948],[4.000052251999932,0.49997597999993104],[4.5003204289999985,0.5002681770000663],[5.0003107,0.4999902710000015],[5.50064699699999,0.5003362969999898],[6.0007524659999945,0.5001054690000046],[6.4999890539999114,0.499236587999917],[7.000256638999986,0.5002675850000742],[7.500344061999954,0.5000874229999681],[8.000323876999914,0.4999798149999606],[8.50048776999995,0.5001638930000354],[9.000560814999972,0.5000730450000219],[9.499988781999946,0.49942796699997416]],"bpm":[[0,184],[0.5001071239998964,183],[1.0002390669999386,183],[1.5003198669999165,182],[2.000345691000007,182],[2.4998681289999922,182],[2.9999907529999064,182],[3.500076272000001,181],[4.000052251999932,181],[4.5003204289999985,181],[5.0003107,181],[5.50064699699999,181],[6.0007524659999945,181],[6.4999890539999114,181],[7.000256638999986,181],[7.500344061999954,182],[8.000323876999914,182],[8.50048776999995,181],[9.000560814999972,181],[9.499988781999946,182]],"kcal":[[0,0.1456085618758018],[0.5001071239998964,0.1447415709592652],[1.0002390669999386,0.14474875410243257],[1.5003198669999165,0.14384311359108531],[2.000345691000007,0.14382730030851854],[2.4998681289999922,0.14368250648801345],[2.9999907529999064,0.1438551438357451],[3.500076272000001,0.1429536239104254],[4.000052251999932,0.1429223112720106],[4.5003204289999985,0.14300583822585763],[5.0003107,0.1429263964737846],[5.50064699699999,0.14302531089699058],[6.0007524659999945,0.14295932678458548],[6.4999890539999114,0.14271094989105373],[7.000256638999986,0.14300566899771364],[7.500344061999954,0.14384501862911098],[8.000323876999914,0.14381406629147198],[8.50048776999995,0.14297602777313725],[9.000560814999972,0.14295005811328207],[9.499988781999946,0.14365533287369814]],"reps":[],"score":[[0,0.6758407690278954],[0.5001071239998964,0.6706481497515095],[1.0002390669999386,0.6706814322538528],[1.5003198669999165,0.6641896619323241],[2.000345691000007,0.6641166447503413],[2.4998681289999922,0.6634480652383281],[2.9999907529999064,0.6642452110923365],[3.500076272000001,0.6577726818308013],[4.000052251999932,0.6576286029499594],[4.5003204289999985,0.6580129356232713],[5.0003107,0.6576474001938012],[5.50064699699999,0.6581025352484027],[6.0007524659999945,0.6577989224725409],[6.4999890539999114,0.6566560655732605],[7.000256638999986,0.6580121569536085],[7.500344061999954,0.6641984583670691],[8.000323876999914,0.664055537220834],[8.50048776999995,0.6578757687512741],[9.000560814999972,0.657756274524112],[9.499988781999946,0.6633225921916527]],"motion":[]},"serverReceivedTimestamp":"2020-02-27T05:41:51.561Z"}