{"timestamp":"2020-02-27T05:42:24.979Z","videoElapsedSeconds":735.426482144,"metrics":{"time":[[0,0],[0.500023601999942,0.500023601999942],[1.0011686199999303,0.5011450179999883],[1.501998604999926,0.5008299849999958],[2.000656015000004,0.498657410000078],[2.500406744999964,0.49975072999995973],[3.000063250999915,0.49965650599995115],[3.4999962209999467,0.4999329700000317],[4.000147374999983,0.5001511540000365],[4.500142270999959,0.4999948959999756],[5.000323537999975,0.5001812670000163],[5.5005433139999695,0.5002197759999945],[5.9998366679999435,0.499293353999974],[6.499932940000008,0.5000962720000643],[7.0000644409999495,0.5001315009999416],[7.500317183999982,0.5002527430000328],[8.000226558999998,0.49990937500001564],[8.499730456999941,0.49950389799994355],[9.000559031999956,0.5008285750000141],[9.500636732999965,0.5000777010000093],[9.999852406999935,0.49921567399997]],"bpm":[[0,178],[0.500023601999942,178],[1.0011686199999303,177],[1.501998604999926,177],[2.000656015000004,177],[2.500406744999964,177],[3.000063250999915,177],[3.4999962209999467,177],[4.000147374999983,176],[4.500142270999959,176],[5.000323537999975,176],[5.5005433139999695,176],[5.9998366679999435,175],[6.499932940000008,175],[7.0000644409999495,174],[7.500317183999982,174],[8.000226558999998,173],[8.499730456999941,173],[9.000559031999956,172],[9.500636732999965,172],[9.999852406999935,172]],"kcal":[[0,0.11963429185984585],[0.500023601999942,0.14026371415552594],[1.0011686199999303,0.1396855528200201],[1.501998604999926,0.1395977427906276],[2.000656015000004,0.13899217488312324],[2.500406744999964,0.13929691902525232],[3.000063250999915,0.13927065570613834],[3.4999962209999467,0.13934771529028864],[4.000147374999983,0.13851756635283674],[4.500142270999959,0.1384742904796962],[5.000323537999975,0.13852590619058264],[5.5005433139999695,0.1385365713123503],[5.9998366679999435,0.13739056153667067],[6.499932940000008,0.13761150049773752],[7.0000644409999495,0.13673026549779474],[7.500317183999982,0.13676341168200587],[8.000226558999998,0.1357790055035663],[8.499730456999941,0.1356688750147665],[9.000559031999956,0.13513649615366274],[9.500636732999965,0.13493389093806868],[9.999852406999935,0.1347012937697159]],"reps":[],"score":[[0,0.5445270696717732],[0.500023601999942,0.6384238838464936],[1.0011686199999303,0.6334188375433133],[1.501998604999926,0.633020653725305],[2.000656015000004,0.6302746423284131],[2.500406744999964,0.6316565367073131],[3.000063250999915,0.6315374429232578],[3.4999962209999467,0.6318868777161096],[4.000147374999983,0.625738559152793],[4.500142270999959,0.6255430649406288],[5.000323537999975,0.6257762334939765],[5.5005433139999695,0.6258244120615315],[5.9998366679999435,0.6182522936082595],[6.499932940000008,0.6192465105173339],[7.0000644409999495,0.6128662946711787],[7.500317183999982,0.6130148658673656],[8.000226558999998,0.6061731139173517],[8.499730456999941,0.6056814462910833],[9.000559031999956,0.6008549128455644],[9.500636732999965,0.5999540730086383],[9.999852406999935,0.598919880504788]],"motion":[]},"serverReceivedTimestamp":"2020-02-27T05:42:35.564Z"}