{"timestamp":"2020-02-27T05:42:35.467Z","videoElapsedSeconds":745.926358009,"metrics":{"time":[[0,0],[0.5002887030000238,0.5002887030000238],[1.0002287560000696,0.49994005300004574],[1.5004663900000423,0.5002376339999728],[2.0004726570000457,0.5000062670000034],[2.49982564000004,0.4993529829999943],[3.00015922099999,0.5003335809999498],[3.499280790000057,0.4991215690000672],[4.000143716000025,0.500862925999968],[4.500446142000101,0.5003024260000757],[5.000496723000083,0.5000505809999822],[5.4998466090000875,0.4993498860000045],[5.999930991000042,0.5000843819999545],[6.500174236000021,0.5002432449999787],[7.000595260000068,0.5004210240000475],[7.500438623000036,0.4998433629999681],[8.000460003000057,0.500021380000021],[8.501297983000086,0.5008379800000284],[9.000728040000013,0.4994300569999268],[9.499928309000097,0.4992002690000845],[10.000240985999994,0.5003126769998971]],"bpm":[[0,172],[0.5002887030000238,171],[1.0002287560000696,171],[1.5004663900000423,171],[2.0004726570000457,171],[2.49982564000004,171],[3.00015922099999,171],[3.499280790000057,171],[4.000143716000025,171],[4.500446142000101,171],[5.000496723000083,171],[5.4998466090000875,172],[5.999930991000042,172],[6.500174236000021,172],[7.000595260000068,172],[7.500438623000036,172],[8.000460003000057,172],[8.501297983000086,172],[9.000728040000013,172],[9.499928309000097,172],[10.000240985999994,172]],"kcal":[[0,0.13491925477445946],[0.5002887030000238,0.13409961572968246],[1.0002287560000696,0.1340061620283679],[1.5004663900000423,0.134085926967091],[2.0004726570000457,0.13402391032429584],[2.49982564000004,0.133848801166647],[3.00015922099999,0.13411164502898246],[3.499280790000057,0.13378677192577343],[4.000143716000025,0.1342535330241844],[4.500446142000101,0.13410329410383437],[5.000496723000083,0.134035788446534],[5.4998466090000875,0.134737507636759],[5.999930991000042,0.1349356936445604],[6.500174236000021,0.13497855898863895],[7.000595260000068,0.13502652835851564],[7.500438623000036,0.1348706604879267],[8.000460003000057,0.13491869407635151],[8.501297983000086,0.1351390338657896],[9.000728040000013,0.1347591398449904],[9.499928309000097,0.1346971371025214],[10.000240985999994,0.13499729353706186]],"reps":[],"score":[[0,0.5998889965040661],[0.5002887030000238,0.5937813592214284],[1.0002287560000696,0.5933675544130484],[1.5004663900000423,0.593720746579003],[2.0004726570000457,0.5934461423137118],[2.49982564000004,0.5926707742928933],[3.00015922099999,0.5938346239056705],[3.499280790000057,0.5923961142444141],[4.000143716000025,0.5944628915273917],[4.500446142000101,0.5937976467401641],[5.000496723000083,0.5934987375991584],[5.4998466090000875,0.599080897554551],[5.999930991000042,0.5999620883492962],[6.500174236000021,0.6001526797388429],[7.000595260000068,0.6003659650642501],[7.500438623000036,0.5996729326232457],[8.000460003000057,0.5998865034824001],[8.501297983000086,0.6008661962282346],[9.000728040000013,0.5991770804434188],[9.499928309000097,0.598901398792031],[10.000240985999994,0.600235978816296]],"motion":[]},"serverReceivedTimestamp":"2020-02-27T05:42:46.032Z"}