{"timestamp":"2020-02-27T05:42:45.966Z","videoElapsedSeconds":756.427003651,"metrics":{"time":[[0,0],[0.49964526400003706,0.49964526400003706],[0.9998709220000137,0.5002256579999766],[1.4998601510000071,0.49998922899999343],[1.9992540360000248,0.4993938850000177],[2.499292636000064,0.500038600000039],[2.9995551980000528,0.500262561999989],[3.4995945910000046,0.5000393929999518],[3.9998640109999997,0.5002694199999951],[4.499866276000034,0.5000022650000346],[4.999282009000012,0.499415732999978],[5.499584572000003,0.5003025629999911],[5.999496295000085,0.499911723000082],[6.499347807000049,0.4998515119999638],[6.999774584000079,0.5004267770000297],[7.499765690000004,0.4999911059999249],[7.9993340390000185,0.4995683490000147],[8.49931377200005,0.49997973300003196],[8.999540342000046,0.5002265699999953],[9.499504601000012,0.49996425899996666],[9.999632836000046,0.5001282350000338]],"bpm":[[0,172],[0.49964526400003706,172],[0.9998709220000137,171],[1.4998601510000071,171],[1.9992540360000248,171],[2.499292636000064,171],[2.9995551980000528,171],[3.4995945910000046,171],[3.9998640109999997,172],[4.499866276000034,172],[4.999282009000012,172],[5.499584572000003,172],[5.999496295000085,172],[6.499347807000049,172],[6.999774584000079,172],[7.499765690000004,172],[7.9993340390000185,172],[8.49931377200005,172],[8.999540342000046,173],[9.499504601000012,173],[9.999632836000046,173]],"kcal":[[0,0.13502211184898366],[0.49964526400003706,0.13481720825680704],[0.9998709220000137,0.13408271686662737],[1.4998601510000071,0.134019343382767],[1.9992540360000248,0.13385976472119623],[2.499292636000064,0.1340325770058622],[2.9995551980000528,0.13409260877941867],[3.4995945910000046,0.1340327895650964],[3.9998640109999997,0.13498562168027756],[4.499866276000034,0.1349135363552248],[4.999282009000012,0.1347552748595231],[5.499584572000003,0.13499456451843628],[5.999496295000085,0.1348891057830907],[6.499347807000049,0.13487285929878046],[6.999774584000079,0.1350280806666282],[7.499765690000004,0.1349105253685306],[7.9993340390000185,0.13479645460151754],[8.49931377200005,0.1349074566391629],[8.999540342000046,0.13586515796199525],[9.499504601000012,0.13579391239530325],[9.999632836000046,0.1358384494640781]],"reps":[],"score":[[0,0.6003463280192959],[0.49964526400003706,0.5994352689529203],[0.9998709220000137,0.5937065325351657],[1.4998601510000071,0.5934259202964173],[1.9992540360000248,0.5927193199526756],[2.499292636000064,0.5934845176209969],[2.9995551980000528,0.5937503330590564],[3.4995945910000046,0.5934854588146782],[3.9998640109999997,0.6001840824545397],[4.499866276000034,0.5998635708019897],[4.999282009000012,0.599159895629751],[5.499584572000003,0.6002238448310655],[5.999496295000085,0.5997549455992637],[6.499347807000049,0.5996827091554298],[6.999774584000079,0.6003728670632082],[7.499765690000004,0.5998501831073312],[7.9993340390000185,0.59934299235781],[8.49931377200005,0.5998365386724874],[8.999540342000046,0.6065577337914172],[9.499504601000012,0.6062396643899339],[9.999632836000046,0.6064384961133206]],"motion":[]},"serverReceivedTimestamp":"2020-02-27T05:42:56.536Z"}