{"timestamp":"2020-02-27T05:42:56.467Z","videoElapsedSeconds":766.926727432,"metrics":{"time":[[0,0],[0.500164232999964,0.500164232999964],[1.000176253999939,0.500012020999975],[1.49962063199996,0.49944437800002106],[1.9991085530000419,0.49948792100008177],[2.499781674000019,0.5006731209999771],[2.999716852000006,0.499935177999987],[3.499871588000019,0.5001547360000131],[3.99999118300002,0.500119595000001],[4.49949664799999,0.4995054649999702],[4.999490882000032,0.4999942340000416],[5.4996865350000235,0.5001956529999916],[5.99977277000005,0.5000862350000261],[6.499914990999969,0.5001422209999191],[6.999892708999937,0.49997771799996826],[7.500286723000045,0.5003940140001077],[8.000377994000019,0.5000912709999739],[8.07327256799988,0.07289457399986077]],"bpm":[[0,173],[0.500164232999964,173],[1.000176253999939,173],[1.49962063199996,173],[1.9991085530000419,173],[2.499781674000019,173],[2.999716852000006,173],[3.499871588000019,173],[3.99999118300002,173],[4.49949664799999,173],[4.999490882000032,173],[5.4996865350000235,173],[5.99977277000005,173],[6.499914990999969,173],[6.999892708999937,173],[7.500286723000045,173],[8.000377994000019,173],[8.07327256799988,173]],"kcal":[[0,0.135828321230099],[0.500164232999964,0.13584822678147818],[1.000176253999939,0.13580688490029377],[1.49962063199996,0.1356527089518735],[1.9991085530000419,0.13566453554593347],[2.499781674000019,0.1359864444465389],[2.999716852000006,0.1357860137851676],[3.499871588000019,0.13584564732753496],[3.99999118300002,0.13583610277751718],[4.49949664799999,0.13566930062331853],[4.999490882000032,0.13580205382233723],[5.4996865350000235,0.13585676068096078],[5.99977277000005,0.1358270419600036],[6.499914990999969,0.13584224816290305],[6.999892708999937,0.1357975679571444],[7.500286723000045,0.13591063696469016],[8.000377994000019,0.13582840977404914],[8.07327256799988,0.01979869404190891]],"reps":[],"score":[[0,0.6063932795269505],[0.500164232999964,0.6064821460642993],[1.000176253999939,0.606297578967495],[1.49962063199996,0.6056092743625345],[1.9991085530000419,0.6056620731241823],[2.499781674000019,0.6070992063536829],[2.999716852000006,0.6062044017579549],[3.499871588000019,0.6064706303250053],[3.99999118300002,0.6064280195429941],[4.49949664799999,0.6056833463820461],[4.999490882000032,0.6062760110560373],[5.4996865350000235,0.6065202448882231],[5.99977277000005,0.6063875683410835],[6.499914990999969,0.6064554550613334],[6.999892708999937,0.6062559843158029],[7.500286723000045,0.6067607706937657],[8.000377994000019,0.6063936748234234],[8.07327256799988,0.08838948241203326]],"motion":[]},"serverReceivedTimestamp":"2020-02-27T05:43:05.079Z"}