{"timestamp":"2020-02-27T05:43:04.972Z","videoElapsedSeconds":775.426302195,"metrics":{"time":[[0,0],[0.4999415240000644,0.4999415240000644],[1.0003163250000853,0.5003748010000209],[1.5004120060000332,0.500095680999948],[2.000554050000005,0.500142043999972],[2.5005473030000758,0.4999932530000706],[2.999943328000086,0.49939602500001],[3.500023876,0.5000805479999144],[4.000271504000011,0.500247628000011],[4.500208606000001,0.49993710199998986],[5.000099314000067,0.4998907080000663],[5.499996451000015,0.4998971369999481],[6.003864668999995,0.5038682179999796],[6.4999447030000965,0.4960800340001015],[7.000185892000104,0.5002411890000076],[7.500172914000018,0.49998702199991385],[8.000461158000007,0.5002882439999894],[8.500452567000025,0.4999914090000175],[9.001886386000024,0.501433818999999],[9.500887000000034,0.4990006140000105],[9.999977265000098,0.4990902650000635]],"bpm":[[0,173],[0.4999415240000644,173],[1.0003163250000853,173],[1.5004120060000332,173],[2.000554050000005,173],[2.5005473030000758,173],[2.999943328000086,172],[3.500023876,172],[4.000271504000011,173],[4.500208606000001,173],[5.000099314000067,173],[5.499996451000015,173],[6.003864668999995,173],[6.4999447030000965,173],[7.000185892000104,174],[7.500172914000018,174],[8.000461158000007,174],[8.500452567000025,174],[9.001886386000024,175],[9.500887000000034,175],[9.999977265000098,175]],"kcal":[[0,0.11578676251289348],[0.4999415240000644,0.1357877374047325],[1.0003163250000853,0.1359054185747679],[1.5004120060000332,0.1358296075619697],[2.000554050000005,0.13584220008843598],[2.5005473030000758,0.1358017873756428],[2.999943328000086,0.13474995713167207],[3.500023876,0.13493465913223918],[4.000271504000011,0.13587087746725568],[4.500208606000001,0.1357865363574978],[5.000099314000067,0.13577393541123436],[5.499996451000015,0.13577568157414704],[6.003864668999995,0.13685425592366465],[6.4999447030000965,0.13473892876425259],[7.000185892000104,0.13676025294977676],[7.500172914000018,0.13669076658202325],[8.000461158000007,0.13677311725172067],[8.500452567000025,0.13669196593796806],[9.001886386000024,0.1379795533306673],[9.500887000000034,0.1373100082654184],[9.999977265000098,0.13733467753277578]],"reps":[],"score":[[0,0.5169195496943453],[0.4999415240000644,0.6062120967019192],[1.0003163250000853,0.6067374736629981],[1.5004120060000332,0.606399022239476],[2.000554050000005,0.6064552404372145],[2.5005473030000758,0.6062748215288212],[2.999943328000086,0.5991362515143906],[3.500023876,0.599957488616224],[4.000271504000011,0.6065832680063784],[4.500208606000001,0.6062067347349528],[5.000099314000067,0.6061504789477898],[5.499996451000015,0.6061582745344954],[6.003864668999995,0.6109734723599154],[6.4999447030000965,0.6015297851976827],[7.000185892000104,0.6130007074766827],[7.500172914000018,0.6126892486158356],[8.000461158000007,0.6130583691585142],[8.500452567000025,0.6126946244909662],[9.001886386000024,0.620902734246117],[9.500887000000034,0.6178898069559571],[9.999977265000098,0.6180008177193951]],"motion":[]},"serverReceivedTimestamp":"2020-02-27T05:43:15.548Z"}