{"timestamp":"2020-02-27T05:43:15.466Z","videoElapsedSeconds":785.926249148,"metrics":{"time":[[0,0],[0.5003989660000343,0.5003989660000343],[1.0005511030000207,0.5001521369999864],[1.500645865000024,0.5000947620000034],[2.0006544780000013,0.5000086129999772],[2.499979154000016,0.49932467600001473],[3.000215986999933,0.5002368329999172],[3.500410838999983,0.5001948520000497],[4.000529006999955,0.5001181679999718],[4.500991634000002,0.5004626270000472],[5.000822346999939,0.49983071299993753],[5.500106392000021,0.4992840450000813],[6.000574712000002,0.5004683199999818],[6.500489493000032,0.4999147810000295],[7.000486832999968,0.49999733999993623],[7.500798692999979,0.5003118600000107],[8.000578060999942,0.49977936799996314],[8.499557249999953,0.4989791890000106],[9.000276332999988,0.5007190830000354],[9.500076974999956,0.4998006419999683],[9.999308875999986,0.4992319010000301]],"bpm":[[0,175],[0.5003989660000343,175],[1.0005511030000207,175],[1.500645865000024,175],[2.0006544780000013,175],[2.499979154000016,175],[3.000215986999933,175],[3.500410838999983,174],[4.000529006999955,174],[4.500991634000002,174],[5.000822346999939,174],[5.500106392000021,173],[6.000574712000002,173],[6.500489493000032,173],[7.000486832999968,173],[7.500798692999979,173],[8.000578060999942,173],[8.499557249999953,173],[9.000276332999988,173],[9.500076974999956,173],[9.999308875999986,173]],"kcal":[[0,0.13757666837606808],[0.5003989660000343,0.1376947928113573],[1.0005511030000207,0.13762687287080846],[1.500645865000024,0.13761108499099256],[2.0006544780000013,0.13758737936904786],[2.499979154000016,0.13739918041200638],[3.000215986999933,0.1376501786706898],[3.500410838999983,0.13674758494087522],[4.000529006999955,0.13672662040720931],[4.500991634000002,0.13682079158106908],[5.000822346999939,0.13664803347878193],[5.500106392000021,0.13560916134830792],[6.000574712000002,0.1359308190122179],[6.500489493000032,0.13578047381230857],[7.000486832999968,0.13580289743439547],[7.500798692999979,0.13588832334348366],[8.000578060999942,0.13574369466112488],[8.499557249999953,0.13552636025158635],[9.000276332999988,0.1359989280585113],[9.500076974999956,0.1357494728335462],[9.999308875999986,0.13559499866038086]],"reps":[],"score":[[0,0.6190897672966025],[0.5003989660000343,0.619621322755958],[1.0005511030000207,0.6193156856106083],[1.500645865000024,0.6192446407528086],[2.0006544780000013,0.619137966357022],[2.499979154000016,0.6182910782189708],[3.000215986999933,0.6194205608223393],[3.500410838999983,0.6129439256394785],[4.000529006999955,0.6128499562756327],[4.500991634000002,0.6132720598836242],[5.000822346999939,0.6124977059566595],[5.500106392000021,0.6054148600172601],[6.000574712000002,0.6068508716232118],[6.500489493000032,0.6061796690491938],[7.000486832999968,0.6062797772859224],[7.500798692999979,0.6066611535460384],[8.000578060999942,0.606015471848621],[8.499557249999953,0.605045201995025],[9.000276332999988,0.6071549383124949],[9.500076974999956,0.6060412679778266],[9.999308875999986,0.6053516319754112]],"motion":[]},"serverReceivedTimestamp":"2020-02-27T05:43:26.037Z"}