{"timestamp":"2020-02-27T05:43:25.967Z","videoElapsedSeconds":796.426605771,"metrics":{"time":[[0,0],[0.4999149289999423,0.4999149289999423],[1.0006535019999774,0.5007385730000351],[1.5001680949999354,0.49951459299995804],[1.9996741559999691,0.4995060610000337],[2.499783889000014,0.5001097330000448],[3.000167357999999,0.5003834689999849],[3.499450431000014,0.49928307300001507],[4.00013989699994,0.5006894659999261],[4.500179915999979,0.5000400190000391],[4.999727695999923,0.4995477799999435],[5.499742863999927,0.5000151680000045],[5.999868696000021,0.5001258320000943],[6.510307605999969,0.510438909999948],[7.000560839999935,0.49025323399996523],[7.500100695000015,0.49953985500008],[8.00023046199999,0.5001297669999758],[8.500581112999953,0.5003506509999625],[9.00074043199993,0.5001593189999767],[9.499838681000028,0.4990982490000988],[9.999560949999932,0.49972226899990346]],"bpm":[[0,173],[0.4999149289999423,173],[1.0006535019999774,173],[1.5001680949999354,173],[1.9996741559999691,172],[2.499783889000014,172],[3.000167357999999,172],[3.499450431000014,172],[4.00013989699994,172],[4.500179915999979,172],[4.999727695999923,172],[5.499742863999927,172],[5.999868696000021,172],[6.510307605999969,172],[7.000560839999935,172],[7.500100695000015,172],[8.00023046199999,172],[8.500581112999953,172],[9.00074043199993,172],[9.499838681000028,172],[9.999560949999932,172]],"kcal":[[0,0.13608819558037774],[0.4999149289999423,0.13578051401015634],[1.0006535019999774,0.1360042216836153],[1.5001680949999354,0.13567177985420031],[1.9996741559999691,0.134779647688953],[2.499783889000014,0.13494253399971826],[3.000167357999999,0.13501639504868698],[3.499450431000014,0.13471947976221912],[4.00013989699994,0.1350989609494158],[4.500179915999979,0.13492372336038197],[4.999727695999923,0.13479090455358148],[5.499742863999927,0.13491701791816435],[5.999868696000021,0.1349468779260972],[6.510307605999969,0.13772961296764233],[7.000560839999935,0.13228299577506167],[7.500100695000015,0.13478876618375388],[8.00023046199999,0.13494793969078653],[8.500581112999953,0.13500753990392256],[9.00074043199993,0.13495591358431774],[9.499838681000028,0.1346696094692675],[9.999560949999932,0.13483798619638102]],"reps":[],"score":[[0,0.6075534651060942],[0.4999149289999423,0.6061798485088569],[1.0006535019999774,0.6071785712239401],[1.5001680949999354,0.6056944146845289],[1.9996741559999691,0.5992682640921556],[2.499783889000014,0.5999925024943953],[3.000167357999999,0.6003209095154737],[3.499450431000014,0.5990007405481629],[4.00013989699994,0.6006880207585386],[4.500179915999979,0.599908865095316],[4.999727695999923,0.599318315281936],[5.499742863999927,0.5998790508111372],[5.999868696000021,0.6000118168142135],[6.510307605999969,0.6123846403552253],[7.000560839999935,0.588167446690311],[7.500100695000015,0.599308807487573],[8.00023046199999,0.6000165377189878],[8.500581112999953,0.6002815370484709],[9.00074043199993,0.6000519918948701],[9.499838681000028,0.5987790031835138],[9.999560949999932,0.5995276535227971]],"motion":[]},"serverReceivedTimestamp":"2020-02-27T05:43:36.565Z"}