{"timestamp":"2020-02-27T05:43:36.466Z","videoElapsedSeconds":806.926620104,"metrics":{"time":[[0,0],[0.500049912999998,0.500049912999998],[1.0001874959999668,0.5001375829999688],[1.4990357430000358,0.498848247000069],[1.9996107120000488,0.500574969000013],[2.5012767660000463,0.5016660539999975],[3.000145226999962,0.49886846099991544],[3.50016709800002,0.5000218710000581],[4.000145353999983,0.49997825599996304],[4.4996104580000065,0.49946510400002353],[4.999608770999998,0.49999831299999187],[5.499705202999962,0.5000964319999639],[5.999839672999997,0.5001344700000345],[6.500291983000011,0.5004523100000142],[7.0001012660000015,0.4998092829999905],[7.521735308999951,0.5216340429999491],[8.023023269999953,0.5012879610000027],[8.073379895999892,0.05035662599993884]],"bpm":[[0,172],[0.500049912999998,172],[1.0001874959999668,172],[1.4990357430000358,172],[1.9996107120000488,172],[2.5012767660000463,172],[3.000145226999962,172],[3.50016709800002,172],[4.000145353999983,172],[4.4996104580000065,172],[4.999608770999998,172],[5.499705202999962,172],[5.999839672999997,172],[6.500291983000011,172],[7.0001012660000015,172],[7.521735308999951,172],[8.023023269999953,172],[8.073379895999892,172]],"kcal":[[0,0.13503525965320548],[0.500049912999998,0.13492639301733475],[1.0001874959999668,0.13495004864963137],[1.4990357430000358,0.13460215246700794],[1.9996107120000488,0.13506806669904603],[2.5012767660000463,0.1353624696370248],[3.000145226999962,0.1346076067267065],[3.50016709800002,0.13491882656085408],[4.000145353999983,0.13490705810636322],[4.4996104580000065,0.13476859643159547],[4.999608770999998,0.13491247000345247],[5.499705202999962,0.13493894504606027],[5.999839672999997,0.13494920868177682],[6.500291983000011,0.13503497013006224],[7.0001012660000015,0.1348614648229511],[7.521735308999951,0.14075034924970123],[8.023023269999953,0.1352604503717712],[8.073379895999892,0.01358751943367444]],"reps":[],"score":[[0,0.600404786858948],[0.500049912999998,0.5999207351418345],[1.0001874959999668,0.6000259147438403],[1.4990357430000358,0.5984790703573185],[1.9996107120000488,0.6005506562223719],[2.5012767660000463,0.6018596545808877],[3.000145226999962,0.5985033215317168],[3.50016709800002,0.5998870925458027],[4.000145353999983,0.5998347666834437],[4.4996104580000065,0.5992191270901953],[4.999608770999998,0.5998588295017528],[5.499705202999962,0.5999765449958752],[5.999839672999997,0.6000221800102457],[6.500291983000011,0.6004034995575311],[7.0001012660000015,0.5996320461075026],[7.521735308999951,0.6258156844265624],[8.023023269999953,0.6014060482015804],[8.073379895999892,0.060413937296587124]],"motion":[]},"serverReceivedTimestamp":"2020-02-27T05:43:45.133Z"}