{"timestamp":"2020-02-27T05:43:45.002Z","videoElapsedSeconds":815.432017107,"metrics":{"time":[[0,0],[0.4975220569999692,0.4975220569999692],[0.9966636999999992,0.49914164300002994],[1.4952314690000321,0.49856776900003297],[1.995867598000018,0.5006361289999859],[2.49547575400004,0.49960815600002206],[2.9952861179999672,0.4998103639999272],[3.4949883430000455,0.4997022250000782],[3.9953336400000126,0.5003452969999671],[4.495419876000028,0.5000862360000156],[4.996739198,0.5013193219999721],[5.497053533999974,0.500314335999974],[5.996164004999969,0.4991104709999945],[6.498678778999988,0.5025147740000193],[6.996330909999983,0.4976521309999953],[7.495140683000045,0.4988097730000618],[7.9953976630000625,0.5002569800000174],[8.495452195999974,0.5000545329999113],[8.995753715999967,0.5003015199999936],[9.495845057999986,0.5000913420000188],[9.994979785000055,0.4991347270000688]],"bpm":[[0,172],[0.4975220569999692,172],[0.9966636999999992,172],[1.4952314690000321,172],[1.995867598000018,172],[2.49547575400004,172],[2.9952861179999672,172],[3.4949883430000455,172],[3.9953336400000126,171],[4.495419876000028,171],[4.996739198,171],[5.497053533999974,171],[5.996164004999969,172],[6.498678778999988,172],[6.996330909999983,172],[7.495140683000045,172],[7.9953976630000625,172],[8.495452195999974,172],[8.995753715999967,172],[9.495845057999986,172],[9.994979785000055,172]],"kcal":[[0,0.11656938328335768],[0.4975220569999692,0.13424431212243995],[0.9966636999999992,0.13468131829220117],[1.4952314690000321,0.1345264722521299],[1.995867598000018,0.13508456924804915],[2.49547575400004,0.1348071955591464],[2.9952861179999672,0.1348617565046783],[3.4949883430000455,0.13483257780708274],[3.9953336400000126,0.13411478543789193],[4.495419876000028,0.13404534557179915],[4.996739198,0.13437586744399863],[5.497053533999974,0.13410648651333737],[5.996164004999969,0.13467290728078296],[6.498678778999988,0.13559147623278164],[6.996330909999983,0.13427940945011183],[7.495140683000045,0.13459177118723772],[7.9953976630000625,0.13498226504670463],[8.495452195999974,0.13492763961274018],[8.995753715999967,0.134994283090075],[9.495845057999986,0.13493757163249656],[9.994979785000055,0.1346794521766303]],"reps":[],"score":[[0,0.518300301004842],[0.4975220569999692,0.5968880114267721],[0.9966636999999992,0.5988310639071789],[1.4952314690000321,0.5981425748123773],[1.995867598000018,0.6006240312019312],[2.49547575400004,0.599390749679804],[2.9952861179999672,0.5996333430065918],[3.4949883430000455,0.5995036063011143],[3.9953336400000126,0.5938485293614068],[4.495419876000028,0.593541055713191],[4.996739198,0.5950045776290379],[5.497053533999974,0.5938117824499763],[5.996164004999969,0.59879366618209],[6.498678778999988,0.6028778823879639],[6.996330909999983,0.5970440640281021],[7.495140683000045,0.59843291226436],[7.9953976630000625,0.600169157916533],[8.495452195999974,0.5999262778560162],[8.995753715999967,0.6002225935213282],[9.495845057999986,0.5999704384124531],[9.994979785000055,0.5988227666319008]],"motion":[]},"serverReceivedTimestamp":"2020-02-27T05:43:55.534Z"}