{"timestamp":"2020-02-27T05:43:55.468Z","videoElapsedSeconds":825.92756665,"metrics":{"time":[[0,0],[0.5019434499999988,0.5019434499999988],[1.0007063040000048,0.498762854000006],[1.5001816589999635,0.49947535499995865],[2.000937398000019,0.5007557390000557],[2.5001600140000164,0.4992226159999973],[2.999473719999969,0.4993137059999526],[3.500665609999942,0.5011918899999728],[3.9995284629999333,0.49886285299999145],[4.500989117000017,0.5014606540000841],[5.0002034609999555,0.49921434399993814],[5.499385338000025,0.4991818770000691],[5.999752294000018,0.5003669559999935],[6.499620773999936,0.49986847999991824],[7.001017057000013,0.5013962830000764],[7.5010075129999905,0.4999904559999777],[8.00059223400001,0.49958472100001927],[8.50177382000004,0.5011815860000297],[9.001298566999935,0.4995247469998958],[9.501351138000018,0.5000525710000829],[10.001795285999947,0.5004441479999286]],"bpm":[[0,172],[0.5019434499999988,172],[1.0007063040000048,172],[1.5001816589999635,172],[2.000937398000019,172],[2.5001600140000164,172],[2.999473719999969,172],[3.500665609999942,172],[3.9995284629999333,172],[4.500989117000017,172],[5.0002034609999555,172],[5.499385338000025,172],[5.999752294000018,172],[6.499620773999936,171],[7.001017057000013,171],[7.5010075129999905,171],[8.00059223400001,171],[8.50177382000004,172],[9.001298566999935,172],[9.501351138000018,172],[10.001795285999947,172]],"kcal":[[0,0.13506666063653158],[0.5019434499999988,0.13543731824862257],[1.0007063040000048,0.13457911122814778],[1.5001816589999635,0.1347713624163704],[2.000937398000019,0.13511684311803424],[2.5001600140000164,0.13470316690077674],[2.999473719999969,0.13472774533747753],[3.500665609999942,0.13523452793248938],[3.9995284629999333,0.13460609354335795],[4.500989117000017,0.1353070474073762],[5.0002034609999555,0.13470093490132626],[5.499385338000025,0.13469217446547668],[5.999752294000018,0.13501193941442166],[6.499620773999936,0.13398697728212805],[7.001017057000013,0.13439649641378804],[7.5010075129999905,0.1340196722733164],[8.00059223400001,0.1339109172539521],[8.50177382000004,0.13523174764694226],[9.001298566999935,0.13478468965475637],[9.501351138000018,0.13492711021446802],[10.001795285999947,0.13503276781144818]],"reps":[],"score":[[0,0.6005444044725218],[0.5019434499999988,0.6021924525834866],[1.0007063040000048,0.5983766225215287],[1.5001816589999635,0.5992314254373345],[2.000937398000019,0.600767529915373],[2.5001600140000164,0.5989282089729097],[2.999473719999969,0.5990374916231344],[3.500665609999942,0.6012907897374443],[3.9995284629999333,0.598496593492476],[4.500989117000017,0.6016132317424016],[5.0002034609999555,0.5989182848748795],[5.499385338000025,0.5988793335103799],[5.999752294000018,0.6003010985109385],[6.499620773999936,0.5932826060361525],[7.001017057000013,0.5950959209013823],[7.5010075129999905,0.5934273765949786],[8.00059223400001,0.5929458188897689],[8.50177382000004,0.601278427805045],[9.001298566999935,0.5992906820918046],[9.501351138000018,0.5999239240022332],[10.001795285999947,0.600393707428857]],"motion":[]},"serverReceivedTimestamp":"2020-02-27T05:44:06.028Z"}