{"timestamp":"2020-02-27T05:44:05.969Z","videoElapsedSeconds":836.429450258,"metrics":{"time":[[0,0],[0.49860929999999826,0.49860929999999826],[0.9981823100000611,0.4995730100000628],[1.4991066930000443,0.5009243829999832],[2.0056636010000375,0.5065569079999932],[2.499862697000026,0.49419909599998846],[3.0001228560000754,0.5002601590000495],[3.4996964289999823,0.4995735729999069],[3.999463272000071,0.49976684300008856],[4.498758015000021,0.49929474299995036],[4.999390437999978,0.5006324229999564],[5.497505122999996,0.49811468500001865],[5.998665403000018,0.5011602800000219],[6.497665734000066,0.4990003310000475],[7.000038354000026,0.5023726199999601],[7.499443185000018,0.49940483099999256],[7.9995818109999846,0.5001386259999663],[8.500928000000044,0.5013461890000599],[9.00063754100006,0.49970954100001563],[9.500585642000033,0.49994810099997267],[9.999924050000004,0.4993384079999714]],"bpm":[[0,172],[0.49860929999999826,172],[0.9981823100000611,172],[1.4991066930000443,172],[2.0056636010000375,173],[2.499862697000026,173],[3.0001228560000754,174],[3.4996964289999823,174],[3.999463272000071,174],[4.498758015000021,174],[4.999390437999978,174],[5.497505122999996,174],[5.998665403000018,174],[6.497665734000066,174],[7.000038354000026,173],[7.499443185000018,173],[7.9995818109999846,172],[8.500928000000044,172],[9.00063754100006,173],[9.500585642000033,173],[9.999924050000004,173]],"kcal":[[0,0.13493675675842612],[0.49860929999999826,0.13453767838951347],[0.9981823100000611,0.1347977122598192],[1.4991066930000443,0.13516234762872945],[2.0056636010000375,0.1375845235932982],[2.499862697000026,0.13422805238577057],[3.0001228560000754,0.1367654391320849],[3.4996964289999823,0.136577734326651],[3.999463272000071,0.13663057214707372],[4.498758015000021,0.13650150537517206],[4.999390437999978,0.13686721187673462],[5.497505122999996,0.1361788909361478],[5.998665403000018,0.1370115219784169],[6.497665734000066,0.136421016482087],[7.000038354000026,0.13644804067900002],[7.499443185000018,0.13564196770035264],[7.9995818109999846,0.13495033007799265],[8.500928000000044,0.13527616179140367],[9.00063754100006,0.13572472914240427],[9.500585642000033,0.1357895237655239],[9.999924050000004,0.13562392673265636]],"reps":[],"score":[[0,0.5999668152528884],[0.49860929999999826,0.5981924004545435],[0.9981823100000611,0.5993485842607434],[1.4991066930000443,0.6009698557828186],[2.0056636010000375,0.6142336864530531],[2.499862697000026,0.5992490237204371],[3.0001228560000754,0.6130239535102006],[3.4996964289999823,0.6121826039510562],[3.999463272000071,0.6124194390007294],[4.498758015000021,0.6118409227960502],[4.999390437999978,0.6134801296514878],[5.497505122999996,0.6103948675636378],[5.998665403000018,0.614126971058397],[6.497665734000066,0.6114801472977534],[7.000038354000026,0.6091599610673128],[7.499443185000018,0.6055613210146835],[7.9995818109999846,0.6000271660535775],[8.500928000000044,0.6014759055971963],[9.00063754100006,0.6059308020022239],[9.500585642000033,0.6062200717484256],[9.999924050000004,0.6054807787428796]],"motion":[]},"serverReceivedTimestamp":"2020-02-27T05:44:16.555Z"}