{"timestamp":"2020-02-27T05:44:16.469Z","videoElapsedSeconds":846.928919649,"metrics":{"time":[[0,0],[0.5005001700000093,0.5005001700000093],[0.9997375990000137,0.49923742900000434],[1.4997876080000196,0.500050009000006],[1.9992158929999277,0.4994282849999081],[2.4991381799999317,0.49992228700000396],[2.9996900290000212,0.5005518490000895],[3.5019462129999965,0.5022561839999753],[4.001099696999972,0.49915348399997583],[4.501732296,0.5006325990000278],[5.004397993999987,0.5026656979999871],[5.4974400060000335,0.49304201200004627],[5.999849488999985,0.5024094829999513],[6.499921079999922,0.5000715909999371],[7.000748424999983,0.5008273450000615],[7.498195397000018,0.4974469720000343],[7.9996363179999435,0.5014409209999258],[8.071080350999864,0.07144403299992064]],"bpm":[[0,173],[0.5005001700000093,173],[0.9997375990000137,173],[1.4997876080000196,173],[1.9992158929999277,173],[2.4991381799999317,174],[2.9996900290000212,174],[3.5019462129999965,174],[4.001099696999972,174],[4.501732296,174],[5.004397993999987,174],[5.4974400060000335,175],[5.999849488999985,175],[6.499921079999922,175],[7.000748424999983,175],[7.498195397000018,175],[7.9996363179999435,175],[8.071080350999864,176]],"kcal":[[0,0.13568013123363354],[0.5005001700000093,0.13593946970281368],[0.9997375990000137,0.13559650010519558],[1.4997876080000196,0.13581720271612843],[1.9992158929999277,0.13564833797653242],[2.4991381799999317,0.1366730687691341],[2.9996900290000212,0.1368451838613587],[3.5019462129999965,0.1373111296707421],[4.001099696999972,0.1364628867708013],[4.501732296,0.13686725999315286],[5.004397993999987,0.13742308614185966],[5.4974400060000335,0.1356703796419045],[5.999849488999985,0.13824802681173942],[6.499921079999922,0.13760470902647193],[7.000748424999983,0.13781266986878807],[7.498195397000018,0.13688249256729496],[7.9996363179999435,0.13798150758811967],[8.071080350999864,0.019786525538197684]],"reps":[],"score":[[0,0.6057316986641674],[0.5005001700000093,0.606889491850518],[0.9997375990000137,0.6053583350402579],[1.4997876080000196,0.6063436419249466],[1.9992158929999277,0.6055897605376723],[2.4991381799999317,0.6126099216799178],[2.9996900290000212,0.613381393441818],[3.5019462129999965,0.6154699031121147],[4.001099696999972,0.6116678225619513],[4.501732296,0.6134803453237888],[5.004397993999987,0.6159717257873539],[5.4974400060000335,0.6105115406047955],[5.999849488999985,0.6221108546845907],[6.499921079999922,0.6192159491553311],[7.000748424999983,0.6201517650243734],[7.498195397000018,0.6159660025987866],[7.9996363179999435,0.6209115283302136],[8.071080350999864,0.08938355117627433]],"motion":[]},"serverReceivedTimestamp":"2020-02-27T05:44:25.076Z"}