{"timestamp":"2020-02-27T05:44:24.975Z","videoElapsedSeconds":855.430506222,"metrics":{"time":[[0,0],[0.4970931029999974,0.4970931029999974],[0.9968766640000695,0.49978356100007204],[1.4998294220000616,0.5029527579999922],[1.997282771000073,0.49745334900001126],[2.4972456689999945,0.49996289799992155],[3.0029245140000285,0.505678845000034],[3.4983848480000006,0.49546033399997214],[3.9980493070000875,0.49966445900008694],[4.498716259000048,0.5006669519999605],[4.996889285000066,0.49817302600001767],[5.497907947000044,0.5010186619999786],[5.9964060980000795,0.49849815100003525],[6.4965146630000845,0.500108565000005],[6.996388962000083,0.49987429899999825],[7.496401092000042,0.5000121299999591],[7.996770846999993,0.5003697549999515],[8.496733661999997,0.4999628150000035],[8.997302709999985,0.5005690479999885],[9.497100326999998,0.4997976170000129],[9.996598164000034,0.49949783700003536]],"bpm":[[0,176],[0.4970931029999974,176],[0.9968766640000695,176],[1.4998294220000616,176],[1.997282771000073,176],[2.4972456689999945,176],[3.0029245140000285,176],[3.4983848480000006,176],[3.9980493070000875,176],[4.498716259000048,176],[4.996889285000066,176],[5.497907947000044,176],[5.9964060980000795,176],[6.4965146630000845,176],[6.996388962000083,176],[7.496401092000042,176],[7.996770846999993,176],[8.496733661999997,176],[8.997302709999985,176],[9.497100326999998,176],[9.996598164000034,176]],"kcal":[[0,0.11922930436985515],[0.4970931029999974,0.1376706348223974],[0.9968766640000695,0.13841576095389646],[1.4998294220000616,0.1392934745255053],[1.997282771000073,0.13777040545935615],[2.4972456689999945,0.1384654285885255],[3.0029245140000285,0.14004846815871375],[3.4983848480000006,0.137218437148772],[3.9980493070000875,0.1383827754872955],[4.498716259000048,0.13866041733520024],[4.996889285000066,0.1379697210178703],[5.497907947000044,0.13875782391494085],[5.9964060980000795,0.13805976484442697],[6.4965146630000845,0.13850577126930932],[6.996388962000083,0.13844089097074233],[7.496401092000042,0.1384790634602585],[7.996770846999993,0.13857810820757077],[8.496733661999997,0.13846540560158135],[8.997302709999985,0.13863330268455137],[9.497100326999998,0.13841965378287205],[9.996598164000034,0.13833662928976426]],"reps":[],"score":[[0,0.5386058612605351],[0.4970931029999974,0.6219126349071397],[0.9968766640000695,0.6252786639544857],[1.4998294220000616,0.6292436428384517],[1.997282771000073,0.6223633382818822],[2.4972456689999945,0.6255030322779238],[3.0029245140000285,0.6326542472885041],[3.4983848480000006,0.6198698794054597],[3.9980493070000875,0.6251296555731857],[4.498716259000048,0.6263838734636868],[4.996889285000066,0.6232637253857364],[5.497907947000044,0.626823897458215],[5.9964060980000795,0.6236704889159782],[6.4965146630000845,0.6256852761016546],[6.996388962000083,0.6253921861664813],[7.496401092000042,0.6255646263790697],[7.996770846999993,0.6260120506235657],[8.496733661999997,0.6255029284368175],[8.997302709999985,0.6262613858769086],[9.497100326999998,0.6252962494005656],[9.996598164000034,0.6249211949720223]],"motion":[]},"serverReceivedTimestamp":"2020-02-27T05:44:35.538Z"}