{"timestamp":"2020-02-27T05:44:35.469Z","videoElapsedSeconds":865.927203931,"metrics":{"time":[[0,0],[0.5002084999999852,0.5002084999999852],[1.0011696850000362,0.500961185000051],[1.5002856370000472,0.499115952000011],[2.000289751999958,0.5000041149999106],[2.4997121430000107,0.4994223910000528],[3.0000316649999377,0.500319521999927],[3.4999977269999363,0.4999660619999986],[3.999960152999961,0.4999624260000246],[4.500192935999962,0.5002327830000013],[5.000180383000043,0.49998744700008046],[5.5000124949999645,0.49983211199992184],[5.9997674620000225,0.49975496700005806],[6.500030039999956,0.5002625779999335],[6.9997305609999785,0.4997005210000225],[7.500071976999948,0.5003414159999693],[8.00007877500002,0.5000067980000722],[8.50033793800003,0.5002591630000097],[9.000313602000006,0.49997566399997595],[9.499773656999992,0.4994600549999859],[9.99979276700003,0.5000191100000393]],"bpm":[[0,176],[0.5002084999999852,176],[1.0011696850000362,176],[1.5002856370000472,176],[2.000289751999958,176],[2.4997121430000107,176],[3.0000316649999377,176],[3.4999977269999363,176],[3.999960152999961,176],[4.500192935999962,176],[5.000180383000043,176],[5.5000124949999645,176],[5.9997674620000225,176],[6.500030039999956,176],[6.9997305609999785,176],[7.500071976999948,176],[8.00007877500002,176],[8.50033793800003,176],[9.000313602000006,176],[9.499773656999992,176],[9.99979276700003,176]],"kcal":[[0,0.13850327316761035],[0.5002084999999852,0.13853344840827025],[1.0011696850000362,0.13874190557887872],[1.5002856370000472,0.13823086570128312],[2.000289751999958,0.1384768436947093],[2.4997121430000107,0.13831573441383513],[3.0000316649999377,0.1385641961074819],[3.4999977269999363,0.13846630486280204],[3.999960152999961,0.13846529786748948],[4.500192935999962,0.13854017361931711],[5.000180383000043,0.13847222746868648],[5.5000124949999645,0.13842920722166852],[5.9997674620000225,0.13840784180532997],[6.500030039999956,0.13854842538650206],[6.9997305609999785,0.13839276290895583],[7.500071976999948,0.13857025968162215],[8.00007877500002,0.13847758675538194],[8.50033793800003,0.13854747959746458],[9.000313602000006,0.13846896415021612],[9.499773656999992,0.13832616551165047],[9.99979276700003,0.1384809965811091]],"reps":[],"score":[[0,0.6256739911895752],[0.5002084999999852,0.6258103046703112],[1.0011696850000362,0.6267519880467671],[1.5002856370000472,0.6244434190681456],[2.000289751999958,0.6255545988213167],[2.4997121430000107,0.6248268045643518],[3.0000316649999377,0.6259492041724362],[3.4999977269999363,0.6255069907549433],[3.999960152999961,0.6255024417593714],[4.500192935999962,0.6258406851049466],[5.000180383000043,0.6255337455050457],[5.5000124949999645,0.6253394060570451],[5.9997674620000225,0.6252428900324902],[6.500030039999956,0.62587796159662],[6.9997305609999785,0.6251747727016765],[7.500071976999948,0.6259765957318297],[8.00007877500002,0.6255579555198706],[8.50033793800003,0.6258736890939682],[9.000313602000006,0.6255190038065633],[9.499773656999992,0.6248739259532791],[9.99979276700003,0.6255733590494997]],"motion":[]},"serverReceivedTimestamp":"2020-02-27T05:44:46.043Z"}