{"timestamp":"2020-02-27T05:44:45.974Z","videoElapsedSeconds":876.427241392,"metrics":{"time":[[0,0],[0.4998834169999782,0.4998834169999782],[1.0001192269999137,0.5002358099999356],[1.5003095559999338,0.50019032900002],[1.9996903609999208,0.49938080499998705],[2.499712918,0.5000225570000794],[2.999181465999982,0.49946854799998164],[3.499820255999907,0.5006387899999254],[4.000146169000004,0.500325913000097],[4.500027845999966,0.4998816769999621],[5.000458159999994,0.5004303140000275],[5.501594294999904,0.5011361349999106],[5.999669945999926,0.49807565100002194],[6.499686558000008,0.5000166120000813],[7.000102749999996,0.5004161919999888],[7.500103632999981,0.5000008829999842],[8.000322240999935,0.5002186079999547],[8.500371273999917,0.500049032999982],[8.999694568999985,0.49932329500006745],[9.49973468199994,0.5000401129999545],[9.999984384999948,0.5002497030000086]],"bpm":[[0,175],[0.4998834169999782,175],[1.0001192269999137,174],[1.5003095559999338,174],[1.9996903609999208,174],[2.499712918,174],[2.999181465999982,174],[3.499820255999907,174],[4.000146169000004,174],[4.500027845999966,174],[5.000458159999994,174],[5.501594294999904,174],[5.999669945999926,174],[6.499686558000008,174],[7.000102749999996,174],[7.500103632999981,174],[8.000322240999935,174],[8.500371273999917,174],[8.999694568999985,174],[9.49973468199994,174],[9.999984384999948,174]],"kcal":[[0,0.13765234178223],[0.4998834169999782,0.13755292918339204],[1.0001192269999137,0.1367587823923204],[1.5003095559999338,0.13674634840409705],[1.9996903609999208,0.13652503374739167],[2.499712918,0.13670048144700853],[2.999181465999982,0.13654902168588556],[3.499820255999907,0.1368689525421285],[4.000146169000004,0.1367834155280249],[4.500027845999966,0.13666196645688924],[5.000458159999994,0.1368119575742871],[5.501594294999904,0.13700492100993353],[5.999669945999926,0.13616821948439495],[6.499686558000008,0.13669885615160826],[7.000102749999996,0.13680809678005437],[7.500103632999981,0.13669455602183242],[8.000322240999935,0.13675407956112545],[8.500371273999917,0.13670771968432968],[8.999694568999985,0.1365093111673461],[9.49973468199994,0.13670528105774934],[9.999984384999948,0.1367625805805664]],"reps":[],"score":[[0,0.6194302947418758],[0.4998834169999782,0.6189829418338035],[1.0001192269999137,0.6129941159945692],[1.5003095559999338,0.6129383831086374],[1.9996903609999208,0.6119463840576764],[2.499712918,0.6127327935711905],[2.999181465999982,0.6120539052339721],[3.499820255999907,0.6134879318388553],[4.000146169000004,0.6131045291393867],[4.500027845999966,0.6125601577674218],[5.000458159999994,0.6132324632004476],[5.501594294999904,0.614097383526471],[5.999669945999926,0.6103470348978363],[6.499686558000008,0.6127255085069356],[7.000102749999996,0.6132151579560873],[7.500103632999981,0.6127062340281454],[8.000322240999935,0.6129730364865436],[8.500371273999917,0.6127652375342794],[8.999694568999985,0.611875910711193],[9.49973468199994,0.6127543068743342],[9.999984384999948,0.6130111406200119]],"motion":[]},"serverReceivedTimestamp":"2020-02-27T05:44:56.526Z"}