{"timestamp":"2020-02-27T05:44:56.469Z","videoElapsedSeconds":886.927388052,"metrics":{"time":[[0,0],[0.5000794700000597,0.5000794700000597],[1.0000710389999767,0.49999156899991704],[1.4994088440000723,0.4993378050000956],[1.9987843900000826,0.4993755460000102],[2.500572430000034,0.5017880399999513],[2.999686847000021,0.49911441699998704],[3.5004955860000564,0.5008087390000355],[3.999938934000056,0.4994433479999998],[4.499457586000062,0.4995186520000061],[4.999540690999993,0.5000831049999306],[5.499513132000061,0.4999724410000681],[5.999497819999988,0.4999846879999268],[6.499898120000012,0.5004003000000239],[6.999891681999998,0.499993561999986],[7.500271147000035,0.5003794650000373],[8.000169964000065,0.49989881700003025],[8.072611947999917,0.0724419839998518]],"bpm":[[0,174],[0.5000794700000597,174],[1.0000710389999767,174],[1.4994088440000723,174],[1.9987843900000826,174],[2.500572430000034,174],[2.999686847000021,174],[3.5004955860000564,174],[3.999938934000056,174],[4.499457586000062,174],[4.999540690999993,174],[5.499513132000061,174],[5.999497819999988,174],[6.499898120000012,174],[6.999891681999998,174],[7.500271147000035,174],[8.000169964000065,174],[8.072611947999917,174]],"kcal":[[0,0.13673867875948134],[0.5000794700000597,0.13671604081405908],[1.0000710389999767,0.1366920096801213],[1.4994088440000723,0.13651327803636407],[1.9987843900000826,0.13652359599659686],[2.500572430000034,0.1371831444242889],[2.999686847000021,0.13645220629722588],[3.5004955860000564,0.1369154146663092],[3.999938934000056,0.1365421322924337],[4.499457586000062,0.13656271954977164],[4.999540690999993,0.13671703458169104],[5.499513132000061,0.13668678030246248],[5.999497819999988,0.13669012849296616],[6.499898120000012,0.13680375208796813],[6.999891681999998,0.1366925545436782],[7.500271147000035,0.1367980560358816],[8.000169964000065,0.13666665233801303],[8.072611947999917,0.019804814705098713]],"reps":[],"score":[[0,0.61290400544792],[0.5000794700000597,0.6128025353477968],[1.0000710389999767,0.6126948205564917],[1.4994088440000723,0.6118936914147383],[1.9987843900000826,0.6119399396249162],[2.500572430000034,0.6148962346307381],[2.999686847000021,0.6116199494576193],[3.5004955860000564,0.6136961890947417],[3.999938934000056,0.612023024894334],[4.499457586000062,0.6121153031918728],[4.999540690999993,0.6128069897140936],[5.499513132000061,0.6126713809083824],[5.999497819999988,0.612686388508202],[6.499898120000012,0.6131956837355794],[6.999891681999998,0.6126972627993121],[7.500271147000035,0.6131701523119124],[8.000169964000065,0.6125811613001155],[8.072611947999917,0.0887711536342982]],"motion":[]},"serverReceivedTimestamp":"2020-02-27T05:45:05.070Z"}