{"timestamp":"2020-02-27T05:45:04.974Z","videoElapsedSeconds":895.427098923,"metrics":{"time":[[0,0],[0.5000137209999593,0.5000137209999593],[1.0000636889999441,0.5000499679999848],[1.4989821230000189,0.49891843400007474],[2.0003825349999715,0.5014004119999527],[2.500389299999938,0.5000067649999664],[2.9997785150000027,0.4993892150000647],[3.499783416000014,0.5000049010000112],[3.9998857329999282,0.5001023169999144],[4.499812840999994,0.49992710800006535],[5.000208918999988,0.5003960779999943],[5.500150289999965,0.49994137099997715],[5.99962554800004,0.499475258000075],[6.499783997000009,0.5001584489999686],[6.99883206100003,0.49904806400002144],[7.49881041499998,0.49997835399994983],[7.999291292999942,0.5004808779999621],[8.500326001999952,0.5010347090000096],[8.999462682999933,0.49913668099998176],[9.499523280999938,0.5000605980000046],[9.999823558000003,0.5003002770000649]],"bpm":[[0,174],[0.5000137209999593,174],[1.0000636889999441,174],[1.4989821230000189,174],[2.0003825349999715,174],[2.500389299999938,174],[2.9997785150000027,173],[3.499783416000014,173],[3.9998857329999282,172],[4.499812840999994,172],[5.000208918999988,170],[5.500150289999965,170],[5.99962554800004,169],[6.499783997000009,169],[6.99883206100003,169],[7.49881041499998,169],[7.999291292999942,169],[8.500326001999952,169],[8.999462682999933,169],[9.499523280999938,169],[9.999823558000003,169]],"kcal":[[0,0.11676398910861016],[0.5000137209999593,0.13669806578504776],[1.0000636889999441,0.13670797530269874],[1.4989821230000189,0.1363986267735256],[2.0003825349999715,0.13707717133671452],[2.500389299999938,0.13669616409374472],[2.9997785150000027,0.13563772628171522],[3.499783416000014,0.13580495105675608],[3.9998857329999282,0.1349405329711765],[4.499812840999994,0.13489325705379465],[5.000208918999988,0.13323699672450712],[5.500150289999965,0.13311592504202305],[5.99962554800004,0.13210205642281586],[6.499783997000009,0.13228274792769018],[6.99883206100003,0.13198907143508193],[7.49881041499998,0.13223511609914032],[7.999291292999942,0.13236802449197893],[8.500326001999952,0.13251450264649237],[8.999462682999933,0.13201250900829753],[9.499523280999938,0.13225686813062065],[9.999823558000003,0.13232025883573006]],"reps":[],"score":[[0,0.5233714210638606],[0.5000137209999593,0.6127219658455973],[1.0000636889999441,0.612766383292917],[1.4989821230000189,0.6113797898701215],[2.0003825349999715,0.6144212312854279],[2.500389299999938,0.6127134418915315],[2.9997785150000027,0.6055423855840303],[3.499783416000014,0.6062889454975803],[3.9998857329999282,0.5999836053580606],[4.499812840999994,0.5997734033177038],[5.000208918999988,0.5874815635597336],[5.500150289999965,0.5869477224864795],[5.99962554800004,0.5799850810553319],[6.499783997000009,0.5807783948003133],[6.99883206100003,0.5794890281622628],[7.49881041499998,0.5805692705013404],[7.999291292999942,0.5811527957475086],[8.500326001999952,0.5817958981080531],[8.999462682999933,0.5795919292310978],[9.499523280999938,0.5806647713139914],[9.999823558000003,0.5809430838871383]],"motion":[]},"serverReceivedTimestamp":"2020-02-27T05:45:15.510Z"}