{"timestamp":"2020-02-27T05:45:15.464Z","videoElapsedSeconds":905.926242895,"metrics":{"time":[[0,0],[0.5009273980000444,0.5009273980000444],[1.0011679880000202,0.5002405899999758],[1.500902371000052,0.4997343830000318],[2.0004249890000665,0.4995226180000145],[2.49997673200005,0.4995517429999836],[3.000632865000057,0.5006561330000068],[3.5009019350000017,0.5002690699999448],[4.000311834000058,0.4994098990000566],[4.501045893000082,0.500734059000024],[5.001105161000055,0.5000592679999727],[5.500981804000048,0.49987664299999324],[6.000978358999987,0.4999965549999388],[6.5008278779999955,0.4998495190000085],[7.0008657270000185,0.500037849000023],[7.500881026999991,0.5000152999999727],[8.000774362000016,0.4998933350000243],[8.50108143600005,0.5003070740000339],[9.001249763000033,0.500168326999983],[9.50076858500006,0.4995188220000273]],"bpm":[[0,169],[0.5009273980000444,169],[1.0011679880000202,169],[1.500902371000052,169],[2.0004249890000665,169],[2.49997673200005,169],[3.000632865000057,169],[3.5009019350000017,169],[4.000311834000058,169],[4.501045893000082,170],[5.001105161000055,170],[5.500981804000048,170],[6.000978358999987,170],[6.5008278779999955,171],[7.0008657270000185,171],[7.500881026999991,172],[8.000774362000016,172],[8.50108143600005,173],[9.001249763000033,173],[9.50076858500006,173]],"kcal":[[0,0.13206110302119456],[0.5009273980000444,0.13248612085270953],[1.0011679880000202,0.13230447271754467],[1.500902371000052,0.1321705902386888],[2.0004249890000665,0.132114582275266],[2.49997673200005,0.13212228530425013],[3.000632865000057,0.13241437622919408],[3.5009019350000017,0.1323120051558438],[4.000311834000058,0.1320847701645481],[4.501045893000082,0.1333269885837037],[5.001105161000055,0.1331473166593695],[5.500981804000048,0.13309869036593144],[6.000978358999987,0.13313061850335373],[6.5008278779999955,0.13398189489112763],[7.0008657270000185,0.13403237570446772],[7.500881026999991,0.13491705353516809],[8.000774362000016,0.13488414422533798],[8.50108143600005,0.1358870234312402],[9.001249763000033,0.13584933874152316],[9.50076858500006,0.1356729284812363]],"reps":[],"score":[[0,0.579805277934911],[0.5009273980000444,0.581671289775576],[1.0011679880000202,0.5808737760104614],[1.500902371000052,0.580285974105981],[2.0004249890000665,0.5800400749573595],[2.49997673200005,0.5800738945814495],[3.000632865000057,0.5813562998926652],[3.5009019350000017,0.5809068466677682],[4.000311834000058,0.5799091869158001],[4.501045893000082,0.587878364444234],[5.001105161000055,0.5870861374680142],[5.500981804000048,0.5868717296713707],[6.000978358999987,0.5870125103295628],[6.5008278779999955,0.5932601016537208],[7.0008657270000185,0.5934836262760442],[7.500881026999991,0.5998792091743644],[8.000774362000016,0.5997328851164486],[8.50108143600005,0.6066553502051647],[9.001249763000033,0.6064871103095485],[9.50076858500006,0.6056995426262498]],"motion":[]},"serverReceivedTimestamp":"2020-02-27T05:45:25.533Z"}