{"timestamp":"2020-02-27T05:45:25.469Z","videoElapsedSeconds":915.927827981,"metrics":{"time":[[0,0],[0.4998207440000897,0.4998207440000897],[0.9994153890000916,0.49959464500000195],[1.4997384230000534,0.5003230339999618],[1.9994081030000643,0.4996696800000109],[2.498982536000085,0.4995744330000207],[2.9990446660000316,0.5000621299999466],[3.500400586000069,0.5013559200000373],[3.9992057310000746,0.4988051450000057],[4.49954707400002,0.5003413429999455],[4.999485961000005,0.4999388869999848],[5.499832501000014,0.5003465400000096],[5.999966177000033,0.5001336760000186],[6.499140005000072,0.49917382800003907],[6.999223291000021,0.5000832859999491],[7.499517640000022,0.5002943490000007],[7.999532174000024,0.5000145340000017],[8.500005226000098,0.5004730520000749],[8.999826619000032,0.4998213929999338],[9.499098572000094,0.49927195300006133],[9.999207404000003,0.5001088319999099]],"bpm":[[0,173],[0.4998207440000897,173],[0.9994153890000916,173],[1.4997384230000534,173],[1.9994081030000643,173],[2.498982536000085,173],[2.9990446660000316,173],[3.500400586000069,173],[3.9992057310000746,173],[4.49954707400002,173],[4.999485961000005,173],[5.499832501000014,175],[5.999966177000033,175],[6.499140005000072,177],[6.999223291000021,177],[7.499517640000022,178],[7.999532174000024,178],[8.500005226000098,179],[8.999826619000032,179],[9.499098572000094,179],[9.999207404000003,179]],"kcal":[[0,0.136025387492568],[0.4998207440000897,0.135754932682314],[0.9994153890000916,0.13569352255697426],[1.4997384230000534,0.13589135828276813],[1.9994081030000643,0.13571390260621652],[2.498982536000085,0.13568803283144812],[2.9990446660000316,0.13582049486746617],[3.500400586000069,0.13617189759829665],[3.9992057310000746,0.13547908864113792],[4.49954707400002,0.13589633113971752],[4.999485961000005,0.13578702117641947],[5.499832501000014,0.13768036674795225],[5.999966177000033,0.13762179295710286],[6.499140005000072,0.13913611751693145],[6.999223291000021,0.13938961328945457],[7.499517640000022,0.14033966253010827],[7.999532174000024,0.1402611704528957],[8.500005226000098,0.1412813286567086],[8.999826619000032,0.14109736820368696],[9.499098572000094,0.14094226372225904],[9.999207404000003,0.14117851096184764]],"reps":[],"score":[[0,0.6072730640674682],[0.4998207440000897,0.6060656429798148],[0.9994153890000916,0.6057914830184483],[1.4997384230000534,0.6066747027585238],[1.9994081030000643,0.6058824679086761],[2.498982536000085,0.6057669746343693],[2.9990446660000316,0.6063583394374263],[3.500400586000069,0.6079271452096927],[3.9992057310000746,0.6048341621571712],[4.49954707400002,0.6066969036294972],[4.999485961000005,0.6062088991652663],[5.499832501000014,0.6195564060201346],[5.999966177000033,0.6192928261924306],[6.499140005000072,0.6309273653476446],[6.999223291000021,0.632076868602005],[7.499517640000022,0.6387695702313481],[7.999532174000024,0.6384123059375361],[8.500005226000098,0.6454259612881513],[8.999826619000032,0.6445855611209149],[9.499098572000094,0.6438769858266596],[9.999207404000003,0.6449562515949172]],"motion":[]},"serverReceivedTimestamp":"2020-02-27T05:45:36.072Z"}