{"timestamp":"2020-01-28T18:17:51.124Z","videoElapsedSeconds":1001.463685342,"metrics":{"time":[[0,0],[0.49984088300004714,0.49984088300004714],[0.9998027120000188,0.49996182899997166],[1.4998928030000798,0.500090091000061],[1.9998794790000147,0.49998667599993496],[2.499020893000079,0.4991414140000643],[2.999952764999989,0.5009318719999101],[3.5001229020000437,0.5001701370000546],[4.000012425000023,0.4998895229999789],[4.499979599000085,0.4999671740000622],[4.99945651500002,0.49947691599993504],[5.500119039000083,0.5006625240000631],[5.999975223000092,0.4998561840000093],[6.500109017,0.5001337939999075],[7.00007296800004,0.49996395100004065],[7.500313477000077,0.5002405090000366],[8.000097821000054,0.49978434399997695],[8.500197700000058,0.500099879000004],[9.000058110000055,0.4998604099999966],[9.500211871000033,0.5001537609999787],[9.999867946999984,0.4996560759999511]],"bpm":[[0,148],[0.49984088300004714,148],[0.9998027120000188,148],[1.4998928030000798,148],[1.9998794790000147,148],[2.499020893000079,149],[2.999952764999989,149],[3.5001229020000437,149],[4.000012425000023,149],[4.499979599000085,149],[4.99945651500002,149],[5.500119039000083,149],[5.999975223000092,149],[6.500109017,149],[7.00007296800004,149],[7.500313477000077,148],[8.000097821000054,148],[8.500197700000058,148],[9.000058110000055,148],[9.500211871000033,148],[9.999867946999984,148]],"kcal":[[0,0.14446655999013],[0.49984088300004714,0.14414121218629733],[0.9998027120000188,0.14417608989164543],[1.4998928030000798,0.14421307734265054],[1.9998794790000147,0.14418325512525418],[2.499020893000079,0.14519391828296757],[2.999952764999989,0.1457147398482137],[3.5001229020000437,0.1454931607801978],[4.000012425000023,0.14541153372010365],[4.499979599000085,0.14543412141297876],[4.99945651500002,0.14529151156732886],[5.500119039000083,0.1456363899249604],[5.999975223000092,0.14540183582707888],[6.500109017,0.14548258906155154],[7.00007296800004,0.1454331838830752],[7.500313477000077,0.14425645401228385],[8.000097821000054,0.1441249077976747],[8.500197700000058,0.1442158999492532],[9.000058110000055,0.1441468432691855],[9.500211871000033,0.14423143812761263],[9.999867946999984,0.1440879186164427]],"reps":[],"score":[[0,0.5064349293769391],[0.49984088300004714,0.505294405977834],[0.9998027120000188,0.5054166715612742],[1.4998928030000798,0.5055463329662311],[1.9998794790000147,0.5054417896548793],[2.499020893000079,0.511639538887507],[2.999952764999989,0.5134748286065013],[3.5001229020000437,0.5126940203362412],[4.000012425000023,0.5124063799730554],[4.499979599000085,0.5124859752956682],[4.99945651500002,0.511983441604643],[5.500119039000083,0.5131987363357005],[5.999975223000092,0.5123722061896485],[6.500109017,0.5126567673347561],[7.00007296800004,0.5124826715941547],[7.500313477000077,0.5056983921045111],[8.000097821000054,0.5052372501079829],[8.500197700000058,0.5055562277583242],[9.000058110000055,0.505314146027469],[9.500211871000033,0.5056106976388324],[9.999867946999984,0.5051075826376271]],"motion":[]},"serverReceivedTimestamp":"2020-01-28T18:18:01.669Z"}