{"timestamp":"2020-01-28T18:18:01.623Z","videoElapsedSeconds":1011.963894138,"metrics":{"time":[[0,0],[0.4997463429999698,0.4997463429999698],[0.9997436490000382,0.4999973060000684],[1.4997418169999719,0.4999981679999337],[1.9997289110000338,0.4999870940000619],[2.4996702150000374,0.4999413040000036],[2.9999472079999805,0.5002769929999431],[3.499955602,0.5000083940000195],[3.999362526000027,0.4994069240000272],[4.4994060799999716,0.5000435539999444],[4.999690440999984,0.5002843610000127],[5.499953303999973,0.500262862999989],[6.000202263999995,0.5002489600000217],[6.500032476999991,0.49983021299999564],[7.000084483000023,0.5000520060000326],[7.500033056999996,0.4999485739999727],[8.000055477000046,0.5000224200000503],[8.036105861999886,0.03605038499983948]],"bpm":[[0,148],[0.4997463429999698,148],[0.9997436490000382,148],[1.4997418169999719,148],[1.9997289110000338,149],[2.4996702150000374,149],[2.9999472079999805,149],[3.499955602,149],[3.999362526000027,149],[4.4994060799999716,149],[4.999690440999984,149],[5.499953303999973,149],[6.000202263999995,149],[6.500032476999991,149],[7.000084483000023,149],[7.500033056999996,150],[8.000055477000046,150],[8.036105861999886,150]],"kcal":[[0,0.1442853894789997],[0.4997463429999698,0.1441139492898943],[0.9997436490000382,0.14418632054298386],[1.4997418169999719,0.14418656912150096],[1.9997289110000338,0.1454399158887947],[2.4996702150000374,0.14542659615747172],[2.9999472079999805,0.14552424383778567],[3.499955602,0.14544611178912784],[3.999362526000027,0.1452711517806431],[4.4994060799999716,0.14545633938798608],[4.999690440999984,0.14552638709572824],[5.499953303999973,0.14552013359968252],[6.000202263999995,0.14551608939300179],[6.500032476999991,0.14539428119196354],[7.000084483000023,0.14545879796781078],[7.500033056999996,0.14668515432515847],[8.000055477000046,0.14670682077743175],[8.036105861999886,0.010577200460588014]],"reps":[],"score":[[0,0.50579982686591],[0.4997463429999698,0.5051988344973791],[0.9997436490000382,0.5054525356338211],[1.4997418169999719,0.5054534070385515],[1.9997289110000338,0.5125063940774576],[2.4996702150000374,0.512459457530302],[2.9999472079999805,0.5128035519298475],[3.499955602,0.5125282274133638],[3.999362526000027,0.5119116970577987],[4.4994060799999716,0.5125642677931926],[4.999690440999984,0.5128111044190868],[5.499953303999973,0.512789068125342],[6.000202263999995,0.5127748170047319],[6.500032476999991,0.5123455848953645],[7.000084483000023,0.5125729314249943],[7.500033056999996,0.5195305471888255],[8.000055477000046,0.5196072855871793],[8.036105861999886,0.03746240557400901]],"motion":[]},"serverReceivedTimestamp":"2020-01-28T18:18:10.179Z"}