{"timestamp":"2020-01-28T18:18:20.128Z","videoElapsedSeconds":1030.463186591,"metrics":{"time":[[0,0],[0.49970557500000723,0.49970557500000723],[0.9997235829998772,0.50001800799987],[1.4997803149999527,0.5000567320000755],[1.999818323999989,0.5000380090000363],[2.4997337810000317,0.4999154570000428],[2.99986561899982,0.5001318379997883],[3.5000469519998205,0.5001813330000004],[3.999945979999893,0.4998990280000726],[4.500046103999921,0.5001001240000278],[4.999995269999999,0.49994916600007855],[5.500019049000002,0.5000237790000028],[5.999961030999884,0.49994198199988205],[6.500112477999892,0.5001514470000075],[6.999927702999912,0.4998152250000203],[7.500166822999972,0.5002391200000602],[8.000193898999896,0.5000270759999239],[8.500063046999912,0.49986914800001614],[9.00010379299988,0.5000407459999678],[9.499991869000041,0.49988807600016116],[10.000048173999858,0.5000563049998163]],"bpm":[[0,152],[0.49970557500000723,152],[0.9997235829998772,152],[1.4997803149999527,152],[1.999818323999989,152],[2.4997337810000317,152],[2.99986561899982,152],[3.5000469519998205,152],[3.999945979999893,153],[4.500046103999921,153],[4.999995269999999,153],[5.500019049000002,153],[5.999961030999884,153],[6.500112477999892,153],[6.999927702999912,153],[7.500166822999972,153],[8.000193898999896,153],[8.500063046999912,153],[9.00010379299988,151],[9.499991869000041,151],[10.000048173999858,151]],"kcal":[[0,0.1382272810886913],[0.49970557500000723,0.14912552375046673],[0.9997235829998772,0.1492187621233655],[1.4997803149999527,0.14923031840190487],[1.999818323999989,0.14922473095736408],[2.4997337810000317,0.14918815815910044],[2.99986561899982,0.14925273204326556],[3.5000469519998205,0.14926750267661232],[3.999945979999893,0.15043957420603982],[4.500046103999921,0.1505000920204649],[4.999995269999999,0.15045466273182195],[5.500019049000002,0.1504771167621563],[5.999961030999884,0.1504525007793673],[6.500112477999892,0.15051553716004604],[6.999927702999912,0.15041435453778906],[7.500166822999972,0.1505419214657929],[8.000193898999896,0.1504781089610535],[8.500063046999912,0.15043058212117072],[9.00010379299988,0.14796887269306713],[9.499991869000041,0.14792369555911128],[10.000048173999858,0.14797347681320383]],"reps":[],"score":[[0,0.4944171468613032],[0.49970557500000723,0.5333984391228491],[0.9997235829998772,0.5337319380526084],[1.4997803149999527,0.5337732730352455],[1.999818323999989,0.5337532876288457],[2.4997337810000317,0.5336224725073455],[2.99986561899982,0.533853443089413],[3.5000469519998205,0.533906275311382],[3.999945979999893,0.5406678733762168],[4.500046103999921,0.540885369591553],[4.999995269999999,0.5407221003387036],[5.500019049000002,0.5408027983391711],[5.999961030999884,0.5407143304534047],[6.500112477999892,0.540940878195691],[6.999927702999912,0.5405772358928792],[7.500166822999972,0.5410357012936288],[8.000193898999896,0.5408063642231518],[8.500063046999912,0.5406355565378511],[9.00010379299988,0.5266912692757905],[9.499991869000041,0.5265304624683017],[10.000048173999858,0.5267076575190375]],"motion":[]},"serverReceivedTimestamp":"2020-01-28T18:18:30.677Z"}