{"timestamp":"2020-01-28T18:18:30.622Z","videoElapsedSeconds":1040.963133447,"metrics":{"time":[[0,0],[0.49989343600009306,0.49989343600009306],[1.000859051999896,0.500965615999803],[1.5008673120000822,0.5000082600001861],[2.0008772599999247,0.5000099479998426],[2.50078061399995,0.4999033540000255],[3.0008098220000647,0.5000292080001145],[3.500961038000014,0.5001512159999493],[4.000918434999903,0.49995739699988917],[4.501054092999993,0.5001356580000902],[5.001147424999999,0.5000933320000058],[5.50107345299989,0.4999260279998907],[6.001080466000076,0.5000070130001859],[6.501089935999971,0.5000094699998954],[7.0011179359999005,0.5000279999999293],[7.500446624000006,0.4993286880001051],[8.00044257500008,0.49999595100007355],[8.500510737000013,0.5000681619999341],[9.00079107800002,0.500280341000007],[9.500892398999895,0.5001013209998746],[10.000235232000023,0.49934283300012794]],"bpm":[[0,151],[0.49989343600009306,151],[1.000859051999896,151],[1.5008673120000822,151],[2.0008772599999247,151],[2.50078061399995,151],[3.0008098220000647,151],[3.500961038000014,148],[4.000918434999903,148],[4.501054092999993,148],[5.001147424999999,148],[5.50107345299989,148],[6.001080466000076,148],[6.501089935999971,148],[7.0011179359999005,148],[7.500446624000006,148],[8.00044257500008,148],[8.500510737000013,147],[9.00079107800002,147],[9.500892398999895,147],[10.000235232000023,147]],"kcal":[[0,0.14792683401905946],[0.49989343600009306,0.14792528165615215],[1.000859051999896,0.1482425543327295],[1.5008673120000822,0.14795925964292178],[2.0008772599999247,0.14795975914502893],[2.50078061399995,0.14792821652752236],[3.0008098220000647,0.14796545844163847],[3.500961038000014,0.1442307042152783],[4.000918434999903,0.14417481181719005],[4.501054092999993,0.14422621768959548],[5.001147424999999,0.1442140119634001],[5.50107345299989,0.1441657658070724],[6.001080466000076,0.14418911979132712],[6.501089935999971,0.14418982832664007],[7.0011179359999005,0.14419517190048037],[7.500446624000006,0.14399350836558486],[8.00044257500008,0.14418592979595132],[8.500510737000013,0.14295000962614052],[9.00079107800002,0.14301066333778972],[9.500892398999895,0.14295948849266493],[10.000235232000023,0.14274266631700097]],"reps":[],"score":[[0,0.5265416337330658],[0.49989343600009306,0.5265361081385597],[1.000859051999896,0.5276654317975948],[1.5008673120000822,0.526657051879317],[2.0008772599999247,0.5266588298437903],[2.50078061399995,0.5265465547351919],[3.0008098220000647,0.5266791163385823],[3.500961038000014,0.5056081248715342],[4.000918434999903,0.5054121912057749],[4.501054092999993,0.5055923971258368],[5.001147424999999,0.5055496093271644],[5.50107345299989,0.5053804799537356],[6.001080466000076,0.5054623485423386],[6.501089935999971,0.5054648323491877],[7.0011179359999005,0.5054835645211215],[7.500446624000006,0.5047766226650984],[8.00044257500008,0.5054511658500743],[8.500510737000013,0.49845883745974595],[9.00079107800002,0.4986703336231624],[9.500892398999895,0.4984918897470493],[10.000235232000023,0.49773584272124216]],"motion":[]},"serverReceivedTimestamp":"2020-01-28T18:18:41.178Z"}