{"timestamp":"2020-01-28T18:18:41.124Z","videoElapsedSeconds":1051.464355928,"metrics":{"time":[[0,0],[0.4998352689999592,0.4998352689999592],[0.9988050449999264,0.49896977599996717],[1.4997705949999727,0.5009655500000463],[1.999813746999962,0.5000431519999893],[2.4988465110000107,0.4990327640000487],[3.0000043699999424,0.5011578589999317],[3.4999448690000463,0.49994049900010396],[3.99997528699987,0.5000304179998238],[4.499934755999902,0.4999594690000322],[4.999106336000068,0.4991715800001657],[5.499180839000019,0.5000745029999507],[5.999976118999939,0.5007952799999202],[6.499974115999976,0.4999979970000368],[6.999983466999993,0.500009351000017],[7.500047042999995,0.5000635760000023],[7.9997722829998565,0.4997252399998615],[8.500001526000005,0.5002292430001489],[9.000018416999865,0.5000168909998592],[9.499963596000043,0.49994517900017854],[10.000073669999892,0.5001100739998492]],"bpm":[[0,147],[0.4998352689999592,147],[0.9988050449999264,147],[1.4997705949999727,147],[1.999813746999962,147],[2.4988465110000107,147],[3.0000043699999424,146],[3.4999448690000463,146],[3.99997528699987,146],[4.499934755999902,146],[4.999106336000068,146],[5.499180839000019,146],[5.999976118999939,146],[6.499974115999976,146],[6.999983466999993,146],[7.500047042999995,146],[7.9997722829998565,147],[8.500001526000005,147],[9.000018416999865,147],[9.499963596000043,147],[10.000073669999892,147]],"kcal":[[0,0.14321274080058666],[0.4998352689999592,0.1428834345887394],[0.9988050449999264,0.14263602385140028],[1.4997705949999727,0.1432065379016888],[1.999813746999962,0.14294286024130756],[2.4988465110000107,0.1426540296672114],[3.0000043699999424,0.14200202902856474],[3.4999448690000463,0.14165709262393825],[3.99997528699987,0.14168257098405798],[4.499934755999902,0.14166246773366087],[4.999106336000068,0.14143922103679457],[5.499180839000019,0.14169506237645127],[5.999976118999939,0.1418992930287991],[6.499974115999976,0.1416733845617158],[6.999983466999993,0.14167660169381463],[7.500047042999995,0.14169196623391656],[7.9997722829998565,0.14285198158329268],[8.500001526000005,0.14299605640992138],[9.000018416999865,0.14293535324424866],[9.499963596000043,0.142914853576756],[10.000073669999892,0.1429619906344242]],"reps":[],"score":[[0,0.49937496664449627],[0.4998352689999592,0.49822669395843666],[0.9988050449999264,0.4973639862969846],[1.4997705949999727,0.4993533374764983],[1.999813746999962,0.4984339079472421],[2.4988465110000107,0.4974267715884316],[3.0000043699999424,0.49246430430299415],[3.4999448690000463,0.49126806177255117],[3.99997528699987,0.4913564209528882],[4.499934755999902,0.4912867027010521],[4.999106336000068,0.4905124811634282],[5.499180839000019,0.49139974121321695],[5.999976118999939,0.4921080149386972],[6.499974115999976,0.4913245623581995],[6.999983466999993,0.49133571940103715],[7.500047042999995,0.4913890037632676],[7.9997722829998565,0.49811701905480704],[8.500001526000005,0.49861940006741695],[9.000018416999865,0.4984077314605348],[9.499963596000043,0.4983362502451545],[10.000073669999892,0.4985006145780287]],"motion":[]},"serverReceivedTimestamp":"2020-01-28T18:18:51.666Z"}