{"timestamp":"2020-01-28T18:18:51.624Z","videoElapsedSeconds":1061.965041134,"metrics":{"time":[[0,0],[0.4992020119998415,0.4992020119998415],[0.9992162519999965,0.500014240000155],[1.4992033730000003,0.49998712100000375],[1.9990903619998335,0.4998869889998332],[2.4992299639998237,0.5001396019999902],[2.9993942149999384,0.5001642510001147],[3.4993973579998965,0.5000031429999581],[3.9994788819999485,0.500081524000052],[4.4988634549999915,0.499384573000043],[4.999241269999857,0.5003778149998652],[5.4995172999999795,0.5002760300001228],[5.999446573999876,0.4999292739998964],[6.498551524999812,0.4991049509999357],[6.999446282000008,0.5008947570001965],[7.49948270699997,0.500036424999962],[7.999497152999993,0.5000144460000229],[8.03495886599967,0.03546171299967682]],"bpm":[[0,147],[0.4992020119998415,147],[0.9992162519999965,147],[1.4992033730000003,147],[1.9990903619998335,147],[2.4992299639998237,154],[2.9993942149999384,154],[3.4993973579998965,154],[3.9994788819999485,154],[4.4988634549999915,154],[4.999241269999857,154],[5.4995172999999795,154],[5.999446573999876,154],[6.498551524999812,154],[6.999446282000008,154],[7.49948270699997,155],[7.999497152999993,155],[8.03495886599967,155]],"kcal":[[0,0.14310533908813808],[0.4992020119998415,0.14270241107806314],[0.9992162519999965,0.14293459542669093],[1.4992033730000003,0.14292684316084542],[1.9990903619998335,0.1428982193221851],[2.4992299639998237,0.15176889602452773],[2.9993942149999384,0.15177637583920753],[3.4993973579998965,0.15172748712248385],[3.9994788819999485,0.1517512720773364],[4.4988634549999915,0.15153978015901687],[4.999241269999857,0.1518411824898769],[5.4995172999999795,0.15181029551955705],[5.999446573999876,0.15170507134787817],[6.498551524999812,0.1514549280055566],[6.999446282000008,0.1519980501252036],[7.49948270699997,0.15299425084651405],[7.999497152999993,0.1529875260151579],[8.03495886599967,0.010850085999475048]],"reps":[],"score":[[0,0.49900046276815296],[0.4992020119998415,0.4975954749125579],[0.9992162519999965,0.4984050889923053],[1.4992033730000003,0.4983780572668013],[1.9990903619998335,0.49827824751247113],[2.4992299639998237,0.5479944037926109],[2.9993942149999384,0.548021411280267],[3.4993973579998965,0.5478448880012884],[3.9994788819999485,0.5479307687218781],[4.4988634549999915,0.5471671314370173],[4.999241269999857,0.5482554097004018],[5.4995172999999795,0.5481438856178739],[5.999446573999876,0.5477639510019273],[6.498551524999812,0.5468607543962404],[6.999446282000008,0.5488218142045324],[7.49948270699997,0.5549462333653427],[7.999497152999993,0.5549218408158811],[8.03495886599967,0.03935582104414684]],"motion":[]},"serverReceivedTimestamp":"2020-01-28T18:19:00.173Z"}