{"timestamp":"2020-01-28T18:19:10.126Z","videoElapsedSeconds":1080.463744501,"metrics":{"time":[[0,0],[0.5007276439998805,0.5007276439998805],[1.0007954019999943,0.5000677580001138],[1.5007427049999933,0.499947302999999],[2.000155317000008,0.49941261200001463],[2.500034639999967,0.4998793229999592],[3.000349943999936,0.5003153039999688],[3.501087724999934,0.500737780999998],[4.0008902739998575,0.4998025489999236],[4.500187959999948,0.49929768600009083],[5.000998135999907,0.500810175999959],[5.500063006999881,0.4990648709999732],[5.999994282999978,0.49993127600009757],[6.500049272999831,0.5000549899998532],[7.000017624999828,0.49996835199999623],[7.500935442999889,0.5009178180000617],[8.000128494999899,0.49919305200000963],[8.500056189999896,0.4999276949999967],[9.000190999999859,0.5001348099999632],[9.500190415999896,0.49999941600003694],[10.000306967999904,0.5001165520000086]],"bpm":[[0,157],[0.5007276439998805,157],[1.0007954019999943,157],[1.5007427049999933,157],[2.000155317000008,157],[2.500034639999967,157],[3.000349943999936,156],[3.501087724999934,156],[4.0008902739998575,156],[4.500187959999948,156],[5.000998135999907,156],[5.500063006999881,156],[5.999994282999978,156],[6.500049272999831,156],[7.000017624999828,156],[7.500935442999889,156],[8.000128494999899,156],[8.500056189999896,156],[9.000190999999859,156],[9.500190415999896,156],[10.000306967999904,156]],"kcal":[[0,0.14422106297270912],[0.5007276439998805,0.15572254317132603],[1.0007954019999943,0.1555173235727715],[1.5007427049999933,0.15547986297082483],[2.000155317000008,0.1553135780785763],[2.500034639999967,0.15545872170047983],[3.000349943999936,0.1543369434602819],[3.501087724999934,0.15446726889375453],[4.0008902739998575,0.15417876912737968],[4.500187959999948,0.1540230293136314],[5.000998135999907,0.15448960125681932],[5.500063006999881,0.15395121069200907],[5.999994282999978,0.15421847874966954],[6.500049272999831,0.15425664196481184],[7.000017624999828,0.15422991593029212],[7.500935442999889,0.15452280659183698],[8.000128494999899,0.15399075188452732],[8.500056189999896,0.15421737408505967],[9.000190999999859,0.15428126478715104],[9.500190415999896,0.15423949853306204],[10.000306967999904,0.15427563257105817]],"reps":[],"score":[[0,0.5277732747255287],[0.5007276439998805,0.5698626460246677],[1.0007954019999943,0.5691116501761108],[1.5007427049999933,0.5689745640656976],[2.000155317000008,0.568366048774585],[2.500034639999967,0.5688971981300164],[3.000349943999936,0.5623245555710796],[3.501087724999934,0.5627993945164028],[4.0008902739998575,0.5617482495392392],[4.500187959999948,0.5611808136448432],[5.000998135999907,0.562880762177662],[5.500063006999881,0.5609191434732039],[5.999994282999978,0.561892931008273],[6.500049272999831,0.5620319781638853],[7.000017624999828,0.561934602220404],[7.500935442999889,0.5630017453644337],[8.000128494999899,0.5610632112706545],[8.500056189999896,0.5618889061777829],[9.000190999999859,0.5621216910823763],[9.500190415999896,0.5619695163033384],[10.000306967999904,0.5621011701796016]],"motion":[]},"serverReceivedTimestamp":"2020-01-28T18:19:20.676Z"}