{"timestamp":"2020-01-28T18:19:20.622Z","videoElapsedSeconds":1090.963843065,"metrics":{"time":[[0,0],[0.49989130500011925,0.49989130500011925],[0.9998324840000805,0.49994117899996127],[1.4998538410000037,0.5000213569999232],[2.000802130000011,0.5009482890000072],[2.499877758999901,0.4990756289998899],[2.999956011999984,0.5000782530000834],[3.500054382999906,0.5000983709999218],[4.000145959000065,0.500091576000159],[4.500121856000078,0.499975897000013],[5.00007157999994,0.4999497239998618],[5.500378891000082,0.5003073110001424],[6.0000748509999084,0.4996959599998263],[6.500965922999967,0.5008910720000586],[7.000105072999986,0.49913915000001907],[7.500139182000112,0.5000341090001257],[8.000178528000106,0.5000393459999941],[8.50009395799998,0.4999154299998736],[9.000082869999915,0.4999889119999352],[9.500151984000013,0.5000691140000981],[10.000792879000073,0.5006408950000605]],"bpm":[[0,156],[0.49989130500011925,156],[0.9998324840000805,156],[1.4998538410000037,156],[2.000802130000011,156],[2.499877758999901,156],[2.999956011999984,154],[3.500054382999906,154],[4.000145959000065,154],[4.500121856000078,154],[5.00007157999994,154],[5.500378891000082,154],[6.0000748509999084,154],[6.500965922999967,154],[7.000105072999986,154],[7.500139182000112,154],[8.000178528000106,152],[8.50009395799998,152],[9.000082869999915,152],[9.500151984000013,152],[10.000792879000073,152]],"kcal":[[0,0.15417539035300903],[0.49989130500011925,0.1542061485212828],[0.9998324840000805,0.15422153362070354],[1.4998538410000037,0.15424626687860704],[2.000802130000011,0.1545322062663186],[2.499877758999901,0.1539545293129099],[2.999956011999984,0.1517502794823646],[3.500054382999906,0.15175638435111224],[4.000145959000065,0.15175432238759576],[4.500121856000078,0.15171921924024412],[5.00007157999994,0.1517112769630825],[5.500378891000082,0.15181978783494363],[6.0000748509999084,0.15163427149904377],[6.500965922999967,0.1519969319006108],[7.000105072999986,0.1514653057970113],[7.500139182000112,0.15173688385019934],[8.000178528000106,0.14922512995395118],[8.50009395799998,0.149188150101527],[9.000082869999915,0.14921007909790734],[9.500151984000013,0.14923401352225338],[10.000792879000073,0.14940464828271197]],"reps":[],"score":[[0,0.5617359390207478],[0.49989130500011925,0.5618480059887526],[0.9998324840000805,0.56190406138936],[1.4998538410000037,0.5619941766783282],[2.000802130000011,0.5630359929506361],[2.499877758999901,0.5609312348233457],[2.999956011999984,0.5479271847431839],[3.500054382999906,0.5479492276913586],[4.000145959000065,0.5479417825263908],[4.500121856000078,0.5478150350253674],[5.00007157999994,0.54778635771696],[5.500378891000082,0.5481781596743318],[6.0000748509999084,0.5475083128443936],[6.500965922999967,0.548817776612937],[7.000105072999986,0.5468982256554369],[7.500139182000112,0.5478788169177986],[8.000178528000106,0.5337547147766029],[8.50009395799998,0.5336224436866782],[9.000082869999915,0.5337008802423171],[9.500151984000013,0.533786489896965],[10.000792879000073,0.5343968234776941]],"motion":[]},"serverReceivedTimestamp":"2020-01-28T18:19:31.174Z"}