{"timestamp":"2020-01-28T18:19:31.122Z","videoElapsedSeconds":1101.463981686,"metrics":{"time":[[0,0],[0.5008382670000628,0.5008382670000628],[1.0000541890001386,0.4992159220000758],[1.4998275740001645,0.4997733850000259],[1.999855534000062,0.5000279599998976],[2.499877602000197,0.5000220680001348],[2.9998994130000938,0.5000218109998968],[3.5001709790001314,0.5002715660000376],[4.000104235000208,0.49993325600007665],[4.501178224000114,0.5010739889999059],[5.000140813000144,0.49896258900002977],[5.500335918000019,0.5001951049998752],[6.000119003999998,0.49978308599997945],[6.5001381880001645,0.5000191840001662],[7.000502202000007,0.5003640139998424],[7.500576782000053,0.5000745800000459],[8.000213838000036,0.4996370559999832],[8.500216949000105,0.5000031110000691],[9.000171437000063,0.49995448799995756],[9.499980666000056,0.49980922899999314],[10.001005745000157,0.501025079000101]],"bpm":[[0,152],[0.5008382670000628,152],[1.0000541890001386,152],[1.4998275740001645,152],[1.999855534000062,152],[2.499877602000197,152],[2.9998994130000938,151],[3.5001709790001314,151],[4.000104235000208,151],[4.501178224000114,151],[5.000140813000144,151],[5.500335918000019,151],[6.000119003999998,151],[6.5001381880001645,151],[7.000502202000007,151],[7.500576782000053,151],[8.000213838000036,150],[8.500216949000105,150],[9.000171437000063,150],[9.499980666000056,150],[10.001005745000157,150]],"kcal":[[0,0.1490181399482872],[0.5008382670000628,0.1494635493723667],[1.0000541890001386,0.14897939818428557],[1.4998275740001645,0.1491457600701602],[1.999855534000062,0.1492217320666496],[2.499877602000197,0.14921997373615556],[2.9998994130000938,0.14796326956844705],[3.5001709790001314,0.14803717547734735],[4.000104235000208,0.14793706493692546],[4.501178224000114,0.14827462338066982],[5.000140813000144,0.1476498313406511],[5.500335918000019,0.14801454962517527],[6.000119003999998,0.1478926275869606],[6.5001381880001645,0.1479624922034187],[7.000502202000007,0.1480645321006291],[7.500576782000053,0.1479788846348745],[8.000213838000036,0.14659375479272668],[8.500216949000105,0.1467011555074632],[9.000171437000063,0.14668688949562514],[9.499980666000056,0.14664427043451564],[10.001005745000157,0.1470010014148146]],"reps":[],"score":[[0,0.5330143442272934],[0.5008382670000628,0.5346075033700043],[1.0000541890001386,0.5328757710580088],[1.4998275740001645,0.5334708212413934],[1.999855534000062,0.5337425610705343],[2.499877602000197,0.5337362718001439],[2.9998994130000938,0.5266713251026387],[3.5001709790001314,0.5269343912209189],[4.000104235000208,0.5265780504132677],[4.501178224000114,0.5277795807213296],[5.000140813000144,0.5255556500621194],[5.500335918000019,0.526853855101517],[6.000119003999998,0.5264198768472312],[6.5001381880001645,0.5266685580924829],[7.000502202000007,0.5270317663943397],[7.500576782000053,0.526726906516532],[8.000213838000036,0.5192068276596371],[8.500216949000105,0.5195872202927719],[9.000171437000063,0.5195366928282132],[9.499980666000056,0.5193857443273868],[10.001005745000157,0.5206492167097595]],"motion":[]},"serverReceivedTimestamp":"2020-01-28T18:19:41.677Z"}