{"timestamp":"2020-01-28T18:19:41.622Z","videoElapsedSeconds":1111.965077605,"metrics":{"time":[[0,0],[0.49992702700001246,0.49992702700001246],[0.9999010459998772,0.4999740189998647],[1.4998259609999423,0.4999249150000651],[1.9998604919999252,0.500034530999983],[2.4999276429998645,0.5000671509999393],[2.999729738000042,0.49980209500017736],[3.50006676299995,0.500337024999908],[3.9993611429999874,0.49929438000003756],[4.49921269299989,0.499851549999903],[4.999705468000002,0.5004927750001116],[5.499747592999938,0.5000421249999363],[6.000371907000044,0.5006243140001061],[6.5000364079999144,0.49966450099987014],[7.000151624999944,0.5001152170000296],[7.500138154000069,0.4999865290001253],[8.000092377999863,0.4999542239997936],[8.03492239499974,0.034830016999876534]],"bpm":[[0,150],[0.49992702700001246,150],[0.9999010459998772,150],[1.4998259609999423,150],[1.9998604919999252,150],[2.4999276429998645,147],[2.999729738000042,147],[3.50006676299995,147],[3.9993611429999874,147],[4.49921269299989,147],[4.999705468000002,147],[5.499747592999938,147],[6.000371907000044,147],[6.5000364079999144,147],[7.000151624999944,147],[7.500138154000069,144],[8.000092377999863,144],[8.03492239499974,144]],"kcal":[[0,0.14672669983390385],[0.49992702700001246,0.14667883242490956],[0.9999010459998772,0.14669261990047974],[1.4998259609999423,0.14667821276309967],[1.9998604919999252,0.14671037415069163],[2.4999276429998645,0.14294972062062092],[2.999729738000042,0.1428739514343446],[3.50006676299995,0.143026867085493],[3.9993611429999874,0.14272881549154223],[4.49921269299989,0.14288808869247072],[4.999705468000002,0.14307138994401564],[5.499747592999938,0.14294256666199454],[6.000371907000044,0.14310899182060824],[6.5000364079999144,0.14283461866900768],[7.000151624999944,0.1429634608178535],[7.500138154000069,0.13915705752164823],[8.000092377999863,0.13914806634182905],[8.03492239499974,0.009693946532568661]],"reps":[],"score":[[0,0.5196776933740754],[0.49992702700001246,0.519508156236512],[0.9999010459998772,0.5195569888178342],[1.4998259609999423,0.5195059615138038],[1.9998604919999252,0.5196198709504531],[2.4999276429998645,0.4984578297133618],[2.999729738000042,0.4981936267195646],[3.50006676299995,0.4987268352020276],[3.9993611429999874,0.4976875456530987],[4.49921269299989,0.4982429225626977],[4.999705468000002,0.49888208396596684],[5.499747592999938,0.4984328842522913],[6.000371907000044,0.4990131996457887],[6.5000364079999144,0.49805647552569476],[7.000151624999944,0.4985057410269526],[7.500138154000069,0.47718494553473506],[8.000092377999863,0.47715411378441847],[8.03492239499974,0.03324161512570634]],"motion":[]},"serverReceivedTimestamp":"2020-01-28T18:19:50.173Z"}