{"timestamp":"2020-01-28T18:20:00.128Z","videoElapsedSeconds":1130.465373192,"metrics":{"time":[[0,0],[0.4998445090000132,0.4998445090000132],[0.9998240219999843,0.4999795129999711],[1.4998176050000893,0.499993583000105],[1.9990754129999004,0.4992578079998111],[2.4997940509999808,0.5007186380000803],[2.9998465260000557,0.500052475000075],[3.500163763000046,0.5003172369999902],[4.000002072999905,0.4998383099998591],[4.500116689999913,0.5001146170000084],[5.00010083899997,0.4999841490000563],[5.500021263000008,0.4999204240000381],[6.000065411999913,0.5000441489999048],[6.5001569769999605,0.5000915650000479],[7.0003160880000905,0.50015911100013],[7.500158571999918,0.4998424839998279],[8.000067798999908,0.4999092269999892],[8.50021397799992,0.5001461790000121],[9.00013527200008,0.49992129400015983],[9.499968050999996,0.4998327789999166],[10.0000935139999,0.5001254629999039]],"bpm":[[0,151],[0.4998445090000132,151],[0.9998240219999843,151],[1.4998176050000893,151],[1.9990754129999004,151],[2.4997940509999808,151],[2.9998465260000557,151],[3.500163763000046,151],[4.000002072999905,155],[4.500116689999913,155],[5.00010083899997,155],[5.500021263000008,155],[6.000065411999913,155],[6.5001569769999605,155],[7.0003160880000905,155],[7.500158571999918,155],[8.000067798999908,155],[8.50021397799992,155],[9.00013527200008,153],[9.499968050999996,153],[10.0000935139999,153]],"kcal":[[0,0.13771027091831164],[0.4998445090000132,0.14791080348991473],[0.9998240219999843,0.1479507530137138],[1.4998176050000893,0.14795491651853868],[1.9990754129999004,0.14773719066675534],[2.4997940509999808,0.14816947017610566],[2.9998465260000557,0.14797234346407442],[3.500163763000046,0.14805069014876526],[4.000002072999905,0.15293363435038138],[4.500116689999913,0.15301817495658118],[5.00010083899997,0.1529782561568415],[5.500021263000008,0.1529587584599728],[6.000065411999913,0.15299661412951843],[6.5001569769999605,0.153011121823473],[7.0003160880000905,0.15303178861725755],[7.500158571999918,0.15293491145334095],[8.000067798999908,0.15295533255628146],[8.50021397799992,0.1530278318621672],[9.00013527200008,0.15044627493435647],[9.499968050999996,0.1504196372371385],[10.0000935139999,0.15050771753709657]],"reps":[],"score":[[0,0.49017604893651967],[0.4998445090000132,0.5264845734906733],[0.9998240219999843,0.5266267727587609],[1.4998176050000893,0.5266415926435173],[1.9990754129999004,0.5258666032613396],[2.4997940509999808,0.5274052906847001],[2.9998465260000557,0.5267036233929363],[3.500163763000046,0.5269824963346051],[4.000002072999905,0.5547263630367355],[4.500116689999913,0.555033011755347],[5.00010083899997,0.5548882168533593],[5.500021263000008,0.5548174941080488],[6.000065411999913,0.5549548055502085],[6.5001569769999605,0.5550074283779969],[7.0003160880000905,0.5550823917135668],[7.500158571999918,0.5547309953903901],[8.000067798999908,0.5548050675473194],[8.50021397799992,0.5550680396296055],[9.00013527200008,0.5406919552612405],[9.499968050999996,0.5405962214944939],[10.0000935139999,0.5409127750922823]],"motion":[]},"serverReceivedTimestamp":"2020-01-28T18:20:10.677Z"}