{"timestamp":"2020-01-28T18:20:10.622Z","videoElapsedSeconds":1140.965101191,"metrics":{"time":[[0,0],[0.5002624379999361,0.5002624379999361],[1.0002704609999,0.5000080229999639],[1.5002978099998927,0.5000273489999927],[2.0003123829999367,0.500014573000044],[2.500337839999929,0.5000254569999925],[3.0003445699999247,0.5000067299999955],[3.500498079999943,0.5001535100000183],[4.0006644759998835,0.5001663959999405],[4.500544008999896,0.4998795330000121],[5.000441602999899,0.49989759400000366],[5.500543133000065,0.5001015300001654],[6.000472188999993,0.4999290559999281],[6.500477204999925,0.5000050159999319],[7.000511771999982,0.500034567000057],[7.500502675000007,0.49999090300002536],[8.000546720999864,0.5000440459998572],[8.50051970000004,0.49997297900017657],[9.000208368999893,0.49968866899985187],[9.500223134999942,0.5000147660000493],[10.000621251999974,0.5003981170000316]],"bpm":[[0,153],[0.5002624379999361,153],[1.0002704609999,153],[1.5002978099998927,153],[2.0003123829999367,153],[2.500337839999929,153],[3.0003445699999247,153],[3.500498079999943,153],[4.0006644759998835,153],[4.500544008999896,153],[5.000441602999899,153],[5.500543133000065,153],[6.000472188999993,153],[6.500477204999925,153],[7.000511771999982,153],[7.500502675000007,153],[8.000546720999864,153],[8.50051970000004,151],[9.000208368999893,151],[9.500223134999942,151],[10.000621251999974,151]],"kcal":[[0,0.15035996265641946],[0.5002624379999361,0.15054893878284328],[1.0002704609999,0.1504723751527427],[1.5002978099998927,0.15047819111767277],[2.0003123829999367,0.15047434630925208],[2.500337839999929,0.15047762173934137],[3.0003445699999247,0.1504719860374338],[3.500498079999943,0.15051615799910717],[4.0006644759998835,0.15052003591091123],[4.500544008999896,0.15043370738225348],[5.000441602999899,0.15043914265817174],[5.500543133000065,0.15050051514203588],[6.000472188999993,0.15044861082995686],[6.500477204999925,0.15047147022638932],[7.000511771999982,0.15048036330204498],[7.500502675000007,0.1504672230613064],[8.000546720999864,0.1504832159115],[8.50051970000004,0.147948819514111],[9.000208368999893,0.14786468830964428],[9.500223134999942,0.14796118485696327],[10.000621251999974,0.14807462364323598]],"reps":[],"score":[[0,0.5403817557940807],[0.5002624379999361,0.5410609209734004],[1.0002704609999,0.5407857573717821],[1.5002978099998927,0.5408066594875118],[2.0003123829999367,0.5407928415516176],[2.500337839999929,0.5408046131870407],[3.0003445699999247,0.5407843589222873],[3.500498079999943,0.5409431094419351],[4.0006644759998835,0.5409570463487584],[4.500544008999896,0.5406467884777997],[5.000441602999899,0.5406663224274766],[5.500543133000065,0.540886890256851],[6.000472188999993,0.5407003502843808],[6.500477204999925,0.540782505138388],[7.000511771999982,0.5408144661455092],[7.500502675000007,0.5407672411646273],[8.000546720999864,0.5408247181971769],[8.50051970000004,0.5266198905183179],[9.000208368999893,0.5263204277322617],[9.500223134999942,0.5266639046275247],[10.000621251999974,0.5270676869720113]],"motion":[]},"serverReceivedTimestamp":"2020-01-28T18:20:21.207Z"}