{"timestamp":"2020-01-28T18:20:21.121Z","videoElapsedSeconds":1151.464974575,"metrics":{"time":[[0,0],[0.5005104530000608,0.5005104530000608],[0.9996303169998555,0.4991198639997947],[1.4995993039999576,0.49996898700010206],[1.999656042999959,0.5000567390000015],[2.4995812289998867,0.49992518599992763],[2.999676455999861,0.5000952269999743],[3.4998852409999017,0.5002087850000407],[3.999861654999904,0.4999764140000025],[4.499827019999884,0.49996536499998],[5.000728551000066,0.5009015310001814],[5.499841728999854,0.4991131779997886],[6.0007520409999415,0.5009103120000873],[6.500960535999866,0.5002084949999244],[7.000771407999991,0.49981087200012553],[7.500762814999916,0.49999140699992495],[8.000860726999917,0.5000979120000011],[8.500895834999938,0.50003510800002],[9.000873217999924,0.49997738299998673],[9.500962331999972,0.5000891140000476],[10.000933926000016,0.4999715940000442]],"bpm":[[0,151],[0.5005104530000608,151],[0.9996303169998555,151],[1.4995993039999576,151],[1.999656042999959,151],[2.4995812289998867,151],[2.999676455999861,151],[3.4998852409999017,151],[3.999861654999904,151],[4.499827019999884,151],[5.000728551000066,151],[5.499841728999854,151],[6.0007520409999415,151],[6.500960535999866,151],[7.000771407999991,151],[7.500762814999916,151],[8.000860726999917,153],[8.500895834999938,153],[9.000873217999924,153],[9.500962331999972,153],[10.000933926000016,153]],"kcal":[[0,0.147735511061054],[0.5005104530000608,0.14810786539687334],[0.9996303169998555,0.1476963711568644],[1.4995993039999576,0.14794763822687484],[1.999656042999959,0.14797360523977438],[2.4995812289998867,0.1479346769138809],[2.999676455999861,0.14798499436358828],[3.4998852409999017,0.14801859772369347],[3.999861654999904,0.14794983597738123],[4.499827019999884,0.14794656642766799],[5.000728551000066,0.1482235907078121],[5.499841728999854,0.14769439267832715],[6.0007520409999415,0.14822618912537625],[6.500960535999866,0.1480185119087061],[7.000771407999991,0.147900849843149],[7.500762814999916,0.1479542726104248],[8.000860726999917,0.1504994263413507],[8.500895834999938,0.15048052611053134],[9.000873217999924,0.15046315435355712],[9.500962331999972,0.15049677867193603],[10.000933926000016,0.1504614122123693]],"reps":[],"score":[[0,0.5258606247494905],[0.5005104530000608,0.5271860101105037],[0.9996303169998555,0.5257213073008827],[1.4995993039999576,0.5266156857577999],[1.999656042999959,0.5267081146500017],[2.4995812289998867,0.5265695503087151],[2.999676455999861,0.5267486539334896],[3.4998852409999017,0.5268682642005925],[3.999861654999904,0.5266235085923104],[4.499827019999884,0.526611870717012],[5.000728551000066,0.5275979312787626],[5.499841728999854,0.5257142649591181],[6.0007520409999415,0.5276071802770151],[6.500960535999866,0.5268679587444259],[7.000771407999991,0.5264491437495828],[7.500762814999916,0.5266393006697013],[8.000860726999917,0.5408829771937218],[8.500895834999938,0.5408150512662698],[9.000873217999924,0.5407526185523406],[9.500962331999972,0.5408734616802714],[10.000933926000016,0.5407463574353697]],"motion":[]},"serverReceivedTimestamp":"2020-01-28T18:20:31.691Z"}