{"timestamp":"2020-01-28T18:20:31.621Z","videoElapsedSeconds":1161.965866604,"metrics":{"time":[[0,0],[0.4997837890000483,0.4997837890000483],[0.9998293749999903,0.500045585999942],[1.4998639620000631,0.5000345870000729],[1.9998986779999086,0.5000347159998455],[2.4998934529999133,0.49999477500000467],[2.99990159999993,0.5000081470000168],[3.5000256969999555,0.5001240970000254],[4.000135698000122,0.5001100010001664],[4.500070630999971,0.4999349329998495],[5.000038007000057,0.499967376000086],[5.500072746000114,0.500034739000057],[6.000110092000114,0.5000373459999992],[6.5001045940000495,0.4999945019999359],[7.000097055999959,0.4999924619999092],[7.500055803000123,0.4999587470001643],[8.000117769000099,0.5000619659999757],[8.034133395999788,0.03401562699968963]],"bpm":[[0,153],[0.4997837890000483,153],[0.9998293749999903,153],[1.4998639620000631,153],[1.9998986779999086,153],[2.4998934529999133,154],[2.99990159999993,154],[3.5000256969999555,154],[4.000135698000122,154],[4.500070630999971,154],[5.000038007000057,154],[5.500072746000114,154],[6.000110092000114,154],[6.5001045940000495,154],[7.000097055999959,154],[7.500055803000123,154],[8.000117769000099,154],[8.034133395999788,154]],"kcal":[[0,0.15045735223185386],[0.4997837890000483,0.15040489419042757],[0.9998293749999903,0.15048367935900447],[1.4998639620000631,0.15048036932084816],[1.9998986779999086,0.15048040814202956],[2.4998934529999133,0.1517249478272355],[2.99990159999993,0.1517290056016476],[3.5000256969999555,0.15176419098473862],[4.000135698000122,0.15175991351035265],[4.500070630999971,0.1517067885887686],[5.000038007000057,0.1517166335166846],[5.500072746000114,0.15173707502561054],[6.000110092000114,0.15173786612773796],[6.5001045940000495,0.15172486498452742],[7.000097055999959,0.15172424594026315],[7.500055803000123,0.15171401502019544],[8.000117769000099,0.15174533714223395],[8.034133395999788,0.010322146330106276]],"reps":[],"score":[[0,0.540731766188068],[0.4997837890000483,0.5405432361563317],[0.9998293749999903,0.5408263837906752],[1.4998639620000631,0.5408144877766096],[1.9998986779999086,0.5408146272968503],[2.4998934529999133,0.5478357193269282],[2.99990159999993,0.547850370798527],[3.5000256969999555,0.5479774152294626],[4.000135698000122,0.5479619704836204],[4.500070630999971,0.5477701514713421],[5.000038007000057,0.5478056987115542],[5.500072746000114,0.5478795071979432],[6.000110092000114,0.5478823636431702],[6.5001045940000495,0.5478354202054243],[7.000097055999959,0.5478331850123024],[7.500055803000123,0.5477962440639947],[8.000117769000099,0.5479093393558603],[8.034133395999788,0.037270340446520216]],"motion":[]},"serverReceivedTimestamp":"2020-01-28T18:20:40.250Z"}