{"timestamp":"2020-01-28T18:21:20.125Z","videoElapsedSeconds":1210.466546547,"metrics":{"time":[[0,0],[0.4997932270000547,0.4997932270000547],[0.9997805299999527,0.499987302999898],[1.4998490729999503,0.5000685429999976],[1.9998111370000515,0.49996206400010124],[2.4992080439999427,0.49939690699989114],[2.999700144999906,0.5004921009999634],[3.49987123599999,0.5001710910000838],[4.000032092000083,0.5001608560000932],[4.500142800000049,0.5001107079999656],[4.999585447000072,0.4994426470000235],[5.498959401000093,0.4993739540000206],[6.000118172999919,0.5011587719998261],[6.499496983999961,0.49937881100004233],[6.9995925319999515,0.5000955479999902],[7.50001488099997,0.5004223490000186],[8.000088400000095,0.5000735190001251],[8.500032195999893,0.49994379599979766],[9.000033669999993,0.5000014740001006],[9.499743867000007,0.49971019700001307],[10.000143656000091,0.5003997890000846]],"bpm":[[0,141],[0.4997932270000547,141],[0.9997805299999527,141],[1.4998490729999503,141],[1.9998111370000515,141],[2.4992080439999427,141],[2.999700144999906,141],[3.49987123599999,141],[4.000032092000083,138],[4.500142800000049,138],[4.999585447000072,138],[5.498959401000093,138],[6.000118172999919,138],[6.499496983999961,138],[6.9995925319999515,138],[7.50001488099997,138],[8.000088400000095,138],[8.500032195999893,138],[9.000033669999993,135],[9.499743867000007,135],[10.000143656000091,135]],"kcal":[[0,0.12633248996606236],[0.4997932270000547,0.13533509837563665],[0.9997805299999527,0.13538765069750147],[1.4998490729999503,0.13540964904163968],[1.9998111370000515,0.1353808164261751],[2.4992080439999427,0.13522778198295105],[2.999700144999906,0.1355243409992263],[3.49987123599999,0.13543741721241545],[4.000032092000083,0.13166371502008922],[4.500142800000049,0.13165051392304528],[4.999585447000072,0.13147465171380357],[5.498959401000093,0.1314565687801478],[6.000118172999919,0.1319264091638364],[6.499496983999961,0.13145784735014993],[6.9995925319999515,0.13164652316308775],[7.50001488099997,0.13173255115432264],[8.000088400000095,0.13164072418876652],[8.500032195999893,0.13160657555049993],[9.000033669999993,0.12785202977907426],[9.499743867000007,0.12777754928726445],[10.000143656000091,0.12795388024129792]],"reps":[],"score":[[0,0.42549484533718407],[0.4997932270000547,0.4558161306525616],[0.9997805299999527,0.4559931297924501],[1.4998490729999503,0.45606722143775286],[1.9998111370000515,0.4559701115869055],[2.4992080439999427,0.455454683079414],[2.999700144999906,0.456453510323279],[3.49987123599999,0.4561607461797467],[4.000032092000083,0.43495150106946884],[4.500142800000049,0.4349078912034238],[4.999585447000072,0.4343269298362057],[5.498959401000093,0.4342671928073963],[6.000118172999919,0.435819312008326],[6.499496983999961,0.43427141656746227],[6.9995925319999515,0.43489470771521915],[7.50001488099997,0.4351789014577085],[8.000088400000095,0.43487555078511664],[8.500032195999893,0.43476274065005954],[9.000033669999993,0.4136197436803031],[9.499743867000007,0.41337878855440646],[10.000143656000091,0.4139492446053291]],"motion":[]},"serverReceivedTimestamp":"2020-01-28T18:21:30.668Z"}