{"timestamp":"2020-01-28T18:21:30.620Z","videoElapsedSeconds":1220.966744332,"metrics":{"time":[[0,0],[0.49981227200009926,0.49981227200009926],[0.9997689790000095,0.49995670699991024],[1.4998225310000635,0.500053552000054],[1.9998271019999265,0.5000045709998631],[2.4998320160000276,0.500004914000101],[2.9997344660000635,0.49990245000003597],[3.499885663999976,0.5001511979999123],[4.0000659790000554,0.5001803150000796],[4.500103107000086,0.5000371280000309],[4.999878643000102,0.49977553600001556],[5.499974651000002,0.5000960079999004],[5.999988261999988,0.5000136109999858],[6.500134546000027,0.5001462840000386],[7.000099041000112,0.49996449500008566],[7.499954370000069,0.4998553289999563],[8.000058369000044,0.5001039989999754],[8.50005985100006,0.500001482000016],[9.000057384999991,0.49999753399993097],[9.500096367999959,0.5000389829999676],[10.000003574999937,0.49990720699997837]],"bpm":[[0,135],[0.49981227200009926,135],[0.9997689790000095,135],[1.4998225310000635,135],[1.9998271019999265,135],[2.4998320160000276,135],[2.9997344660000635,135],[3.499885663999976,130],[4.0000659790000554,130],[4.500103107000086,130],[4.999878643000102,130],[5.499974651000002,130],[5.999988261999988,130],[6.500134546000027,130],[7.000099041000112,130],[7.499954370000069,130],[8.000058369000044,130],[8.50005985100006,133],[9.000057384999991,133],[9.500096367999959,133],[10.000003574999937,133]],"kcal":[[0,0.12786549383657766],[0.49981227200009926,0.1278036502022204],[0.9997689790000095,0.1278405827091373],[1.4998225310000635,0.12786534629581892],[1.9998271019999265,0.12785282169215142],[2.4998320160000276,0.12785290939844615],[2.9997344660000635,0.12782670901490967],[3.499885663999976,0.12160555149933049],[4.0000659790000554,0.12161263093626382],[4.500103107000086,0.12157781679570373],[4.999878643000102,0.12151421395009047],[5.499974651000002,0.12159213273633337],[5.999988261999988,0.12157209892924346],[6.500134546000027,0.1216043567212972],[7.000099041000112,0.1215601569839294],[7.499954370000069,0.12153361462693056],[8.000058369000044,0.12159407564874673],[8.50005985100006,0.12533887906022867],[9.000057384999991,0.1253378893873517],[9.500096367999959,0.12534827969896034],[10.000003574999937,0.12531524648461936]],"reps":[],"score":[[0,0.41366330184690453],[0.49981227200009926,0.4134632287762203],[0.9997689790000095,0.41358271075918795],[1.4998225310000635,0.4136628245312849],[1.9998271019999265,0.41362230563324626],[2.4998320160000276,0.41362258937575086],[2.9997344660000635,0.4135378273587425],[3.499885663999976,0.378411098706527],[4.0000659790000554,0.37843312843687343],[4.500103107000086,0.37832479409672665],[4.999878643000102,0.37812687531429745],[5.499974651000002,0.3783693423164081],[5.999988261999988,0.37830700128954964],[6.500134546000027,0.37840738080662256],[7.000099041000112,0.378269840447867],[7.499954370000069,0.378187246171945],[8.000058369000044,0.37837538825437694],[8.50005985100006,0.39949098000613525],[9.000057384999991,0.39948782563463875],[9.500096367999959,0.39952094253977005],[10.000003574999937,0.3994156562050848]],"motion":[]},"serverReceivedTimestamp":"2020-01-28T18:21:41.175Z"}