{"timestamp":"2020-01-28T18:21:41.120Z","videoElapsedSeconds":1231.466777543,"metrics":{"time":[[0,0],[0.499843053999939,0.499843053999939],[0.999936544999855,0.500093490999916],[1.4998573529999248,0.4999208080000699],[1.9998816299998907,0.5000242769999659],[2.499890829999913,0.5000092000000222],[2.9998862699999336,0.4999954400000206],[3.499947508999867,0.5000612389999333],[4.000081606999856,0.5001340979999895],[4.500067753999929,0.4999861470000724],[5.000160608999977,0.5000928550000481],[5.4999904829999195,0.4998298739999427],[6.0001452029998745,0.500154719999955],[6.500145582999949,0.5000003800000741],[7.000169921999941,0.5000243389999923],[7.500215834000073,0.5000459120001324],[8.000277376999975,0.5000615429999016],[8.500139823999916,0.4998624469999413],[9.000182979999863,0.500043155999947],[9.50012143899994,0.4999384590000773],[10.000265001999878,0.5001435629999378]],"bpm":[[0,133],[0.499843053999939,133],[0.999936544999855,133],[1.4998573529999248,133],[1.9998816299998907,133],[2.499890829999913,133],[2.9998862699999336,133],[3.499947508999867,133],[4.000081606999856,133],[4.500067753999929,133],[5.000160608999977,133],[5.4999904829999195,133],[6.0001452029998745,133],[6.500145582999949,133],[7.000169921999941,133],[7.500215834000073,133],[8.000277376999975,133],[8.500139823999916,133],[9.000182979999863,133],[9.50012143899994,133],[10.000265001999878,133]],"kcal":[[0,0.1253459366209422],[0.499843053999939,0.12529916480205894],[0.999936544999855,0.1253619436016872],[1.4998573529999248,0.1253186559427249],[1.9998816299998907,0.1253445932427756],[2.499890829999913,0.12534081378543288],[2.9998862699999336,0.1253373644697045],[3.499947508999867,0.12535385876660007],[4.000081606999856,0.12537212284325835],[4.500067753999929,0.12533503492821604],[5.000160608999977,0.12536178417113872],[5.4999904829999195,0.12529586087900066],[6.0001452029998745,0.12537729230465539],[6.500145582999949,0.12533860281417258],[7.000169921999941,0.1253446087847572],[7.500215834000073,0.12535001664003934],[8.000277376999975,0.12535393497240474],[8.500139823999916,0.1253040261814136],[9.000182979999863,0.1253493257741392],[9.50012143899994,0.12532308064272052],[10.000265001999878,0.12537449550119342]],"reps":[],"score":[[0,0.3995134744776595],[0.499843053999939,0.3993643992672982],[0.999936544999855,0.39956449331932065],[1.4998573529999248,0.39942652312658644],[1.9998816299998907,0.39950919274589114],[2.499890829999913,0.39949714653063],[2.9998862699999336,0.39948615257144504],[3.499947508999867,0.39953872462953854],[4.000081606999856,0.39959693748366515],[4.500067753999929,0.3994787276541395],[5.000160608999977,0.3995639851684058],[5.4999904829999195,0.39935386871628076],[6.0001452029998745,0.3996134140407804],[6.500145582999949,0.39949009953067144],[7.000169921999941,0.39950924228264695],[7.500215834000073,0.39952647866949353],[8.000277376999975,0.3995389675193091],[8.500139823999916,0.39937989387852457],[9.000182979999863,0.3995242766815903],[9.50012143899994,0.3994406259153679],[10.000265001999878,0.39960449982546054]],"motion":[]},"serverReceivedTimestamp":"2020-01-28T18:21:51.672Z"}