{"timestamp":"2020-01-28T18:22:05.122Z","videoElapsedSeconds":1255.46715808,"metrics":{"time":[[0,0],[0.49985934799997267,0.49985934799997267],[0.9998727930001223,0.5000134450001497],[1.4998820210000758,0.5000092279999535],[1.9998342900000807,0.4999522690000049],[2.4998673360000794,0.5000330459999986],[2.9994486519999555,0.4995813159998761],[3.499906837000026,0.5004581850000704],[3.9994675190000635,0.49956068200003756],[4.499964423999927,0.5004969049998635],[5.000094414999921,0.5001299909999943],[5.500021307999987,0.4999268930000653],[6.0000329189999775,0.5000116109999908],[6.499913566000032,0.4998806470000545],[7.000037998999915,0.5001244329998826],[7.500111335999918,0.5000733370000034],[8.000060641000118,0.4999493050002002],[8.50007480499994,0.5000141639998219],[8.999742567000112,0.49966776200017193],[9.499938696000072,0.5001961289999599],[10.000072468000099,0.5001337720000265]],"bpm":[[2.9994486519999555,151],[3.499906837000026,151],[3.9994675190000635,151],[4.499964423999927,151],[5.000094414999921,151],[5.500021307999987,151],[6.0000329189999775,151],[6.499913566000032,151],[7.000037998999915,151],[7.500111335999918,151],[8.000060641000118,151],[8.50007480499994,152],[8.999742567000112,152],[9.499938696000072,152],[10.000072468000099,152]],"kcal":[[2.9994486519999555,0.147832921093645],[3.499906837000026,0.14809239858322193],[3.9994675190000635,0.147826815211835],[4.499964423999927,0.148103856358945],[5.000094414999921,0.1479952815050551],[5.500021307999987,0.14793518203848938],[6.0000329189999775,0.14796025124944082],[6.499913566000032,0.14792149721671655],[7.000037998999915,0.14799363681706207],[7.500111335999918,0.14797851681421884],[8.000060641000118,0.14794181405482262],[8.50007480499994,0.14921761497082384],[8.999742567000112,0.1491142393388309],[9.499938696000072,0.1492719181991795],[10.000072468000099,0.1492533092007216]],"reps":[],"score":[[2.9994486519999555,0.5262073531712982],[3.499906837000026,0.527130956398426],[3.9994675190000635,0.5261856194472925],[4.499964423999927,0.5271717400465596],[5.000094414999921,0.5267852707401041],[5.500021307999987,0.5265713482863327],[6.0000329189999775,0.5266605814763641],[6.499913566000032,0.5265226375269806],[7.000037998999915,0.5267794165169095],[7.500111335999918,0.5267255972686851],[8.000060641000118,0.526594954772189],[8.50007480499994,0.5337278348691976],[8.999742567000112,0.5333580765651756],[9.499938696000072,0.5339220689380263],[10.000072468000099,0.5338555074904522]],"motion":[]},"serverReceivedTimestamp":"2020-01-28T18:22:15.687Z"}