{"timestamp":"2020-01-28T18:22:15.620Z","videoElapsedSeconds":1265.967240021,"metrics":{"time":[[0,0],[0.4999272689999543,0.4999272689999543],[0.9999277660001553,0.500000497000201],[1.4998891310001454,0.4999613649999901],[1.9999425959999826,0.5000534649998372],[2.4999009190000834,0.4999583230001008],[2.9999044900000627,0.5000035709999793],[3.499911473000111,0.5000069830000484],[4.000101586000028,0.5001901129999169],[4.500142327000049,0.5000407410000207],[4.999904733999983,0.4997624069999347],[5.500140081000154,0.5002353470001708],[6.000177513000153,0.5000374319999992],[6.500144813000134,0.49996729999998024],[6.999508391000063,0.4993635779999295],[7.500219564999952,0.5007111739998891],[8.000212806000036,0.4999932410000838],[8.500193672000023,0.49998086599998715],[9.000241997000103,0.5000483250000798],[9.499446963000082,0.4992049659999793],[9.999715755000125,0.5002687920000426]],"bpm":[[0,152],[0.4999272689999543,152],[0.9999277660001553,152],[1.4998891310001454,152],[1.9999425959999826,152],[2.4999009190000834,152],[2.9999044900000627,151],[3.499911473000111,151],[4.000101586000028,151],[4.500142327000049,151],[4.999904733999983,151],[5.500140081000154,151],[6.000177513000153,151],[6.500144813000134,151],[6.999508391000063,151],[7.500219564999952,151],[8.000212806000036,149],[8.500193672000023,149],[9.000241997000103,149],[9.499446963000082,149],[9.999715755000125,149]],"kcal":[[0,0.14921621505082958],[0.4999272689999543,0.14919168317615342],[0.9999277660001553,0.14921353637218787],[1.4998891310001454,0.1492018583355223],[1.9999425959999826,0.1492293434415562],[2.4999009190000834,0.1492009505213024],[2.9999044900000627,0.1479578721038458],[3.499911473000111,0.14795888176117455],[4.000101586000028,0.14801307242434267],[4.500142327000049,0.14796887121351462],[4.999904733999983,0.14788650838897616],[5.500140081000154,0.14802645778159307],[6.000177513000153,0.14796789203530397],[6.500144813000134,0.14794713902054363],[6.999508391000063,0.1477684894515193],[7.500219564999952,0.14816726147670886],[8.000212806000036,0.14544170397328107],[8.500193672000023,0.14543810424241846],[9.000241997000103,0.14545772721152536],[9.499446963000082,0.14521240475518482],[9.999715755000125,0.14552185827073796]],"reps":[],"score":[[0,0.5337228275765421],[0.4999272689999543,0.5336350809364505],[0.9999277660001553,0.5337132463662271],[1.4998891310001454,0.5336714758740083],[1.9999425959999826,0.5337697857561057],[2.4999009190000834,0.5336682287659632],[2.9999044900000627,0.5266521129708575],[3.499911473000111,0.5266557068192819],[4.000101586000028,0.5268485970444181],[4.500142327000049,0.5266912640093626],[4.999904733999983,0.5263980957246566],[5.500140081000154,0.5268962418677624],[6.000177513000153,0.5266877786505487],[6.500144813000134,0.5266139088461331],[6.999508391000063,0.525978010453772],[7.500219564999952,0.5273974288779053],[8.000212806000036,0.512512694993728],[8.500193672000023,0.5125000101329539],[9.000241997000103,0.5125691582555764],[9.499446963000082,0.5117046821816115],[9.999715755000125,0.5127951455830893]],"motion":[]},"serverReceivedTimestamp":"2020-01-28T18:22:26.485Z"}