{"timestamp":"2020-01-28T18:22:26.119Z","videoElapsedSeconds":1276.466757153,"metrics":{"time":[[0,0],[0.5004906830001801,0.5004906830001801],[1.0004985580001176,0.5000078749999375],[1.5005525690000923,0.5000540109999747],[2.0006541240002207,0.5001015550001284],[2.5008489250001276,0.5001948009999069],[3.0005893640000068,0.4997404389998792],[3.500612042000057,0.5000226780000503],[4.000558692000141,0.49994665000008354],[4.500549548000208,0.49999085600006765],[5.000826109000172,0.5002765609999642],[5.499760606000109,0.4989344969999365],[6.0007903230000466,0.5010297169999376],[6.500345743000025,0.49955541999997877],[7.000842316000217,0.5004965730001913],[7.50035919700008,0.49951688099986313],[8.000355832000196,0.49999663500011593],[8.500815337000176,0.5004595049999807],[9.000853641000049,0.5000383039998724],[9.501386559000139,0.5005329180000899],[10.000790928000015,0.49940436899987617]],"bpm":[[0,149],[0.5004906830001801,149],[1.0004985580001176,149],[1.5005525690000923,149],[2.0006541240002207,149],[2.5008489250001276,149],[3.0005893640000068,147],[3.500612042000057,147],[4.000558692000141,147],[4.500549548000208,147],[5.000826109000172,147],[5.499760606000109,147],[6.0007903230000466,147],[6.500345743000025,147],[7.000842316000217,147],[7.50035919700008,147],[8.000355832000196,149],[8.500815337000176,149],[9.000853641000049,149],[9.501386559000139,149],[10.000790928000015,149]],"kcal":[[0,0.14538589316456935],[0.5004906830001801,0.1455864035535737],[1.0004985580001176,0.14544596081857442],[1.5005525690000923,0.14545938119691093],[2.0006541240002207,0.1454732111446563],[2.5008489250001276,0.14550033522551256],[3.0005893640000068,0.14285632638538953],[3.500612042000057,0.14293700752219693],[4.000558692000141,0.1429152740783327],[4.500549548000208,0.14292791085188372],[5.000826109000172,0.14300958278301026],[5.499760606000109,0.14262593895942513],[6.0007903230000466,0.14322488074762293],[6.500345743000025,0.14280343665989492],[7.000842316000217,0.1430724756443045],[7.50035919700008,0.142792419860874],[8.000355832000196,0.14544269124492293],[8.500815337000176,0.14557733426802416],[9.000853641000049,0.14545481222942924],[9.501386559000139,0.14559868918035923],[10.000790928000015,0.14527040856344506]],"reps":[],"score":[[0,0.5123160268634656],[0.5004906830001801,0.5130225925666682],[1.0004985580001176,0.5125276954179109],[1.5005525690000923,0.512574986628624],[2.0006541240002207,0.5126237210947157],[2.5008489250001276,0.5127193019040647],[3.0005893640000068,0.4981321691412454],[3.500612042000057,0.4984134998369419],[4.000558692000141,0.49833771651107234],[4.500549548000208,0.49838178024684926],[5.000826109000172,0.49866656578795493],[5.499760606000109,0.49732882083219737],[6.0007903230000466,0.4994172979734857],[6.500345743000025,0.4979477455714075],[7.000842316000217,0.4988858697432834],[7.50035919700008,0.4979093305979013],[8.000355832000196,0.5125161739769635],[8.500815337000176,0.5129906338928374],[9.000853641000049,0.5125588863370749],[9.501386559000139,0.5130658850991503],[10.000790928000015,0.5119090780823692]],"motion":[]},"serverReceivedTimestamp":"2020-01-28T18:22:36.696Z"}