{"timestamp":"2020-01-28T18:22:36.620Z","videoElapsedSeconds":1286.967741615,"metrics":{"time":[[0,0],[0.4996426479999627,0.4996426479999627],[0.9996392559999094,0.4999966079999467],[1.4997557060000872,0.5001164500001778],[1.9988845369998671,0.4991288309997799],[2.499701004999906,0.5008164680000391],[2.9997219819999827,0.5000209770000765],[3.499778026000058,0.5000560440000754],[4.0000000739998995,0.5002220479998414],[4.500009204999969,0.5000091310000698],[4.999976684999865,0.49996747999989566],[5.499896269999908,0.4999195850000433],[5.999904691999973,0.5000084220000645],[6.499964170999874,0.5000594789999013],[6.999941841000009,0.4999776700001348],[7.500012220999906,0.5000703799998973],[7.999112958000069,0.49910073700016255],[8.03225838499975,0.03314542699968115]],"bpm":[[0,149],[0.4996426479999627,149],[0.9996392559999094,149],[1.4997557060000872,149],[1.9988845369998671,149],[2.499701004999906,150],[2.9997219819999827,150],[3.499778026000058,150],[4.0000000739998995,150],[4.500009204999969,150],[4.999976684999865,150],[5.499896269999908,150],[5.999904691999973,150],[6.499964170999874,150],[6.999941841000009,150],[7.500012220999906,153],[7.999112958000069,153],[8.03225838499975,153]],"kcal":[[0,0.14549996667131407],[0.4996426479999627,0.14533972090799657],[0.9996392559999094,0.1454426833909155],[1.4997557060000872,0.14547754391160236],[1.9988845369998671,0.1451902580474836],[2.499701004999906,0.14693979484612057],[2.9997219819999827,0.14670639740053892],[3.499778026000058,0.1467166860753628],[4.0000000739998995,0.1467653917294853],[4.500009204999969,0.14670292177838598],[4.999976684999865,0.1466907013547143],[5.499896269999908,0.14667664893850568],[5.999904691999973,0.1467027137574402],[6.499964170999874,0.14671769390597938],[6.999941841000009,0.14669369110573144],[7.500012220999906,0.15049114086340284],[7.999112958000069,0.1501993365752538],[8.03225838499975,0.009974782196833325]],"reps":[],"score":[[0,0.5127180031795561],[0.4996426479999627,0.512153323409067],[0.9996392559999094,0.5125161463007304],[1.4997557060000872,0.5126389890543424],[1.9988845369998671,0.5116266408183773],[2.499701004999906,0.520432434839287],[2.9997219819999827,0.5196057860678188],[3.499778026000058,0.5196422265711929],[4.0000000739998995,0.5198147326114521],[4.500009204999969,0.5195934760839814],[4.999976684999865,0.5195501936984787],[5.499896269999908,0.5195004227484751],[5.999904691999973,0.5195927393138816],[6.499964170999874,0.5196457961130057],[6.999941841000009,0.5195607828203912],[7.500012220999906,0.5408531998444731],[7.999112958000069,0.5398044784242733],[8.03225838499975,0.03584857446064416]],"motion":[]},"serverReceivedTimestamp":"2020-01-28T18:22:45.182Z"}