{"timestamp":"2020-01-28T18:22:50.125Z","videoElapsedSeconds":1300.467737005,"metrics":{"time":[[0,0],[0.49973542900011125,0.49973542900011125],[0.9988959530001011,0.4991605239999899],[1.4997737410001264,0.5008777880000252],[1.9998848120001185,0.5001110709999921],[2.49989266700004,0.5000078549999216],[2.9999079620001794,0.5000152950001393],[3.499882139000192,0.4999741770000128],[3.999568226000065,0.4996860869998727],[4.500260245000163,0.5006920190000983],[5.000183156000048,0.49992291099988506],[5.500147641000012,0.49996448499996404],[6.000177753000116,0.500030112000104],[6.500148441000192,0.4999706880000758],[7.000203511000109,0.5000550699999167],[7.500276490000033,0.5000729789999241],[8.000151493000203,0.4998750030001702],[8.500255970000126,0.5001044769999226],[8.999297245000207,0.49904127500008144],[9.499272337000093,0.499975091999886],[9.999312071000077,0.5000397339999836]],"bpm":[[0,155],[0.49973542900011125,155],[0.9988959530001011,155],[1.4997737410001264,155],[1.9998848120001185,155],[2.49989266700004,155],[2.9999079620001794,155],[3.499882139000192,155],[3.999568226000065,159],[4.500260245000163,159],[5.000183156000048,159],[5.500147641000012,159],[6.000177753000116,159],[6.500148441000192,159],[7.000203511000109,159],[7.500276490000033,159],[8.000151493000203,159],[8.500255970000126,159],[8.999297245000207,159],[9.499272337000093,159],[9.999312071000077,159]],"kcal":[[0,0.14311171965760408],[0.49973542900011125,0.15290215624059614],[0.9988959530001011,0.1527262547354178],[1.4997737410001264,0.15325167949660617],[1.9998848120001185,0.15301709000038827],[2.49989266700004,0.15298550939182326],[2.9999079620001794,0.15298778578050756],[3.499882139000192,0.15297520506176163],[3.999568226000065,0.15791019425072012],[4.500260245000163,0.15822808766758983],[5.000183156000048,0.15798503508543238],[5.500147641000012,0.1579981732507707],[6.000177753000116,0.1580189126161639],[6.500148441000192,0.15800013351538095],[7.000203511000109,0.1580267998131483],[7.500276490000033,0.15803245939372015],[8.000151493000203,0.1579698952571723],[8.500255970000126,0.15804241335367153],[8.999297245000207,0.15770642154063008],[9.499272337000093,0.15800152526208674],[9.999312071000077,0.15802195334895514]],"reps":[],"score":[[0,0.5190999618286233],[0.49973542900011125,0.5546121845080515],[0.9988959530001011,0.5539741482602716],[1.4997737410001264,0.5558799877968885],[1.9998848120001185,0.5550290763633352],[2.49989266700004,0.5549145260474014],[2.9999079620001794,0.5549227830460731],[3.499882139000192,0.5548771498118669],[3.999568226000065,0.58279714024577],[4.500260245000163,0.583970385425625],[5.000183156000048,0.5830733543600701],[5.500147641000012,0.5831218432193459],[6.000177753000116,0.5831983857307337],[6.500148441000192,0.5831290779429457],[7.000203511000109,0.5832274949080661],[7.500276490000033,0.5832483826499115],[8.000151493000203,0.5830174779889741],[8.500255970000126,0.5832851196029709],[8.999297245000207,0.5820450789031563],[9.499272337000093,0.583134214444765],[9.999312071000077,0.5832096081244706]],"motion":[]},"serverReceivedTimestamp":"2020-01-28T18:23:00.673Z"}