{"timestamp":"2020-01-28T18:23:00.620Z","videoElapsedSeconds":1310.968076485,"metrics":{"time":[[0,0],[0.49968590499997845,0.49968590499997845],[0.9997228449999511,0.5000369399999727],[1.4988649169999917,0.49914207200004057],[1.9996696390001034,0.5008047220001117],[2.4997888010000224,0.500119161999919],[2.999701716000118,0.4999129150000954],[3.4997185849999823,0.5000168689998645],[3.9997742570001265,0.5000556720001441],[4.499912463000101,0.5001382059999742],[4.999584814999935,0.49967235199983406],[5.499895727999956,0.5003109130000212],[5.9991874180000195,0.4992916900000637],[6.499180314000114,0.49999289600009433],[6.999610326000038,0.5004300119999243],[7.499698938999927,0.5000886129998889],[8.00042544300004,0.500726504000113],[8.49939547200006,0.4989700290000201],[8.99995385200009,0.5005583800000295],[9.499938115000077,0.49998426299998755],[10.000017530999912,0.500079415999835]],"bpm":[[0,159],[0.49968590499997845,159],[0.9997228449999511,159],[1.4988649169999917,159],[1.9996696390001034,159],[2.4997888010000224,159],[2.999701716000118,159],[3.4997185849999823,159],[3.9997742570001265,159],[4.499912463000101,159],[4.999584814999935,159],[5.499895727999956,159],[5.9991874180000195,159],[6.499180314000114,159],[6.999610326000038,159],[7.499698938999927,159],[8.00042544300004,159],[8.49939547200006,157],[8.99995385200009,157],[9.499938115000077,157],[10.000017530999912,157]],"kcal":[[0,0.1583340772106544],[0.49968590499997845,0.15791013673533316],[0.9997228449999511,0.15802107039244315],[1.4988649169999917,0.15773827528692713],[1.9996696390001034,0.15826370393365718],[2.4997888010000224,0.15804705408965028],[2.999701716000118,0.15798187616164086],[3.4997185849999823,0.15801472757920834],[3.9997742570001265,0.15802699005653373],[4.499912463000101,0.15805307235156763],[4.999584814999935,0.15790585373258167],[5.499895727999956,0.15810765100931976],[5.9991874180000195,0.15778555738675284],[6.499180314000114,0.1580071516607488],[6.999610326000038,0.15814528853155438],[7.499698938999927,0.15803740003152375],[8.00042544300004,0.15823898557568197],[8.49939547200006,0.15517593808376193],[8.99995385200009,0.1556699033363978],[9.499938115000077,0.15549135725372049],[10.000017530999912,0.15552094912328107]],"reps":[],"score":[[0,0.5843615596806317],[0.49968590499997845,0.5827969279744647],[0.9997228449999511,0.5832063494081314],[1.4988649169999917,0.5821626411184148],[1.9996696390001034,0.5841018339246201],[2.4997888010000224,0.5833022471080689],[2.999701716000118,0.5830616957603154],[3.4997185849999823,0.5831829400682094],[3.9997742570001265,0.5832281970369029],[4.499912463000101,0.5833244586305821],[4.999584814999935,0.5827811207508269],[5.499895727999956,0.5835258913867595],[5.9991874180000195,0.5823371445612988],[6.499180314000114,0.583154979722559],[6.999610326000038,0.5836647997101159],[7.499698938999927,0.5832666169988501],[8.00042544300004,0.5840106061960502],[8.49939547200006,0.5678623587497089],[8.99995385200009,0.5696700119011325],[9.499938115000077,0.5690166270986515],[10.000017530999912,0.5691249177850556]],"motion":[]},"serverReceivedTimestamp":"2020-01-28T18:23:11.188Z"}