{"timestamp":"2020-01-28T18:23:11.119Z","videoElapsedSeconds":1321.467440484,"metrics":{"time":[[0,0],[0.5003812309998921,0.5003812309998921],[1.000374807000071,0.499993576000179],[1.500374101000034,0.4999992939999629],[2.000617060999957,0.5002429599999232],[2.5005045670000072,0.49988750600005005],[3.0004758620000302,0.499971295000023],[3.500275872999964,0.4998000109999339],[4.000326264000023,0.5000503910000589],[4.500729844000034,0.5004035800000111],[5.000772989000097,0.5000431450000633],[5.500759343000027,0.49998635399992963],[6.000728047999928,0.4999687049999011],[6.500784415999988,0.5000563680000596],[7.000756051000053,0.49997163500006536],[7.5006825309999385,0.4999264799998855],[8.000787103999983,0.5001045730000442],[8.500704666000047,0.4999175620000642],[9.000058171000092,0.4993535050000446],[9.500792757999989,0.5007345869998971],[10.000779890000103,0.4999871320001148]],"bpm":[[0,157],[0.5003812309998921,157],[1.000374807000071,157],[1.500374101000034,157],[2.000617060999957,157],[2.5005045670000072,157],[3.0004758620000302,157],[3.500275872999964,157],[4.000326264000023,157],[4.500729844000034,157],[5.000772989000097,157],[5.500759343000027,157],[6.000728047999928,157],[6.500784415999988,157],[7.000756051000053,157],[7.5006825309999385,157],[8.000787103999983,156],[8.500704666000047,156],[9.000058171000092,156],[9.500792757999989,156],[10.000779890000103,156]],"kcal":[[0,0.15529300779050909],[0.5003812309998921,0.15561481132549684],[1.000374807000071,0.15549425352695756],[1.500374101000034,0.1554960317820207],[2.000617060999957,0.15557181008116772],[2.5005045670000072,0.15546126655215758],[3.0004758620000302,0.1554873243029567],[3.500275872999964,0.15543405626309903],[4.000326264000023,0.15551192256596028],[4.500729844000034,0.1556217616969764],[5.000772989000097,0.15550966911428718],[5.500759343000027,0.15549200753902562],[6.000728047999928,0.15548651883233686],[6.500784415999988,0.15551378136814903],[7.000756051000053,0.1554874300404208],[7.5006825309999385,0.1554733871739061],[8.000787103999983,0.15427193729684724],[8.500704666000047,0.15421424826375227],[9.000058171000092,0.1540402483228662],[9.500792757999989,0.15446628361065595],[10.000779890000103,0.15423570917266013]],"reps":[],"score":[[0,0.56829077233388],[0.5003812309998921,0.5694684041026244],[1.000374807000071,0.5690272259361536],[1.500374101000034,0.5690337334148715],[2.000617060999957,0.5693110421537588],[2.5005045670000072,0.5689065109493506],[3.0004758620000302,0.5690018686189431],[3.500275872999964,0.5688069355956077],[4.000326264000023,0.5690918853304439],[4.500729844000034,0.5694938388084899],[5.000772989000097,0.5690836388819402],[5.500759343000027,0.5690190068010189],[6.000728047999928,0.5689989210199032],[6.500784415999988,0.5690986875692987],[7.000756051000053,0.5690022555624763],[7.5006825309999385,0.568950866053245],[8.000787103999983,0.5620877064982444],[8.500704666000047,0.5618775172903391],[9.000058171000092,0.5612435508709294],[9.500792757999989,0.5627958046508263],[10.000779890000103,0.5619557098202232]],"motion":[]},"serverReceivedTimestamp":"2020-01-28T18:23:21.670Z"}