{"timestamp":"2020-01-28T18:23:21.619Z","videoElapsedSeconds":1331.96827266,"metrics":{"time":[[0,0],[0.499874550000186,0.499874550000186],[0.9998501100001249,0.4999755599999389],[1.4997965390000445,0.4999464289999196],[1.9998520369999824,0.5000554979999379],[2.4999130850001166,0.5000610480001342],[2.998911960999976,0.4989988759998596],[3.499812081000073,0.5009001200000966],[3.999776054999984,0.4999639739999111],[4.499829539000075,0.500053484000091],[4.999992098000121,0.5001625590000458],[5.500024683999982,0.5000325859998611],[6.00007688200003,0.5000521980000485],[6.500163260000136,0.5000863780001055],[7.000105352999981,0.49994209299984504],[7.5001686470000095,0.5000632940000287],[8.000051052000117,0.4998824050001076],[8.031727339999861,0.03167628799974409]],"bpm":[[0,156],[0.499874550000186,156],[0.9998501100001249,156],[1.4997965390000445,156],[1.9998520369999824,156],[2.4999130850001166,151],[2.998911960999976,151],[3.499812081000073,151],[3.999776054999984,151],[4.499829539000075,151],[4.999992098000121,151],[5.500024683999982,151],[6.00007688200003,151],[6.500163260000136,151],[7.000105352999981,151],[7.5001686470000095,162],[8.000051052000117,162],[8.031727339999861,162]],"kcal":[[0,0.1542558078366131],[0.499874550000186,0.15420097994967066],[0.9998501100001249,0.1542321394494824],[1.4997965390000445,0.15422315313731688],[1.9998520369999824,0.15425679867235148],[2.4999130850001166,0.14797488033164874],[2.998911960999976,0.1476605691585213],[3.499812081000073,0.14822317317365402],[3.999776054999984,0.1479461548117872],[4.499829539000075,0.1479726420409326],[4.999992098000121,0.14800491882019795],[5.500024683999982,0.1479664580378083],[6.00007688200003,0.14797226149599085],[6.500163260000136,0.14798237582390822],[7.000105352999981,0.14793967992561224],[7.5001686470000095,0.1617995939260303],[8.000051052000117,0.16174106580152267],[8.031727339999861,0.010249123654819356]],"reps":[],"score":[[0,0.5620289390291316],[0.499874550000186,0.561829174368341],[0.9998501100001249,0.561942703582349],[1.4997965390000445,0.5619099620761263],[1.9998520369999824,0.5620325491256759],[2.4999130850001166,0.526712653305636],[2.998911960999976,0.5255938710394127],[3.499812081000073,0.527596445077025],[3.999776054999984,0.5266104055812252],[4.499829539000075,0.5267046861693268],[4.999992098000121,0.5268195745071912],[5.500024683999982,0.5266826743745792],[6.00007688200003,0.5267033316297216],[6.500163260000136,0.5267393333111002],[7.000105352999981,0.5265873583959908],[7.5001686470000095,0.6044328621904586],[8.000051052000117,0.6042142193560955],[8.031727339999861,0.038287532096393975]],"motion":[]},"serverReceivedTimestamp":"2020-01-28T18:23:30.178Z"}