{"timestamp":"2020-01-28T18:05:50.126Z","videoElapsedSeconds":280.455394766,"metrics":{"time":[[0,0],[0.5000472710000281,0.5000472710000281],[1.0003264169999966,0.5002791459999685],[1.5004036310000401,0.5000772140000436],[2.0000951650000047,0.4996915339999646],[2.4993008449999934,0.49920567999998866],[2.99958495300001,0.5002841080000167],[3.499638396000023,0.500053443000013],[4.0002482360000045,0.5006098399999814],[4.500244221000003,0.4999959849999982],[5.0006364239999925,0.5003922029999899],[5.500239066999995,0.4996026430000029],[6.000259049000022,0.5000199820000262],[6.500368408000043,0.500109359000021],[7.000376684000003,0.50000827599996],[7.500055449999991,0.4996787659999882],[8.000336971000024,0.5002815210000335],[8.500423506000004,0.5000865349999799],[9.000302878000014,0.4998793720000094],[9.500330693000024,0.5000278150000099],[10.000339235000013,0.5000085419999891]],"bpm":[[0,137],[0.5000472710000281,137],[1.0003264169999966,137],[1.5004036310000401,137],[2.0000951650000047,137],[2.4993008449999934,137],[2.99958495300001,137],[3.499638396000023,137],[4.0002482360000045,137],[4.500244221000003,137],[5.0006364239999925,137],[5.500239066999995,137],[6.000259049000022,137],[6.500368408000043,137],[7.000376684000003,137],[7.500055449999991,137],[8.000336971000024,137],[8.500423506000004,137],[9.000302878000014,137],[9.500330693000024,137],[10.000339235000013,137]],"kcal":[[0,0.11873489353080911],[0.5000472710000281,0.13037712313662103],[1.0003264169999966,0.1304375798117651],[1.5004036310000401,0.13038493016292935],[2.0000951650000047,0.13028437197217857],[2.4993008449999934,0.1301576954548673],[2.99958495300001,0.13043887355203487],[3.499638396000023,0.13037873235968592],[4.0002482360000045,0.13052380152491236],[4.500244221000003,0.1303637513585335],[5.0006364239999925,0.13046705711774814],[5.500239066999995,0.1302611954576371],[6.000259049000022,0.13037000808666505],[6.500368408000043,0.13039331131579893],[7.000376684000003,0.13036695598599263],[7.500055449999991,0.13028104297669818],[8.000336971000024,0.13043819904457346],[8.500423506000004,0.13038736042348056],[9.000302878000014,0.13033334689811427],[9.500330693000024,0.1303720503815892],[10.000339235000013,0.13036702534007283]],"reps":[],"score":[[0,0.29411382809096903],[0.5000472710000281,0.3229523659045467],[1.0003264169999966,0.32310212090605905],[1.5004036310000401,0.322971704401641],[2.0000951650000047,0.322722615413997],[2.4993008449999934,0.32240882968237483],[2.99958495300001,0.3231053255823929],[3.499638396000023,0.3229563520516833],[4.0002482360000045,0.32331569753348677],[4.500244221000003,0.3229192431659418],[5.0006364239999925,0.3231751380541498],[5.500239066999995,0.3226652057241334],[6.000259049000022,0.3229347414765678],[6.500368408000043,0.32299246504647755],[7.000376684000003,0.3229271812304953],[7.500055449999991,0.3227143692820023],[8.000336971000024,0.32310365478482317],[8.500423506000004,0.3229777243104709],[9.000302878000014,0.32284392939777284],[9.500330693000024,0.32293980037004366],[10.000339235000013,0.322927353024931]],"motion":[]},"serverReceivedTimestamp":"2020-01-28T18:06:00.783Z"}