{"timestamp":"2020-01-28T18:06:00.625Z","videoElapsedSeconds":290.955671555,"metrics":{"time":[[0,0],[0.499898791000021,0.499898791000021],[1.000180872000044,0.500282081000023],[1.5001007090000371,0.4999198369999931],[2.0000062070000126,0.4999054979999755],[2.500181959000031,0.5001757520000183],[3.000139109000031,0.4999571500000002],[3.4999340370000027,0.4997949279999716],[4.000135330000035,0.5002012930000319],[4.50014999900003,0.5000146689999951],[5.000134166999999,0.49998416799996903],[5.5000880820000475,0.4999539150000487],[6.000222601000019,0.5001345189999711],[6.500105735000034,0.49988313400001516],[7.000299127000005,0.5001933919999715],[7.500201993000019,0.49990286600001355],[8.000128869000037,0.49992687600001773],[8.499285372000031,0.4991565029999947],[9.00023606100001,0.5009506889999784],[9.500166270000022,0.49993020900001284],[10.000119983000047,0.4999537130000249]],"bpm":[[0,137],[0.499898791000021,137],[1.000180872000044,137],[1.5001007090000371,137],[2.0000062070000126,137],[2.500181959000031,137],[3.000139109000031,137],[3.4999340370000027,136],[4.000135330000035,136],[4.50014999900003,136],[5.000134166999999,136],[5.5000880820000475,136],[6.000222601000019,136],[6.500105735000034,136],[7.000299127000005,136],[7.500201993000019,136],[8.000128869000037,136],[8.499285372000031,136],[9.00023606100001,136],[9.500166270000022,136],[10.000119983000047,136]],"kcal":[[0,0.13034851666748412],[0.499898791000021,0.1303384100061493],[1.000180872000044,0.1304383450531447],[1.5001007090000371,0.13034389732122736],[2.0000062070000126,0.13034015871954033],[2.500181959000031,0.13041062193589043],[3.000139109000031,0.13035362592465877],[3.4999340370000027,0.1290552725660605],[4.000135330000035,0.12916020269421116],[4.50014999900003,0.12911201330723898],[5.000134166999999,0.12910413744725846],[5.5000880820000475,0.1290963256249851],[6.000222601000019,0.12914296054889235],[6.500105735000034,0.12907804880635396],[7.000299127000005,0.12915816252601572],[7.500201993000019,0.12908314393336587],[8.000128869000037,0.1290893437103569],[8.499285372000031,0.12889042072829832],[9.00023606100001,0.12935370906975607],[9.500166270000022,0.12909020434578702],[10.000119983000047,0.12909627346525585]],"reps":[],"score":[[0,0.3228815058743077],[0.499898791000021,0.32285647103605575],[1.000180872000044,0.32310401645727294],[1.5001007090000371,0.3228700634619683],[2.0000062070000126,0.32286080270953754],[2.500181959000031,0.32303534454542127],[3.000139109000031,0.3228941618269232],[3.4999340370000027,0.31937888047938634],[4.000135330000035,0.31963855578122385],[4.50014999900003,0.31951929934050555],[5.000134166999999,0.31949980859600996],[5.5000880820000475,0.31948047632850507],[6.000222601000019,0.31959588586964655],[6.500105735000034,0.31943524586440175],[7.000299127000005,0.3196335068853416],[7.500201993000019,0.31944785500410294],[8.000128869000037,0.3194631978707309],[8.499285372000031,0.3189709142309519],[9.00023606100001,0.3201174347015371],[9.500166270000022,0.3194653277238916],[10.000119983000047,0.3194803472464799]],"motion":[]},"serverReceivedTimestamp":"2020-01-28T18:06:11.169Z"}