{"timestamp":"2020-01-28T18:06:11.125Z","videoElapsedSeconds":301.455877957,"metrics":{"time":[[0,0],[0.49984474699999737,0.49984474699999737],[1.0000713169999926,0.5002265699999953],[1.4999118450000424,0.49984052800004974],[1.9999465939999936,0.5000347489999513],[2.500065790000008,0.5001191960000142],[2.999067556,0.49900176599999213],[3.4999603300000217,0.5008927740000217],[3.9999543769999946,0.49999404699997285],[4.499792054000011,0.49983767700001636],[5.000080695999998,0.5002886419999868],[5.49960371100002,0.4995230150000225],[6.000065475000042,0.500461764000022],[6.500027606000003,0.4999621309999611],[7.00004900600004,0.5000214000000369],[7.500162898000042,0.5001138920000017],[8.000020210000002,0.49985731199996053],[8.500128152999991,0.5001079429999891],[9.000103072999991,0.49997491999999966],[9.50009710400002,0.49999403100002837],[10.000011836999988,0.4999147329999687]],"bpm":[[0,136],[0.49984474699999737,136],[1.0000713169999926,136],[1.4999118450000424,136],[1.9999465939999936,130],[2.500065790000008,130],[2.999067556,130],[3.4999603300000217,130],[3.9999543769999946,130],[4.499792054000011,130],[5.000080695999998,130],[5.49960371100002,130],[6.000065475000042,130],[6.500027606000003,130],[7.00004900600004,137],[7.500162898000042,137],[8.000020210000002,137],[8.500128152999991,137],[9.000103072999991,137],[9.50009710400002,137],[10.000011836999988,137]],"kcal":[[0,0.12913054033759247],[0.49984474699999737,0.1290681366514425],[1.0000713169999926,0.1291667296314351],[1.4999118450000424,0.129067047236249],[1.9999465939999936,0.12157723837138353],[2.500065790000008,0.12159777061054675],[2.999067556,0.12132608138545249],[3.4999603300000217,0.12178585649276572],[3.9999543769999946,0.12156734218564152],[4.499792054000011,0.12152932276239771],[5.000080695999998,0.1216389693007797],[5.49960371100002,0.12145281660546324],[6.000065475000042,0.12168106176476887],[6.500027606000003,0.12155958220666196],[7.00004900600004,0.1303703778012355],[7.500162898000042,0.1303944932030543],[8.000020210000002,0.1303275952032055],[8.500128152999991,0.13039294212268213],[9.000103072999991,0.13035825908958623],[9.50009710400002,0.13036324189291007],[10.000011836999988,0.1303425665573611]],"reps":[],"score":[[0,0.3195651490147982],[0.49984474699999737,0.31941071580936553],[1.0000713169999926,0.31965470828597714],[1.4999118450000424,0.31940801978464717],[1.9999465939999936,0.2990592441134324],[2.500065790000008,0.2991097499153931],[2.999067556,0.2984414408192261],[3.4999603300000217,0.2995724090653976],[3.9999543769999946,0.2990349011865222],[4.499792054000011,0.2989413798980867],[5.000080695999998,0.2992110916576844],[5.49960371100002,0.29875318781732113],[6.000065475000042,0.29931463193078234],[6.500027606000003,0.29901581296343827],[7.00004900600004,0.32293565728290224],[7.500162898000042,0.3229953926558324],[8.000020210000002,0.3228296820863269],[8.500128152999991,0.3229915505318168],[9.000103072999991,0.3229056384689824],[9.50009710400002,0.32291798118742526],[10.000011836999988,0.32286676707584827]],"motion":[]},"serverReceivedTimestamp":"2020-01-28T18:06:21.687Z"}