{"timestamp":"2020-01-28T18:06:21.624Z","videoElapsedSeconds":311.955847281,"metrics":{"time":[[0,0],[0.5000016680000385,0.5000016680000385],[1.0002260620000243,0.5002243939999858],[1.5000733219999915,0.49984725999996726],[2.0001924229999872,0.5001191009999957],[2.4993313429999944,0.49913892000000715],[3.000159064999991,0.5008277219999968],[3.500122731000033,0.49996366600004194],[4.000116426000034,0.49999369500000057],[4.499508469000034,0.4993920430000003],[4.999526419000006,0.5000179499999717],[5.49962165300002,0.500095234000014],[5.999985030000005,0.5003633769999851],[6.500484432999997,0.5004994029999921],[7.000190605,0.49970617200000333],[7.499560919000032,0.49937031400003207],[7.999979529000029,0.500418609999997],[8.044152718999953,0.044173189999924034]],"bpm":[[0,137],[0.5000016680000385,137],[1.0002260620000243,137],[1.5000733219999915,137],[2.0001924229999872,138],[2.4993313429999944,138],[3.000159064999991,138],[3.500122731000033,138],[4.000116426000034,138],[4.499508469000034,138],[4.999526419000006,138],[5.49962165300002,138],[5.999985030000005,138],[6.500484432999997,138],[7.000190605,143],[7.499560919000032,143],[7.999979529000029,143],[8.044152718999953,143]],"kcal":[[0,0.13035371379053723],[0.5000016680000385,0.13036523308484022],[1.0002260620000243,0.13042330434490884],[1.5000733219999915,0.13032497434930446],[2.0001924229999872,0.1316527233193842],[2.4993313429999944,0.13139469778559362],[3.000159064999991,0.1318392626542445],[3.500122731000033,0.1316118061838416],[4.000116426000034,0.131619711100121],[4.499508469000034,0.13146133057809692],[4.999526419000006,0.1316260960528131],[5.49962165300002,0.13164644050487312],[5.999985030000005,0.13171702720335082],[6.500484432999997,0.13175283506053392],[7.000190605,0.13782319388371259],[7.499560919000032,0.13773056140318474],[7.999979529000029,0.13801969031722722],[8.044152718999953,0.012183339872419194]],"reps":[],"score":[[0,0.32289437947625194],[0.5000016680000385,0.3229229134955584],[1.0002260620000243,0.3230667596733159],[1.5000733219999915,0.3228231900657357],[2.0001924229999872,0.32641148024943883],[2.4993313429999944,0.32577174797270936],[3.000159064999991,0.32687397414156116],[3.500122731000033,0.32631003287757077],[4.000116426000034,0.326329631829715],[4.499508469000034,0.32593695312673715],[4.999526419000006,0.3263454622797582],[5.49962165300002,0.3263959030343763],[5.999985030000005,0.3265709112541466],[6.500484432999997,0.3266596910026623],[7.000190605,0.34319150311489066],[7.499560919000032,0.3429608403408409],[7.999979529000029,0.34368079598697066],[8.044152718999953,0.030337554993124006]],"motion":[]},"serverReceivedTimestamp":"2020-01-28T18:06:30.156Z"}