{"timestamp":"2020-01-28T18:06:40.125Z","videoElapsedSeconds":330.455189177,"metrics":{"time":[[0,0],[0.5007394659999704,0.5007394659999704],[0.9999943799999755,0.4992549140000051],[1.4999638589999904,0.49996947900001487],[2.0009351449999713,0.5009712859999809],[2.4999864039999693,0.499051258999998],[3.0009155969999597,0.5009291929999904],[3.5009722620000048,0.5000566650000451],[4.00095018799999,0.4999779259999855],[4.500998855999967,0.5000486679999767],[5.00096747799995,0.49996862199998304],[5.500774761000002,0.4998072830000524],[6.000977777999992,0.5002030169999898],[6.50107326899996,0.5000954909999678],[7.000929788999997,0.4998565200000371],[7.501017160999993,0.5000873719999959],[8.000967548000006,0.4999503870000126],[8.501030295999954,0.500062747999948],[9.000982143999977,0.49995184800002335],[9.500995590000002,0.5000134460000254],[10.000965380999958,0.4999697909999554]],"bpm":[[0,141],[0.5007394659999704,141],[0.9999943799999755,141],[1.4999638589999904,141],[2.0009351449999713,141],[2.4999864039999693,141],[3.0009155969999597,141],[3.5009722620000048,141],[4.00095018799999,141],[4.500998855999967,141],[5.00096747799995,141],[5.500774761000002,141],[6.000977777999992,141],[6.50107326899996,141],[7.000929788999997,141],[7.501017160999993,141],[8.000967548000006,141],[8.501030295999954,141],[9.000982143999977,142],[9.500995590000002,142],[10.000965380999958,142]],"kcal":[[0,0.12325711658518351],[0.5007394659999704,0.13559132303259958],[0.9999943799999755,0.1351893328092326],[1.4999638589999904,0.13538282427599888],[2.0009351449999713,0.13565409575702234],[2.4999864039999693,0.13513418666484386],[3.0009155969999597,0.13564269772282161],[3.5009722620000048,0.1354064326909466],[4.00095018799999,0.13538511157304542],[4.500998855999967,0.1354042672458535],[5.00096747799995,0.13538259221566404],[5.500774761000002,0.13533890448992492],[6.000977777999992,0.13544606220419325],[6.50107326899996,0.1354169460797546],[7.000929788999997,0.13535223699200113],[7.501017160999993,0.135414747599262],[8.000967548000006,0.13537765450266281],[8.501030295999954,0.13540807985890688],[9.000982143999977,0.13663450176019784],[9.500995590000002,0.13665133620550168],[10.000965380999958,0.13663940549815906]],"reps":[],"score":[[0,0.3064055682151278],[0.5007394659999704,0.3370672422807493],[0.9999943799999755,0.33606793249466843],[1.4999638589999904,0.33654893403406705],[2.0009351449999713,0.3372232893539573],[2.4999864039999693,0.33593084438020954],[3.0009155969999597,0.33719495491581236],[3.5009722620000048,0.33660762232726354],[4.00095018799999,0.3365546200388239],[4.500998855999967,0.3366022392349719],[5.00096747799995,0.33654835715395875],[5.500774761000002,0.33643975358769035],[6.000977777999992,0.3367061375599807],[6.50107326899996,0.3366337576203877],[7.000929788999997,0.33647289693054605],[7.501017160999993,0.3366282924052081],[8.000967548000006,0.3365360824650829],[8.501030295999954,0.33661171703147863],[9.000982143999977,0.3399486480104377],[9.500995590000002,0.33999053235770954],[10.000965380999958,0.3399608485825379]],"motion":[]},"serverReceivedTimestamp":"2020-01-28T18:06:50.665Z"}