{"timestamp":"2020-01-28T18:06:50.624Z","videoElapsedSeconds":340.955273612,"metrics":{"time":[[0,0],[0.5007552780000424,0.5007552780000424],[1.000949540000022,0.5001942619999795],[1.5006504490000339,0.49970090900001196],[2.000957910000011,0.5003074609999771],[2.5008455790000426,0.49988766900003156],[3.001043621000008,0.5001980419999654],[3.50094900900001,0.49990538800000195],[4.001003387000026,0.5000543780000157],[4.5010001980000425,0.4999968110000168],[5.001061923999998,0.5000617259999558],[5.500400220000017,0.499338296000019],[6.001379210000039,0.5009789900000214],[6.501012928000023,0.49963371799998413],[7.001083203999997,0.500070275999974],[7.501052324999989,0.49996912099999236],[8.001051066999992,0.4999987420000025],[8.501004770999998,0.4999537040000064],[9.00021358500004,0.4992088140000419],[9.500990289000015,0.5007767039999749],[10.000075858000002,0.49908556899998757]],"bpm":[[0,142],[0.5007552780000424,142],[1.000949540000022,142],[1.5006504490000339,142],[2.000957910000011,142],[2.5008455790000426,142],[3.001043621000008,142],[3.50094900900001,142],[4.001003387000026,142],[4.5010001980000425,142],[5.001061923999998,142],[5.500400220000017,142],[6.001379210000039,142],[6.501012928000023,142],[7.001083203999997,142],[7.501052324999989,142],[8.001051066999992,142],[8.501004770999998,141],[9.00021358500004,141],[9.500990289000015,141],[10.000075858000002,141]],"kcal":[[0,0.13640690305500933],[0.5007552780000424,0.1368540754215233],[1.000949540000022,0.13670075237260423],[1.5006504490000339,0.13656592130514822],[2.000957910000011,0.13673168912986658],[2.5008455790000426,0.1366169619396683],[3.001043621000008,0.13670178542892117],[3.50094900900001,0.13662180445948763],[4.001003387000026,0.13666252272965818],[4.5010001980000425,0.13664678993780202],[5.001061923999998,0.13666453090367484],[5.500400220000017,0.13646682086820813],[6.001379210000039,0.13691521486480612],[6.501012928000023,0.13654755831909607],[7.001083203999997,0.13666686757869106],[7.501052324999989,0.13663922239030277],[8.001051066999992,0.13664731767106672],[8.501004770999998,0.13537855268714435],[9.00021358500004,0.13517684975085345],[9.500990289000015,0.13560140641933163],[10.000075858000002,0.13514347720135578]],"reps":[],"score":[[0,0.33938237908772034],[0.5007552780000424,0.34049495050610823],[1.000949540000022,0.3401134805075543],[1.5006504490000339,0.3397780188305913],[2.000957910000011,0.3401904516141904],[2.5008455790000426,0.33990500867923984],[3.001043621000008,0.3401160507668499],[3.50094900900001,0.33991705693970353],[4.001003387000026,0.34001836459417945],[4.5010001980000425,0.33997922117687246],[5.001061923999998,0.3400233609606399],[5.500400220000017,0.3395314554873578],[6.001379210000039,0.3406470663393446],[6.501012928000023,0.339732331451478],[7.001083203999997,0.34002917464241406],[7.501052324999989,0.33996039300750097],[8.001051066999992,0.3399805341849893],[8.501004770999998,0.3365383152670018],[9.00021358500004,0.3360369007887379],[9.500990289000015,0.3370923086292634],[10.000075858000002,0.3359539397778452]],"motion":[]},"serverReceivedTimestamp":"2020-01-28T18:07:01.170Z"}