{"timestamp":"2020-01-28T18:07:01.125Z","videoElapsedSeconds":351.456561999,"metrics":{"time":[[0,0],[0.4995641160000446,0.4995641160000446],[0.9992851400000404,0.49972102399999585],[1.4991870340000446,0.4999018940000042],[1.9998354650000465,0.5006484310000019],[2.4997979340000143,0.49996246899996777],[2.9998473770000373,0.5000494430000231],[3.4997715080000376,0.4999241310000002],[3.9997952140000166,0.500023705999979],[4.499775158000034,0.49997994400001744],[4.999766966000038,0.4999918080000043],[5.4988176840000165,0.49905071799997813],[5.9998023900000135,0.500984705999997],[6.499765703000037,0.4999633130000234],[6.999898395000002,0.5001326919999656],[7.499807362000013,0.4999089670000103],[7.999095101000023,0.49928773900001033],[8.499074618000009,0.49997951699998566],[8.999078269000051,0.5000036510000427],[9.499066128000038,0.49998785899998666],[9.999843481000028,0.5007773529999895]],"bpm":[[0,141],[0.4995641160000446,141],[0.9992851400000404,141],[1.4991870340000446,141],[1.9998354650000465,141],[2.4997979340000143,141],[2.9998473770000373,142],[3.4997715080000376,142],[3.9997952140000166,142],[4.499775158000034,142],[4.999766966000038,142],[5.4988176840000165,142],[5.9998023900000135,142],[6.499765703000037,142],[6.999898395000002,142],[7.499807362000013,142],[7.999095101000023,142],[8.499074618000009,142],[8.999078269000051,142],[9.499066128000038,142],[9.999843481000028,142]],"kcal":[[0,0.13571942006190352],[0.4995641160000446,0.1352730592001332],[0.9992851400000404,0.13531554709004878],[1.4991870340000446,0.13536452346252034],[1.9998354650000465,0.13556667237706685],[2.4997979340000143,0.1353809260929209],[2.9998473770000373,0.1366611740172414],[3.4997715080000376,0.13662692683372524],[3.9997952140000166,0.13665414021550254],[4.499775158000034,0.13664218026558994],[4.999766966000038,0.1366454226412979],[5.4988176840000165,0.13638822714581272],[5.9998023900000135,0.1369167770208654],[6.499765703000037,0.13663763509107554],[6.999898395000002,0.1366839255795662],[7.499807362000013,0.13662278258345076],[7.999095101000023,0.1364530038765632],[8.499074618000009,0.13664206356847833],[8.999078269000051,0.1366486592778181],[9.499066128000038,0.1366443433980627],[9.999843481000028,0.13686010841576304]],"reps":[],"score":[[0,0.33738567941556113],[0.4995641160000446,0.33627606840672974],[0.9992851400000404,0.33638168929428997],[1.4991870340000446,0.33650343993759585],[1.9998354650000465,0.33700596307574565],[2.4997979340000143,0.33654421532994105],[2.9998473770000373,0.3400150089778693],[3.4997715080000376,0.3399298014820721],[3.9997952140000166,0.33999750877579216],[4.499775158000034,0.33996775224467685],[4.999766966000038,0.33997581932307985],[5.4988176840000165,0.3393359131512258],[5.9998023900000135,0.3406509530065736],[6.499765703000037,0.33995644378370077],[6.999898395000002,0.3400716151992322],[7.499807362000013,0.33991949052649584],[7.999095101000023,0.33949707860912615],[8.499074618000009,0.33996746190054855],[8.999078269000051,0.3399838721222995],[9.499066128000038,0.3399731341500529],[9.999843481000028,0.34050996068442213]],"motion":[]},"serverReceivedTimestamp":"2020-01-28T18:07:11.693Z"}