{"timestamp":"2020-01-28T18:07:11.624Z","videoElapsedSeconds":361.956388686,"metrics":{"time":[[0,0],[0.4998467229999619,0.4998467229999619],[1.0000076679999665,0.5001609450000046],[1.5000211159999708,0.5000134480000042],[2.000068968999983,0.5000478530000123],[2.499060283999995,0.49899131500001204],[2.9995541799999614,0.5004938959999663],[3.500116478999985,0.5005622990000234],[4.000112462999994,0.4999959840000088],[4.500029831999996,0.49991736900000205],[4.999379051999995,0.49934921999999915],[5.500051037999981,0.5006719859999862],[6.000058413999966,0.500007375999985],[6.500144503999991,0.5000860900000248],[7.000083042999961,0.4999385389999702],[7.500067715,0.49998467200003915],[8.000176385999964,0.500108670999964],[8.043611313999918,0.04343492799995374]],"bpm":[[0,142],[0.4998467229999619,142],[1.0000076679999665,142],[1.5000211159999708,142],[2.000068968999983,142],[2.499060283999995,142],[2.9995541799999614,142],[3.500116478999985,142],[4.000112462999994,142],[4.500029831999996,142],[4.999379051999995,142],[5.500051037999981,142],[6.000058413999966,142],[6.500144503999991,142],[7.000083042999961,142],[7.500067715,142],[8.000176385999964,142],[8.043611313999918,142]],"kcal":[[0,0.13664307175493534],[0.4998467229999619,0.13660577158935563],[1.0000076679999665,0.13669164699233627],[1.5000211159999708,0.13665133675208654],[2.000068968999983,0.13666073947767496],[2.499060283999995,0.1363719925837526],[2.9995541799999614,0.13678264094339837],[3.500116478999985,0.13680133516338996],[4.000112462999994,0.13664656392256774],[4.500029831999996,0.13662507881075195],[4.999379051999995,0.13646980634631062],[5.500051037999981,0.13683131210746854],[6.000058413999966,0.13664967730288033],[6.500144503999991,0.13667118947094214],[7.000083042999961,0.13663086447273015],[7.500067715,0.1366434724058828],[8.000176385999964,0.13667736075261314],[8.043611313999918,0.011870562675194813]],"reps":[],"score":[[0,0.33996997028326725],[0.4998467229999619,0.3398771669232371],[1.0000076679999665,0.34009082618765824],[1.5000211159999708,0.3399905337176207],[2.000068968999983,0.3400139278370431],[2.499060283999995,0.33929552132227864],[2.9995541799999614,0.340317220474915],[3.500116478999985,0.3403637319689365],[4.000112462999994,0.33997865884764866],[4.500029831999996,0.3399252035737607],[4.999379051999995,0.33953888340074384],[5.500051037999981,0.34043831504626854],[6.000058413999966,0.33998640498361266],[6.500144503999991,0.34003992757383816],[7.000083042999961,0.33993959838577376],[7.500067715,0.3399709671087115],[8.000176385999964,0.340055281813313],[8.043611313999918,0.029534134355303533]],"motion":[]},"serverReceivedTimestamp":"2020-01-28T18:07:20.167Z"}