{"timestamp":"2020-01-28T18:07:30.126Z","videoElapsedSeconds":380.456622607,"metrics":{"time":[[0,0],[0.4998014060000173,0.4998014060000173],[1.0000093450000236,0.5002079390000063],[1.4999972280000406,0.49998788300001706],[1.9995637989999864,0.4995665709999457],[2.4990497990000335,0.49948600000004717],[2.9997119710000106,0.5006621719999771],[3.499622035000016,0.49991006400000515],[4.00016610800003,0.5005440730000146],[4.5000295030000075,0.4998633949999771],[4.999992592000012,0.49996308900000486],[5.500003765000031,0.5000111730000185],[6.000023349999992,0.5000195849999614],[6.500136585000007,0.5001132350000148],[7.000034909000021,0.4998983240000143],[7.5001062979999915,0.5000713889999702],[8.000042377,0.49993607900000825],[8.499990620999995,0.49994824399999516],[9.000144927999997,0.5001543070000025],[9.500033760999997,0.499888833],[10.000109328999997,0.5000755679999997]],"bpm":[[0,143],[0.4998014060000173,143],[1.0000093450000236,143],[1.4999972280000406,143],[1.9995637989999864,143],[2.4990497990000335,143],[2.9997119710000106,143],[3.499622035000016,143],[4.00016610800003,144],[4.5000295030000075,144],[4.999992592000012,144],[5.500003765000031,144],[6.000023349999992,144],[6.500136585000007,144],[7.000034909000021,144],[7.5001062979999915,144],[8.000042377,145],[8.499990620999995,145],[9.000144927999997,145],[9.500033760999997,145],[10.000109328999997,145]],"kcal":[[0,0.12594038181352046],[0.4998014060000173,0.13784946022738354],[1.0000093450000236,0.13796158547141116],[1.4999972280000406,0.1379008921631208],[1.9995637989999864,0.13778469074571792],[2.4990497990000335,0.13776246858164903],[2.9997119710000106,0.13808686677937018],[3.499622035000016,0.13787942902392533],[4.00016610800003,0.13931223406734156],[4.5000295030000075,0.1391227866680399],[4.999992592000012,0.13915053366299227],[5.500003765000031,0.13916391647946366],[6.000023349999992,0.13916625772086122],[6.500136585000007,0.13919232253998826],[7.000034909000021,0.13913250816369113],[7.5001062979999915,0.13918067589373379],[8.000042377,0.14039942821119242],[8.499990620999995,0.14040284456603075],[9.000144927999997,0.14046071421895592],[9.500033760999997,0.14038615989217113],[10.000109328999997,0.14043860157087418]],"reps":[],"score":[[0,0.42934711218630384],[0.4998014060000173,0.4699467066306286],[1.0000093450000236,0.4703289561445115],[1.4999972280000406,0.4701220447768607],[1.9995637989999864,0.4697258990587403],[2.4990497990000335,0.46965014081637096],[2.9997119710000106,0.4707560563883616],[3.499622035000016,0.4700488741488275],[4.00016610800003,0.4777170630774865],[4.5000295030000075,0.477067426986242],[4.999992592000012,0.47716257450165306],[5.500003765000031,0.4772084656599079],[6.000023349999992,0.4772164940356775],[6.500136585000007,0.47730587318408013],[7.000034909000021,0.47710076307034344],[7.5001062979999915,0.477265935545576],[8.000042377,0.48420025736115396],[8.499990620999995,0.4842120394596499],[9.000144927999997,0.48441161648924885],[9.500033760999997,0.484154498460518],[10.000109328999997,0.48433535585180504]],"motion":[]},"serverReceivedTimestamp":"2020-01-28T18:07:40.677Z"}