{"timestamp":"2020-01-28T18:07:40.625Z","videoElapsedSeconds":390.956659973,"metrics":{"time":[[0,0],[0.4992725430000178,0.4992725430000178],[1.0000977679999892,0.5008252249999714],[1.5000833710000165,0.49998560300002737],[2.0001195689999918,0.5000361979999752],[2.500044356999979,0.4999247879999871],[3.0001827550000257,0.5001383980000469],[3.4995458939999935,0.49936313899996776],[3.999400864999984,0.49985497099999066],[4.500114203999999,0.5007133390000149],[5.000111747000005,0.4999975430000063],[5.500201692000019,0.5000899450000134],[6.000095284999986,0.4998935929999675],[6.500161992000017,0.5000667070000304],[7.000161158000026,0.49999916600000915],[7.499965572000008,0.499804413999982],[8.000115847000018,0.50015027500001],[8.49947216999999,0.49935632299997224],[9.000093556000024,0.5006213860000344],[9.500122627999986,0.5000290719999612],[9.999842559000001,0.49971993100001555]],"bpm":[[0,145],[0.4992725430000178,145],[1.0000977679999892,145],[1.5000833710000165,145],[2.0001195689999918,145],[2.500044356999979,145],[3.0001827550000257,145],[3.4995458939999935,145],[3.999400864999984,145],[4.500114203999999,145],[5.000111747000005,145],[5.500201692000019,145],[6.000095284999986,145],[6.500161992000017,145],[7.000161158000026,145],[7.499965572000008,145],[8.000115847000018,146],[8.49947216999999,146],[9.000093556000024,146],[9.500122627999986,146],[9.999842559000001,146]],"kcal":[[0,0.14039716973806404],[0.4992725430000178,0.1402130842386139],[1.0000977679999892,0.14064913131371862],[1.5000833710000165,0.14041333627179753],[2.0001195689999918,0.14042754510640942],[2.500044356999979,0.14039625730592373],[3.0001827550000257,0.1404562464187891],[3.4995458939999935,0.14023852674441706],[3.999400864999984,0.14037665026556265],[4.500114203999999,0.14061770983589664],[5.000111747000005,0.14041668943881289],[5.500201692000019,0.1404426391322067],[6.000095284999986,0.14038749666561437],[6.500161992000017,0.1404361130940842],[7.000161158000026,0.1404171452336274],[7.499965572000008,0.14036245210265452],[8.000115847000018,0.14171653221386626],[8.49947216999999,0.14149156757860817],[9.000093556000024,0.14185002052837586],[9.500122627999986,0.1416821895978178],[9.999842559000001,0.14159459514337627]],"reps":[],"score":[[0,0.4841924684884788],[0.4992725430000178,0.4835576065994677],[1.0000977679999892,0.48506141689753896],[1.5000833710000165,0.48424822256023053],[2.0001195689999918,0.4842972250487986],[2.500044356999979,0.4841893217528917],[3.0001827550000257,0.4843962082356812],[3.4995458939999935,0.48364535102987455],[3.999400864999984,0.48412170228955137],[4.500114203999999,0.48495305258408034],[5.000111747000005,0.48425978674074394],[5.500201692000019,0.48434928032615104],[6.000095284999986,0.48415910863631073],[6.500161992000017,0.4843267737577217],[7.000161158000026,0.4842613586557388],[7.499965572000008,0.48407273660484906],[8.000115847000018,0.49147419880103027],[8.49947216999999,0.4906940194377279],[9.000093556000024,0.49193713746738077],[9.500122627999986,0.4913550983020027],[9.999842559000001,0.49105131995205614]],"motion":[]},"serverReceivedTimestamp":"2020-01-28T18:07:51.162Z"}