{"timestamp":"2020-01-28T18:07:51.124Z","videoElapsedSeconds":401.456776502,"metrics":{"time":[[0,0],[0.49984412499998143,0.49984412499998143],[1.0001802559999646,0.5003361309999832],[1.5001980349999826,0.500017779000018],[2.0000199169999746,0.499821881999992],[2.499922129999959,0.4999022129999844],[3.0000818939999476,0.5001597639999886],[3.500010440999972,0.49992854700002454],[4.000019909000002,0.5000094680000302],[4.500029583999947,0.5000096749999443],[5.00006235699999,0.5000327730000436],[5.500073110999949,0.500010753999959],[6.000047264999978,0.49997415400002865],[6.500184737999973,0.5001374729999952],[7.000085109999986,0.49990037200001325],[7.500166928999988,0.5000818190000018],[8.000124851999999,0.49995792300001085],[8.500144583999997,0.5000197319999984],[9.000184596999986,0.5000400129999889],[9.500211788000001,0.5000271910000151],[10.000116678999973,0.4999048909999715]],"bpm":[[0,146],[0.49984412499998143,146],[1.0001802559999646,146],[1.5001980349999826,146],[2.0000199169999746,146],[2.499922129999959,148],[3.0000818939999476,148],[3.500010440999972,148],[4.000019909000002,148],[4.500029583999947,148],[5.00006235699999,148],[5.500073110999949,148],[6.000047264999978,148],[6.500184737999973,148],[7.000085109999986,148],[7.500166928999988,148],[8.000124851999999,148],[8.500144583999997,148],[9.000184596999986,148],[9.500211788000001,148],[10.000116678999973,148]],"kcal":[[0,0.14175158093288193],[0.49984412499998143,0.1416297852529827],[1.0001802559999646,0.1417691941219445],[1.5001980349999826,0.14167898974995166],[2.0000199169999746,0.14162348274555225],[2.499922129999959,0.14415889817564914],[3.0000818939999476,0.1442331692379072],[3.500010440999972,0.1441664922217078],[4.000019909000002,0.14418982774993058],[4.500029583999947,0.14418988744336414],[5.00006235699999,0.14419654831054532],[5.500073110999949,0.1441901985991246],[6.000047264999978,0.1441796441036133],[6.500184737999973,0.14422674108873176],[7.000085109999986,0.14415836727876477],[7.500166928999988,0.14421069191129368],[8.000124851999999,0.14417496350205164],[8.500144583999997,0.1441927876226573],[9.000184596999986,0.14419863613970021],[9.500211788000001,0.14419493860578148],[10.000116678999973,0.14415967044173922]],"reps":[],"score":[[0,0.4915957480714516],[0.49984412499998143,0.49117335956630837],[1.0001802559999646,0.49165683076835087],[1.5001980349999826,0.49134400120103816],[2.0000199169999746,0.4911515024142779],[2.499922129999959,0.5053564051198428],[3.0000818939999476,0.5056167661346823],[3.500010440999972,0.5053830264374659],[4.000019909000002,0.505464830327503],[4.500029583999947,0.5054650395858934],[5.00006235699999,0.5054883895971397],[5.500073110999949,0.5054661303583572],[6.000047264999978,0.5054291310334669],[6.500184737999973,0.5055942319283311],[7.000085109999986,0.5053545440336084],[7.500166928999988,0.505537970714366],[8.000124851999999,0.5054127229448304],[8.500144583999997,0.5054752063130281],[9.000184596999986,0.5054957085892352],[9.500211788000001,0.5054827466945992],[10.000116678999973,0.5053591123381972]],"motion":[]},"serverReceivedTimestamp":"2020-01-28T18:08:01.654Z"}