{"timestamp":"2020-01-28T18:08:01.624Z","videoElapsedSeconds":411.956807158,"metrics":{"time":[[0,0],[0.4999861339999825,0.4999861339999825],[0.9990806149999685,0.499094480999986],[1.500105657000006,0.5010250420000375],[2.0001627949999943,0.5000571379999883],[2.5001617890000034,0.49999899400000913],[2.999934719999999,0.4997729309999954],[3.4999634399999877,0.5000287199999889],[4.0001384070000086,0.5001749670000208],[4.49952126300002,0.4993828560000111],[4.999752034999972,0.5002307719999521],[5.4999998619999815,0.5002478270000097],[6.000252768999985,0.5002529070000037],[6.500118735000001,0.49986596600001576],[7.000145900000007,0.5000271650000059],[7.500238362000005,0.5000924619999978],[8.000170687999969,0.4999323259999642],[8.04319284199994,0.04302215399997067]],"bpm":[[0,148],[0.4999861339999825,148],[0.9990806149999685,148],[1.500105657000006,148],[2.0001627949999943,148],[2.5001617890000034,148],[2.999934719999999,148],[3.4999634399999877,148],[4.0001384070000086,148],[4.49952126300002,148],[4.999752034999972,148],[5.4999998619999815,148],[6.000252768999985,148],[6.500118735000001,148],[7.000145900000007,148],[7.500238362000005,145],[8.000170687999969,145],[8.04319284199994,145]],"kcal":[[0,0.1441622906096834],[0.4999861339999825,0.14418309882645425],[0.9990806149999685,0.14392596911049815],[1.500105657000006,0.1444826930844893],[2.0001627949999943,0.14420357454778682],[2.5001617890000034,0.14418680731860767],[2.999934719999999,0.14412161658299424],[3.4999634399999877,0.14419537952991782],[4.0001384070000086,0.14423755339080072],[4.49952126300002,0.14400912901894417],[4.999752034999972,0.1442536461127243],[5.4999998619999815,0.14425856433463397],[6.000252768999985,0.14426002927554207],[6.500118735000001,0.1441484454762176],[7.000145900000007,0.14419493110804973],[7.500238362000005,0.14044334599329047],[8.000170687999969,0.14039837423832988],[8.04319284199994,0.012082116245924406]],"reps":[],"score":[[0,0.5053682974711987],[0.4999861339999825,0.5054412417414265],[0.9990806149999685,0.5045398603452762],[1.500105657000006,0.5064914847659719],[2.0001627949999943,0.5055130204318562],[2.5001617890000034,0.5054542420507157],[2.999934719999999,0.505225712586259],[3.4999634399999877,0.5054842923767547],[4.0001384070000086,0.5056321350073208],[4.49952126300002,0.5048313816659452],[4.999752034999972,0.5056885488687114],[5.4999998619999815,0.5057057899476549],[6.000252768999985,0.5057109253730806],[6.500118735000001,0.5053197626463267],[7.000145900000007,0.5054827204109164],[7.500238362000005,0.48435171810188166],[8.000170687999969,0.48419662248929024],[8.04319284199994,0.04166800299887269]],"motion":[]},"serverReceivedTimestamp":"2020-01-28T18:08:10.213Z"}