{"timestamp":"2020-01-28T18:08:20.127Z","videoElapsedSeconds":430.457082773,"metrics":{"time":[[0,0],[0.49985580999998547,0.49985580999998547],[0.9999173569999584,0.500061546999973],[1.4999716599999715,0.5000543030000131],[1.9999595299999555,0.499987869999984],[2.499969213999975,0.5000096840000197],[3.0000340919999644,0.5000648779999892],[3.5000233739999658,0.49998928200000137],[3.9999479640000004,0.49992459000003464],[4.500050439999995,0.500102475999995],[5.0000213149999695,0.49997087499997406],[5.499664038999981,0.49964272400001164],[5.999511084999995,0.4998470460000135],[6.500061417999973,0.5005503329999783],[7.000002418999998,0.4999410010000247],[7.5000613839999914,0.5000589649999938],[8.000404203999949,0.5003428199999576],[8.500056538999957,0.4996523350000075],[9.00007220699996,0.5000156680000032],[9.50013013499995,0.5000579279999897],[10.000046164999958,0.4999160300000085]],"bpm":[[0,143],[0.49985580999998547,143],[0.9999173569999584,143],[1.4999716599999715,143],[1.9999595299999555,143],[2.499969213999975,143],[3.0000340919999644,143],[3.5000233739999658,143],[3.9999479640000004,144],[4.500050439999995,144],[5.0000213149999695,144],[5.499664038999981,144],[5.999511084999995,144],[6.500061417999973,144],[7.000002418999998,144],[7.5000613839999914,144],[8.000404203999949,144],[8.500056538999957,144],[9.00007220699996,144],[9.50013013499995,144],[10.000046164999958,144]],"kcal":[[0,0.12606729949314052],[0.49985580999998547,0.13786446531128244],[0.9999173569999584,0.13792120931811516],[1.4999716599999715,0.1379192113615821],[1.9999595299999555,0.13790088857760158],[2.499969213999975,0.13790690506353823],[3.0000340919999644,0.13792212803612747],[3.5000233739999658,0.13790127801916355],[3.9999479640000004,0.1391398185591992],[4.500050439999995,0.1391893280777422],[5.0000213149999695,0.1391527006750671],[5.499664038999981,0.1390613691592583],[5.999511084999995,0.13911823638798956],[6.500061417999973,0.1393139763606325],[7.000002418999998,0.13914438609519697],[7.5000613839999914,0.1391772180260132],[8.000404203999949,0.13925622100762705],[8.500056538999957,0.1390640441082853],[9.00007220699996,0.13916516753511246],[9.50013013499995,0.1391769294064988],[10.000046164999958,0.13913743612617963]],"reps":[],"score":[[0,0.31391832381413787],[0.49985580999998547,0.34329427248820343],[0.9999173569999584,0.34343556990302115],[1.4999716599999715,0.3434305948209147],[1.9999595299999555,0.343384969526664],[2.499969213999975,0.34339995108959165],[3.0000340919999644,0.34343785758919854],[3.5000233739999658,0.3433859392693558],[3.9999479640000004,0.3467529057562275],[4.500050439999995,0.34687628933969883],[5.0000213149999695,0.3467850095145602],[5.499664038999981,0.3465574005610503],[5.999511084999995,0.346699120429662],[6.500061417999973,0.3471869276223795],[7.000002418999998,0.3467642885968534],[7.5000613839999914,0.34684610965663343],[8.000404203999949,0.3470429944428986],[8.500056538999957,0.3465640668508117],[9.00007220699996,0.3468160784062057],[9.50013013499995,0.3468453903826232],[10.000046164999958,0.3467469684509985]],"motion":[]},"serverReceivedTimestamp":"2020-01-28T18:08:30.686Z"}