{"timestamp":"2020-01-28T18:08:30.624Z","videoElapsedSeconds":440.957233798,"metrics":{"time":[[0,0],[0.4998901559999922,0.4998901559999922],[0.9999770910000052,0.500086935000013],[1.4999495910000178,0.4999725000000126],[1.9999392259999809,0.4999896349999631],[2.4999764550000236,0.5000372290000428],[3.000084737999998,0.5001082829999746],[3.500013588999991,0.49992885099999285],[3.9999929520000137,0.49997936300002266],[4.499997160000021,0.5000042080000071],[5.000041316000022,0.5000441560000013],[5.500143284999979,0.5001019689999566],[6.000071391999995,0.49992810700001655],[6.500051214999985,0.49997982299998966],[6.999414858000023,0.4993636430000379],[7.500058273999969,0.5006434159999458],[7.999246280000023,0.499188006000054],[8.499283597999977,0.5000373179999542],[8.99947086100002,0.5001872630000435],[9.499881661000018,0.5004107999999974],[9.999525043999995,0.49964338299997735]],"bpm":[[0,144],[0.4998901559999922,144],[0.9999770910000052,144],[1.4999495910000178,144],[1.9999392259999809,144],[2.4999764550000236,144],[3.000084737999998,144],[3.500013588999991,144],[3.9999929520000137,144],[4.499997160000021,144],[5.000041316000022,144],[5.500143284999979,144],[6.000071391999995,144],[6.500051214999985,144],[6.999414858000023,144],[7.500058273999969,144],[7.999246280000023,144],[8.499283597999977,145],[8.99947086100002,145],[9.499881661000018,145],[9.999525043999995,145]],"kcal":[[0,0.1391899915964764],[0.4998901559999922,0.13913023483274523],[0.9999770910000052,0.1391850026815505],[1.4999495910000178,0.1391531529476999],[1.9999392259999809,0.13915792198853488],[2.4999764550000236,0.13917116842743396],[3.000084737999998,0.1391909442913466],[3.500013588999991,0.13914100448758304],[3.9999929520000137,0.1391550630689367],[4.499997160000021,0.13916197796942187],[5.000041316000022,0.13917309636123973],[5.500143284999979,0.1391891869686734],[6.000071391999995,0.13914079741630914],[6.500051214999985,0.13915519109686977],[6.999414858000023,0.13898369488502493],[7.500058273999969,0.1393398833713807],[7.999246280000023,0.13893481131178434],[8.499283597999977,0.14042785964133345],[8.99947086100002,0.14046996940928175],[9.499881661000018,0.14053274636876892],[9.999525043999995,0.14031722900059285]],"reps":[],"score":[[0,0.346877942906963],[0.4998901559999922,0.3467290219749326],[0.9999770910000052,0.34686550994014553],[1.4999495910000178,0.3467861366315224],[1.9999392259999809,0.3467980216460662],[2.4999764550000236,0.3468310333405384],[3.000084737999998,0.34688031713540424],[3.500013588999991,0.34675586123020596],[3.9999929520000137,0.3467908968798544],[4.499997160000021,0.3468081296307742],[5.000041316000022,0.3468358379799017],[5.500143284999979,0.3468759376791883],[6.000071391999995,0.3467553451840686],[6.500051214999985,0.3467912159406256],[6.999414858000023,0.346363827070932],[7.500058273999969,0.34725149096125274],[7.999246280000023,0.3462420034172831],[8.499283597999977,0.3502432603931441],[8.99947086100002,0.3503482870057997],[9.499881661000018,0.35050485997518427],[9.999525043999995,0.3499673348295747]],"motion":[]},"serverReceivedTimestamp":"2020-01-28T18:08:41.187Z"}