{"timestamp":"2020-01-28T18:08:41.125Z","videoElapsedSeconds":451.457502419,"metrics":{"time":[[0,0],[0.49959989699999596,0.49959989699999596],[0.9991988170000354,0.49959892000003947],[1.4998737970000207,0.5006749799999852],[1.9998426660000064,0.4999688689999857],[2.4999322540000435,0.5000895880000371],[2.999503523000044,0.4995712690000005],[3.4990678380000304,0.49956431499998644],[3.999777494,0.5007096559999695],[4.499875399000018,0.5000979050000183],[4.999862323000002,0.4999869239999839],[5.499196851000022,0.4993345280000199],[5.999811808000004,0.500614956999982],[6.4998370499999965,0.5000252419999924],[6.999843741999996,0.5000066919999995],[7.499925162000011,0.500081420000015],[7.999822523000034,0.49989736100002347],[8.499820705000047,0.499998182000013],[8.999128864,0.49930815899995196],[9.499841927000034,0.5007130630000347],[9.999860500000011,0.5000185729999771]],"bpm":[[0,145],[0.49959989699999596,145],[0.9991988170000354,145],[1.4998737970000207,145],[1.9998426660000064,145],[2.4999322540000435,145],[2.999503523000044,146],[3.4990678380000304,146],[3.999777494,146],[4.499875399000018,146],[4.999862323000002,146],[5.499196851000022,146],[5.999811808000004,146],[6.4998370499999965,146],[6.999843741999996,146],[7.499925162000011,146],[7.999822523000034,148],[8.499820705000047,148],[8.999128864,148],[9.499841927000034,148],[9.999860500000011,148]],"kcal":[[0,0.14062620171732645],[0.49959989699999596,0.14030501662027256],[0.9991988170000354,0.14030474224472533],[1.4998737970000207,0.14060693729537166],[1.9998426660000064,0.14040863678293042],[2.4999322540000435,0.14044253887420444],[2.999503523000044,0.14155247207723556],[3.4990678380000304,0.14155050167590566],[3.999777494,0.14187503164786255],[4.499875399000018,0.14170169328412485],[4.999862323000002,0.14167024705035744],[5.499196851000022,0.1414853920110493],[5.999811808000004,0.14184819888468483],[6.4998370499999965,0.14168110437535353],[6.999843741999996,0.14167584827173235],[7.499925162000011,0.14169702229392295],[7.999822523000034,0.14415749898406705],[8.499820705000047,0.14418657315876257],[8.999128864,0.1439875883316947],[9.499841927000034,0.1443927263915546],[9.999860500000011,0.14419245339695935]],"reps":[],"score":[[0,0.35073794838131367],[0.49959989699999596,0.34993687574608895],[0.9991988170000354,0.3499361914218639],[1.4998737970000207,0.350689900693538],[1.9998426660000064,0.350195316369655],[2.4999322540000435,0.35027987209109296],[2.999503523000044,0.35332580880080683],[3.4990678380000304,0.35332089052821625],[3.999777494,0.35413094218707525],[4.499875399000018,0.3536982763588839],[4.999862323000002,0.3536197841516015],[5.499196851000022,0.3531583718193689],[5.999811808000004,0.35406396555563246],[6.4998370499999965,0.35364688486612367],[6.999843741999996,0.3536337652290319],[7.499925162000011,0.353686617209688],[7.999822523000034,0.3603788605571509],[8.499820705000047,0.36045154299144855],[8.999128864,0.35995410147260803],[9.499841927000034,0.36096690478433024],[9.999860500000011,0.3604662429796981]],"motion":[]},"serverReceivedTimestamp":"2020-01-28T18:08:51.678Z"}