{"timestamp":"2020-01-28T18:08:51.625Z","videoElapsedSeconds":461.957375315,"metrics":{"time":[[0,0],[0.4999036359999991,0.4999036359999991],[0.9999339280000186,0.5000302920000195],[1.5001315210000143,0.5001975929999958],[1.9992844010000113,0.4991528799999969],[2.500020179000046,0.5007357780000348],[2.999987572000009,0.49996739299996307],[3.500062173999993,0.5000746019999838],[4.000126929000032,0.5000647550000394],[4.500024147000033,0.499897218000001],[4.999313642999994,0.4992894959999603],[5.499994318000006,0.5006806750000123],[6.000089348000017,0.5000950300000113],[6.500183151000044,0.500093803000027],[7.000119025000004,0.4999358739999593],[7.500203606000014,0.5000845810000101],[8.000137084000016,0.49993347800000265],[8.042624684999964,0.04248760099994797]],"bpm":[[0,148],[0.4999036359999991,148],[0.9999339280000186,148],[1.5001315210000143,148],[1.9992844010000113,148],[2.500020179000046,148],[2.999987572000009,148],[3.500062173999993,148],[4.000126929000032,148],[4.500024147000033,148],[4.999313642999994,148],[5.499994318000006,148],[6.000089348000017,148],[6.500183151000044,148],[7.000119025000004,148],[7.500203606000014,149],[8.000137084000016,149],[8.042624684999964,149]],"kcal":[[0,0.14419067210956096],[0.4999036359999991,0.14415930853213263],[0.9999339280000186,0.14419583285416096],[1.5001315210000143,0.14424407814532605],[1.9992844010000113,0.14394280987510616],[2.500020179000046,0.1443992768113906],[2.999987572000009,0.14417769440566305],[3.500062173999993,0.14420861071472427],[4.000126929000032,0.14420577109404367],[4.500024147000033,0.14415745774655064],[4.999313642999994,0.14398220640409867],[5.499994318000006,0.14438338652812546],[6.000089348000017,0.1442145016227845],[6.500183151000044,0.14421414778765201],[7.000119025000004,0.14416860513941462],[7.500203606000014,0.14546827362290998],[8.000137084000016,0.1454243196731474],[8.042624684999964,0.012359105244721256]],"reps":[],"score":[[0,0.3604617899451528],[0.4999036359999991,0.36038338424044597],[0.9999339280000186,0.3604746912737113],[1.5001315210000143,0.3605952995194138],[1.9992844010000113,0.35984215995533275],[2.500020179000046,0.3609832801574692],[2.999987572000009,0.3604293470255937],[3.500062173999993,0.3605066346055714],[4.000126929000032,0.3604995358471128],[4.500024147000033,0.36037875746761855],[4.999313642999994,0.35994064720940067],[5.499994318000006,0.36094355609026946],[6.000089348000017,0.3605213612673779],[6.500183151000044,0.3605204767160865],[7.000119025000004,0.3604066247986059],[7.500203606000014,0.3639263163592505],[8.000137084000016,0.36381635424429476],[8.042624684999964,0.030919481844316976]],"motion":[]},"serverReceivedTimestamp":"2020-01-28T18:09:00.181Z"}