{"timestamp":"2020-01-28T18:09:10.129Z","videoElapsedSeconds":480.457664269,"metrics":{"time":[[0,0],[0.4997660699999642,0.4997660699999642],[0.9997694799999977,0.5000034100000335],[1.4998983219999786,0.500128841999981],[1.998923776999959,0.4990254549999804],[2.4991737909999756,0.5002500140000166],[2.9998217129999603,0.5006479219999846],[3.4998355579999725,0.5000138450000122],[4.000094176000005,0.5002586180000321],[4.499467618999972,0.49937344299996766],[5.000003865999986,0.5005362470000136],[5.499737834999962,0.49973396899997624],[6.000294352999958,0.5005565179999962],[6.499936023999965,0.4996416710000062],[6.999941784999976,0.5000057610000113],[7.499961353999993,0.5000195690000169],[8.000011201000007,0.5000498470000139],[8.500014497999985,0.5000032969999779],[9.000037760999987,0.5000232630000028],[9.500028901999997,0.4999911410000095],[10.000064441000006,0.5000355390000095]],"bpm":[[0,149],[0.4997660699999642,149],[0.9997694799999977,149],[1.4998983219999786,149],[1.998923776999959,149],[2.4991737909999756,149],[2.9998217129999603,149],[3.4998355579999725,149],[4.000094176000005,149],[4.499467618999972,149],[5.000003865999986,149],[5.499737834999962,149],[6.000294352999958,149],[6.499936023999965,149],[6.999941784999976,149],[7.499961353999993,149],[8.000011201000007,149],[8.500014497999985,146],[9.000037760999987,146],[9.500028901999997,146],[10.000064441000006,146]],"kcal":[[0,0.13312874189642512],[0.4997660699999642,0.14537562280529442],[0.9997694799999977,0.14544466200662853],[1.4998983219999786,0.1454811485874644],[1.998923776999959,0.1451601872778654],[2.4991737909999756,0.1455163959882568],[2.9998217129999603,0.14563214238799657],[3.4998355579999725,0.14544769741601696],[4.000094176000005,0.14551889878293608],[4.499467618999972,0.1452614125815898],[5.000003865999986,0.14559965754429244],[5.499737834999962,0.1453662850307914],[6.000294352999958,0.1456055541215598],[6.499936023999965,0.14533943671107788],[6.999941784999976,0.1454453458827588],[7.499961353999993,0.14544936245515339],[8.000011201000007,0.14545816994203792],[8.500014497999985,0.1416748863055914],[9.000037760999987,0.14168054362985405],[9.500028901999997,0.14167144192847678],[10.000064441000006,0.1416840220087281]],"reps":[],"score":[[0,0.3330558027071898],[0.4997660699999642,0.36369452649935363],[0.9997694799999977,0.36386724582570673],[1.4998983219999786,0.3639585263958919],[1.998923776999959,0.36315555909458874],[2.4991737909999756,0.36404670683834955],[2.9998217129999603,0.364336276239567],[3.4998355579999725,0.36387483968332157],[4.000094176000005,0.36405296822322436],[4.499467618999972,0.3634088002377556],[5.000003865999986,0.3642550070444888],[5.499737834999962,0.36367116565376684],[6.000294352999958,0.3642697588497491],[6.499936023999965,0.36360399767376383],[6.999941784999976,0.36386895671781216],[7.499961353999993,0.3638790052071463],[8.000011201000007,0.3639010394018091],[8.500014497999985,0.3536313640878876],[9.000037760999987,0.35364548520242134],[9.500028901999997,0.3536227666588777],[10.000064441000006,0.3536541675024261]],"motion":[]},"serverReceivedTimestamp":"2020-01-28T18:09:20.699Z"}