{"timestamp":"2020-01-28T18:09:20.623Z","videoElapsedSeconds":490.956751841,"metrics":{"time":[[0,0],[0.5007424779999496,0.5007424779999496],[1.0008319539999775,0.5000894760000278],[1.5009128219999752,0.5000808679999977],[2.000912863999986,0.5000000420000106],[2.501000140999963,0.5000872769999773],[3.000642405999997,0.49964226500003406],[3.50101198699997,0.5003695809999726],[4.000955835999946,0.4999438489999761],[4.501037011999983,0.5000811760000374],[5.000983669999982,0.49994665799999893],[5.500967163999974,0.4999834939999914],[6.00096102699996,0.49999386299998605],[6.500896219999959,0.4999351929999989],[7.000990266999963,0.5000940470000046],[7.5009900019999804,0.49999973500001715],[8.001062009999998,0.5000720080000178],[8.501048242999957,0.4999862329999587],[9.00097758999999,0.4999293470000339],[9.501045464999947,0.5000678749999565],[10.001043932999949,0.49999846800000114]],"bpm":[[0,146],[0.5007424779999496,146],[1.0008319539999775,146],[1.5009128219999752,146],[2.000912863999986,146],[2.501000140999963,146],[3.000642405999997,146],[3.50101198699997,146],[4.000955835999946,146],[4.501037011999983,146],[5.000983669999982,146],[5.500967163999974,146],[6.00096102699996,146],[6.500896219999959,146],[7.000990266999963,146],[7.5009900019999804,146],[8.001062009999998,146],[8.501048242999957,147],[9.00097758999999,147],[9.501045464999947,147],[10.001043932999949,147]],"kcal":[[0,0.14139715832371516],[0.5007424779999496,0.14188433169276907],[1.0008319539999775,0.14169930494464292],[1.5009128219999752,0.1416968658858749],[2.000912863999986,0.14167396400817248],[2.501000140999963,0.14169868186258727],[3.000642405999997,0.14157258864505273],[3.50101198699997,0.14177867210933745],[4.000955835999946,0.14165804183938116],[4.501037011999983,0.14169695315704067],[5.000983669999982,0.14165883776365054],[5.500967163999974,0.1416692751670481],[6.00096102699996,0.1416722132014654],[6.500896219999959,0.1416555891799287],[7.000990266999963,0.14170060012790653],[7.5009900019999804,0.14167387702036774],[8.001062009999998,0.14169435542344924],[8.501048242999957,0.14292658931622057],[9.00097758999999,0.1429103278245785],[9.501045464999947,0.14294992758402578],[10.001043932999949,0.14293008682617372]],"reps":[],"score":[[0,0.3529381337798396],[0.5007424779999496,0.3541541558112547],[1.0008319539999775,0.3536923148806649],[1.5009128219999752,0.3536862268032242],[2.000912863999986,0.3536290619629107],[2.501000140999963,0.3536907596201453],[3.000642405999997,0.35337602129437895],[3.50101198699997,0.35389042140078714],[4.000955835999946,0.353589319010467],[4.501037011999983,0.35368644463873616],[5.000983669999982,0.35359130569838637],[5.500967163999974,0.3536173582564456],[6.00096102699996,0.3536246918153127],[6.500896219999959,0.35358319698467666],[7.000990266999963,0.3536955477572613],[7.5009900019999804,0.35362884483468954],[8.001062009999998,0.3536799604967868],[8.501048242999957,0.35703111216268774],[9.00097758999999,0.3569904909005826],[9.501045464999947,0.35708941123601123],[10.001043932999949,0.35703984895459145]],"motion":[]},"serverReceivedTimestamp":"2020-01-28T18:09:31.197Z"}