{"timestamp":"2020-01-28T18:09:31.124Z","videoElapsedSeconds":501.457814756,"metrics":{"time":[[0,0],[0.4998521630000141,0.4998521630000141],[0.9998200279999878,0.4999678649999737],[1.4998289499999942,0.5000089220000064],[2.000022192000017,0.500193242000023],[2.500016782999978,0.499994590999961],[3.0000167970000007,0.5000000140000225],[3.5001062729999717,0.500089475999971],[4.000181909999981,0.500075637000009],[4.5000617709999915,0.4998798610000108],[5.000073272000009,0.5000115010000172],[5.499327092999977,0.49925382099996796],[6.000046541000017,0.5007194480000408],[6.50022002999998,0.5001734889999625],[6.999997784000016,0.49977775400003566],[7.500376360000018,0.5003785760000028],[8.00004815699998,0.4996717969999622],[8.500115608999977,0.5000674519999961],[9.000145293000003,0.500029684000026],[9.50013180999997,0.499986516999968],[9.99993742700002,0.49980561700004955]],"bpm":[[0,147],[0.4998521630000141,147],[0.9998200279999878,147],[1.4998289499999942,147],[2.000022192000017,147],[2.500016782999978,147],[3.0000167970000007,150],[3.5001062729999717,150],[4.000181909999981,150],[4.5000617709999915,150],[5.000073272000009,150],[5.499327092999977,150],[6.000046541000017,150],[6.50022002999998,150],[6.999997784000016,150],[7.500376360000018,150],[8.00004815699998,148],[8.500115608999977,148],[9.000145293000003,148],[9.50013180999997,148],[9.99993742700002,148]],"kcal":[[0,0.14293595097975167],[0.4998521630000141,0.14288826392532586],[0.9998200279999878,0.1429213386204671],[1.4998289499999942,0.14293307521758702],[2.000022192000017,0.14298576512624125],[2.500016782999978,0.1429289785428732],[3.0000167970000007,0.14670024684614602],[3.5001062729999717,0.14672649504036264],[4.000181909999981,0.1467224346710553],[4.5000617709999915,0.14666499389761106],[5.000073272000009,0.14670361713752114],[5.499327092999977,0.14648131345767043],[6.000046541000017,0.1469113291310201],[6.50022002999998,0.14675114449534654],[6.999997784000016,0.14663503565424776],[7.500376360000018,0.1468113171207234],[8.00004815699998,0.1440924521471631],[8.500115608999977,0.14420654883923467],[9.000145293000003,0.14419565752265237],[9.50013180999997,0.14418320927376674],[9.99993742700002,0.1441310423819426]],"reps":[],"score":[[0,0.3570544976304176],[0.4998521630000141,0.3569353752042906],[0.9998200279999878,0.35701799590661903],[1.4998289499999942,0.3570473139666299],[2.000022192000017,0.3571789335398428],[2.500016782999978,0.3570370804590913],[3.0000167970000007,0.3672766852217286],[3.5001062729999717,0.36734239983347744],[4.000181909999981,0.3673322343496964],[4.5000617709999915,0.3671884264330724],[5.000073272000009,0.3672851230360548],[5.499327092999977,0.36672856665388465],[6.000046541000017,0.3678051478764567],[6.50022002999998,0.3674041118640543],[6.999997784000016,0.3671134233941949],[7.500376360000018,0.3675547592069499],[8.00004815699998,0.3602162501821688],[8.500115608999977,0.3605014801297739],[9.000145293000003,0.360474252963046],[9.50013180999997,0.36044313362634167],[9.99993742700002,0.3603127217839687]],"motion":[]},"serverReceivedTimestamp":"2020-01-28T18:09:41.680Z"}