{"timestamp":"2020-01-28T18:09:41.625Z","videoElapsedSeconds":511.957883043,"metrics":{"time":[[0,0],[0.49992277200004764,0.49992277200004764],[0.9998549100000105,0.49993213799996283],[1.4999786200000358,0.5001237100000253],[2.000111946000004,0.5001333259999683],[2.500084448999985,0.49997250299998086],[3.0000724820000073,0.49998803300002237],[3.50011764300001,0.5000451610000027],[3.999117604999981,0.49899996199997076],[4.499518077999994,0.5004004730000133],[4.999761687999978,0.5002436099999841],[5.500237191000053,0.5004755030000752],[6.000166094000008,0.4999289029999545],[6.500068545000033,0.4999024510000254],[7.000085265999985,0.5000167209999518],[7.5000725560000205,0.4999872900000355],[8.000150724999969,0.5000781689999485],[8.042116956999905,0.0419662319999361]],"bpm":[[0,148],[0.49992277200004764,148],[0.9998549100000105,148],[1.4999786200000358,148],[2.000111946000004,148],[2.500084448999985,150],[3.0000724820000073,150],[3.50011764300001,150],[3.999117604999981,150],[4.499518077999994,150],[4.999761687999978,150],[5.500237191000053,150],[6.000166094000008,150],[6.500068545000033,150],[7.000085265999985,150],[7.5000725560000205,152],[8.000150724999969,152],[8.042116956999905,152]],"kcal":[[0,0.14422483407016995],[0.49992277200004764,0.14416482686073923],[0.9998549100000105,0.14416752777342368],[1.4999786200000358,0.14422277219469676],[2.000111946000004,0.14422554520093794],[2.500084448999985,0.14669217510537785],[3.0000724820000073,0.14669673161492947],[3.50011764300001,0.14671349299785805],[3.999117604999981,0.14640683110382852],[4.499518077999994,0.14681774171115697],[4.999761687999978,0.146771718030795],[5.500237191000053,0.14683975554960044],[6.000166094000008,0.14667938284420332],[6.500068545000033,0.1466716218145823],[7.000085265999985,0.14670514868803614],[7.5000725560000205,0.14920959504970643],[8.000150724999969,0.1492367157766664],[8.042116956999905,0.01252384732114301]],"reps":[],"score":[[0,0.3605471913188269],[0.49992277200004764,0.3603971794920939],[0.9998549100000105,0.36040393149488636],[1.4999786200000358,0.36054203684307035],[2.000111946000004,0.36054896907230966],[2.500084448999985,0.36725647692448965],[3.0000724820000073,0.3672678845380437],[3.50011764300001,0.367309848101801],[3.999117604999981,0.36654209367504054],[4.499518077999994,0.3675708437216599],[4.999761687999978,0.3674556194795168],[5.500237191000053,0.3676259572595465],[6.000166094000008,0.36722445039841567],[6.500068545000033,0.36720501999325683],[7.000085265999985,0.3672889574044931],[7.5000725560000205,0.3740909866433268],[8.000150724999969,0.3741589824012642],[8.042116956999905,0.031399176436180475]],"motion":[]},"serverReceivedTimestamp":"2020-01-28T18:09:50.197Z"}