{"timestamp":"2020-01-28T18:10:00.126Z","videoElapsedSeconds":530.458058968,"metrics":{"time":[[0,0],[0.49992923399997835,0.49992923399997835],[0.9999398859999928,0.5000106520000145],[1.5001436139999669,0.500203727999974],[1.9997294620000048,0.4995858480000379],[2.499219068000002,0.49948960599999737],[2.9996297509999295,0.5004106829999273],[3.5001096099999813,0.5004798590000519],[4.00015143600001,0.5000418260000288],[4.500260652999941,0.500109216999931],[5.000120169999946,0.4998595170000044],[5.500107862999926,0.49998769299998],[6.000157757000011,0.5000498940000853],[6.500143407999985,0.4999856509999745],[7.0001151109999,0.49997170299991467],[7.500202420999926,0.5000873100000263],[7.9999377279999635,0.4997353070000372],[8.500144415999898,0.5002066879999347],[9.000198154999907,0.500053739000009],[9.500218582000002,0.500020427000095],[10.000149111999917,0.49993052999991505]],"bpm":[[0,153],[0.49992923399997835,153],[0.9999398859999928,153],[1.5001436139999669,153],[1.9997294620000048,153],[2.499219068000002,153],[2.9996297509999295,153],[3.5001096099999813,153],[4.00015143600001,152],[4.500260652999941,152],[5.000120169999946,152],[5.500107862999926,152],[6.000157757000011,152],[6.500143407999985,152],[7.0001151109999,152],[7.500202420999926,152],[7.9999377279999635,152],[8.500144415999898,152],[9.000198154999907,150],[9.500218582000002,150],[10.000149111999917,150]],"kcal":[[0,0.13784822983731027],[0.49992923399997835,0.15044866439727797],[0.9999398859999928,0.15047316632381133],[1.5001436139999669,0.1505312706000679],[1.9997294620000048,0.150345325841438],[2.499219068000002,0.15031636278150812],[2.9996297509999295,0.15059355162149204],[3.5001096099999813,0.15061436944153395],[4.00015143600001,0.14922587005236623],[4.500260652999941,0.14924598133120578],[5.000120169999946,0.14917146416523347],[5.500107862999926,0.14920971531568067],[6.000157757000011,0.14922827775961273],[6.500143407999985,0.1492091059282022],[7.0001151109999,0.1492049434715112],[7.500202420999926,0.14923944369585],[7.9999377279999635,0.1491343965753829],[8.500144415999898,0.14927506928750092],[9.000198154999907,0.14671600978722432],[9.500218582000002,0.1467062360302773],[10.000149111999917,0.1466798602067816]],"reps":[],"score":[[0,0.49541558242340644],[0.49992923399997835,0.5407005428010756],[0.9999398859999928,0.5407886007777238],[1.5001436139999669,0.5409974229287005],[1.9997294620000048,0.5403291522443111],[2.499219068000002,0.5402250613087884],[2.9996297509999295,0.5412212559698587],[3.5001096099999813,0.5412960735605743],[4.00015143600001,0.5337573619917104],[4.500260652999941,0.5338292968588746],[5.000120169999946,0.5335627607286546],[5.500107862999926,0.5336995790507636],[6.000157757000011,0.5337659739801538],[6.500143407999985,0.5336973993680262],[7.0001151109999,0.5336825109180408],[7.500202420999926,0.5338059127700437],[7.9999377279999635,0.5334301758158168],[8.500144415999898,0.5339333398831329],[9.000198154999907,0.5196398312889418],[9.500218582000002,0.5196052145254518],[10.000149111999917,0.5195117964418269]],"motion":[]},"serverReceivedTimestamp":"2020-01-28T18:10:10.769Z"}