{"timestamp":"2020-01-28T18:10:10.624Z","videoElapsedSeconds":540.958276536,"metrics":{"time":[[0,0],[0.4988598950000096,0.4988598950000096],[0.9997650130000011,0.5009051179999915],[1.5001381179999953,0.5003731049999942],[1.9995407710000563,0.49940265300006104],[2.4999959450000233,0.500455173999967],[3.000223269000003,0.5002273239999795],[3.49991989199998,0.4996966229999771],[4.000032535000059,0.5001126430000795],[4.500016792999986,0.49998425799992674],[5.000073609000083,0.5000568160000967],[5.500016952999999,0.4999433439999166],[6.0001543780000475,0.5001374250000481],[6.500009198000043,0.4998548199999959],[6.999091688000021,0.49908248999997795],[7.500061090000031,0.5009694020000097],[7.999061808000079,0.4990007180000475],[8.49954040199998,0.500478593999901],[8.999605051000003,0.5000646490000236],[9.500128951000079,0.5005239000000756],[10.000039632000039,0.4999106809999603]],"bpm":[[0,150],[0.4988598950000096,150],[0.9997650130000011,150],[1.5001381179999953,150],[1.9995407710000563,150],[2.4999959450000233,150],[3.000223269000003,150],[3.49991989199998,149],[4.000032535000059,149],[4.500016792999986,149],[5.000073609000083,149],[5.500016952999999,149],[6.0001543780000475,149],[6.500009198000043,149],[6.999091688000021,149],[7.500061090000031,149],[7.999061808000079,149],[8.49954040199998,148],[8.999605051000003,148],[9.500128951000079,148],[10.000039632000039,148]],"kcal":[[0,0.1467203277621688],[0.4988598950000096,0.14636573537804062],[0.9997650130000011,0.14696580479914415],[1.5001381179999953,0.1468097119266648],[1.9995407710000563,0.14652498083875226],[2.4999959450000233,0.14683379101109945],[3.000223269000003,0.14676693971048715],[3.49991989199998,0.14535542155218595],[4.000032535000059,0.14547643650346978],[4.500016792999986,0.1454390909322587],[5.000073609000083,0.14546019713593558],[5.500016952999999,0.14542718956762038],[6.0001543780000475,0.14548364527352453],[6.500009198000043,0.145401439056743],[6.999091688000021,0.14517677803731074],[7.500061090000031,0.14572565685011896],[7.999061808000079,0.14515299159775133],[8.49954040199998,0.14432511158242467],[8.999605051000003,0.14420574052637444],[9.500128951000079,0.1443381766637467],[10.000039632000039,0.14416134012832416]],"reps":[],"score":[[0,0.5196551247240272],[0.4988598950000096,0.518399226837137],[0.9997650130000011,0.5205245570802108],[1.5001381179999953,0.5199717062083926],[1.9995407710000563,0.5189632435689017],[2.4999959450000233,0.520056989684895],[3.000223269000003,0.5198202152618311],[3.49991989199998,0.5122086499024098],[4.000032535000059,0.5126350867298304],[4.500016792999986,0.512503487066016],[5.000073609000083,0.5125778618638354],[5.500016952999999,0.5124615486102756],[6.0001543780000475,0.5126604892524042],[6.500009198000043,0.5123708080361026],[6.999091688000021,0.5115791394748597],[7.500061090000031,0.5135132983295233],[7.999061808000079,0.5114953199656689],[8.49954040199998,0.5059390747350647],[8.999605051000003,0.505520613380793],[9.500128951000079,0.5059848750471722],[10.000039632000039,0.5053649655100854]],"motion":[]},"serverReceivedTimestamp":"2020-01-28T18:10:21.170Z"}