{"timestamp":"2020-01-28T18:10:21.125Z","videoElapsedSeconds":551.459366445,"metrics":{"time":[[0,0],[0.4987834239999529,0.4987834239999529],[0.9988237060000529,0.5000402820001],[1.4990504979999741,0.5002267919999213],[1.9990993059999482,0.5000488079999741],[2.4991137859999526,0.5000144800000044],[2.999016310999991,0.4999025250000386],[3.4985668220000434,0.4995505110000522],[3.9990471180000213,0.5004802959999779],[4.498997293999992,0.49995017599997027],[4.998408672999972,0.4994113789999801],[5.498995727999954,0.5005870549999827],[5.999090515000034,0.50009478700008],[6.499048026999958,0.49995751199992355],[6.999023332999968,0.4999753060000103],[7.499025956999958,0.5000026239999897],[7.999145719000012,0.5001197620000539],[8.498925161999978,0.4997794429999658],[8.99903262700002,0.5001074650000419],[9.499133536000045,0.5001009090000252],[9.999010494000004,0.4998769579999589]],"bpm":[[0,148],[0.4987834239999529,148],[0.9988237060000529,148],[1.4990504979999741,148],[1.9990993059999482,148],[2.4991137859999526,148],[2.999016310999991,151],[3.4985668220000434,151],[3.9990471180000213,151],[4.498997293999992,151],[4.998408672999972,151],[5.498995727999954,151],[5.999090515000034,151],[6.499048026999958,151],[6.999023332999968,153],[7.499025956999958,153],[7.999145719000012,153],[8.498925161999978,153],[8.99903262700002,153],[9.499133536000045,153],[9.999010494000004,153]],"kcal":[[0,0.1444899702072826],[0.4987834239999529,0.1438362682985624],[0.9988237060000529,0.14419871371239068],[1.4990504979999741,0.14425249838341989],[1.9990993059999482,0.14420117239073962],[2.4991137859999526,0.14419127308138768],[2.999016310999991,0.1479279712151263],[3.4985668220000434,0.14782380547430055],[3.9990471180000213,0.148098941529485],[4.498997293999992,0.14794207179552699],[4.998408672999972,0.14778263441899975],[5.498995727999954,0.14813053297279616],[5.999090515000034,0.14798486416162202],[6.499048026999958,0.14794424261790864],[6.999023332999968,0.15046252930134743],[7.499025956999958,0.1504707503781147],[7.999145719000012,0.1505060018786497],[8.498925161999978,0.15040358630550427],[8.99903262700002,0.15050230122043234],[9.499133536000045,0.15050032825830248],[9.999010494000004,0.1504329324619398]],"reps":[],"score":[[0,0.5065169950928472],[0.4987834239999529,0.5042254095522286],[0.9988237060000529,0.5054959805242768],[1.4990504979999741,0.5056845254448183],[1.9990993059999482,0.5055045995472265],[2.4991137859999526,0.5054698970109933],[2.999016310999991,0.5265456815522386],[3.4985668220000434,0.5261749063665386],[3.9990471180000213,0.5271542458417351],[4.498997293999992,0.5265958721933754],[4.998408672999972,0.5260283590895396],[5.498995727999954,0.5272666947444874],[5.999090515000034,0.5267481904830514],[6.499048026999958,0.5266035991779416],[6.999023332999968,0.5407503721643754],[7.499025956999958,0.5407799180608995],[7.999145719000012,0.5409066091521777],[8.498925161999978,0.5405385357218626],[8.99903262700002,0.5408933092806577],[9.499133536000045,0.5408862186115658],[9.999010494000004,0.5406440034757798]],"motion":[]},"serverReceivedTimestamp":"2020-01-28T18:10:31.696Z"}