{"timestamp":"2020-01-28T18:10:31.624Z","videoElapsedSeconds":561.95844921,"metrics":{"time":[[0,0],[0.4998818899999833,0.4998818899999833],[0.9998504630000298,0.4999685730000465],[1.500143378999951,0.5002929159999212],[2.0000178640000286,0.4998744850000776],[2.5000663649999524,0.5000485009999238],[3.0000494270000218,0.49998306200006937],[3.50010169199993,0.5000522649999084],[4.000053928999932,0.49995223700000224],[4.499971838999954,0.49991791000002195],[5.000111016000005,0.500139177000051],[5.500136322000003,0.5000253059999977],[6.000032334000025,0.499896012000022],[6.500075067000012,0.5000427329999866],[7.0000871839999945,0.5000121169999829],[7.500054630000022,0.49996744600002785],[8.000064595000026,0.5000099650000038],[8.04155078999986,0.04148619499983397]],"bpm":[[0,153],[0.4998818899999833,153],[0.9998504630000298,153],[1.500143378999951,152],[2.0000178640000286,152],[2.5000663649999524,152],[3.0000494270000218,152],[3.50010169199993,152],[4.000053928999932,152],[4.499971838999954,152],[5.000111016000005,152],[5.500136322000003,152],[6.000032334000025,152],[6.500075067000012,152],[7.0000871839999945,157],[7.500054630000022,157],[8.000064595000026,157],[8.04155078999986,157]],"kcal":[[0,0.15049170994083172],[0.4998818899999833,0.1504344166976396],[0.9998504630000298,0.15046050307286737],[1.500143378999951,0.14930080203154714],[2.0000178640000286,0.1491759310172401],[2.5000663649999524,0.14922786205106547],[3.0000494270000218,0.14920833330130714],[3.50010169199993,0.14922898532944612],[4.000053928999932,0.14919913429591358],[4.499971838999954,0.149188890199976],[5.000111016000005,0.14925492219745376],[5.500136322000003,0.14922094004201567],[6.000032334000025,0.14918235525043283],[6.500075067000012,0.1492261407254396],[7.0000871839999945,0.15550001963888885],[7.500054630000022,0.15548612729281538],[8.000064595000026,0.15549935038302956],[8.04155078999986,0.01290189560989614]],"reps":[],"score":[[0,0.5408552450635244],[0.4998818899999833,0.5406493377009239],[0.9998504630000298,0.5407430900602544],[1.500143378999951,0.534025381843244],[2.0000178640000286,0.5335787379525946],[2.5000663649999524,0.5337644870563552],[3.0000494270000218,0.5336946358036847],[3.50010169199993,0.5337685048456636],[4.000053928999932,0.5336617324146806],[4.499971838999954,0.5336250909019072],[5.000111016000005,0.5338612769249367],[5.500136322000003,0.5337397281235454],[6.000032334000025,0.5336017164198037],[6.500075067000012,0.533758330146532],[7.0000871839999945,0.5690483268746275],[7.500054630000022,0.5689974881910835],[8.000064595000026,0.5690458777500045],[8.04155078999986,0.04721415551825689]],"motion":[]},"serverReceivedTimestamp":"2020-01-28T18:10:40.195Z"}