{"timestamp":"2020-01-28T18:11:20.126Z","videoElapsedSeconds":610.458274827,"metrics":{"time":[[0,0],[0.5005605549999927,0.5005605549999927],[1.0005477440000732,0.49998718900008043],[1.500573614000018,0.5000258699999449],[2.000819199000034,0.500245585000016],[2.500787288000083,0.4999680890000491],[3.0008164509999915,0.5000291629999083],[3.50083741800006,0.5000209670000686],[4.00078780299998,0.49995038499992006],[4.500859477000063,0.5000716740000826],[5.000767343999996,0.4999078669999335],[5.500036114000068,0.4992687700000715],[6.000354709000021,0.5003185949999533],[6.500640171999976,0.5002854629999547],[7.000750246000052,0.5001100740000766],[7.5009807480000745,0.5002305020000222],[8.000766313999975,0.4997855659999004],[8.50084063700001,0.5000743230000353],[9.000804837000032,0.4999642000000222],[9.50091506299998,0.500110225999947],[10.000853098999983,0.4999380360000032]],"bpm":[[0,137],[0.5005605549999927,137],[1.0005477440000732,137],[1.500573614000018,137],[2.000819199000034,137],[2.500787288000083,137],[3.0008164509999915,137],[3.50083741800006,137],[4.00078780299998,135],[4.500859477000063,135],[5.000767343999996,135],[5.500036114000068,135],[6.000354709000021,135],[6.500640171999976,135],[7.000750246000052,135],[7.5009807480000745,135],[8.000766313999975,135],[8.50084063700001,135],[9.000804837000032,130],[9.50091506299998,130],[10.000853098999983,130]],"kcal":[[0,0.11948581067288744],[0.5005605549999927,0.13051095146675792],[1.0005477440000732,0.13036145798102522],[1.500573614000018,0.13037154326250733],[2.000819199000034,0.13042882946579354],[2.500787288000083,0.13035647804572628],[3.0008164509999915,0.1303724018450586],[3.50083741800006,0.13037026490532852],[4.00078780299998,0.12783896615284088],[4.500859477000063,0.12786998015113293],[5.000767343999996,0.12782809415969068],[5.500036114000068,0.1276646749441344],[6.000354709000021,0.12793311866705767],[6.500640171999976,0.12792464670513207],[7.000750246000052,0.127879799158072],[7.5009807480000745,0.1279105929957623],[8.000766313999975,0.12779682138968632],[8.50084063700001,0.12787065750917778],[9.000804837000032,0.1215600852583281],[9.50091506299998,0.12159558966644532],[10.000853098999983,0.12155372380670217]],"reps":[],"score":[[0,0.3920515965050152],[0.5005605549999927,0.428226804469774],[1.0005477440000732,0.42773629300721167],[1.500573614000018,0.42776938439006273],[2.000819199000034,0.4279573493653983],[2.500787288000083,0.4277199530621299],[3.0008164509999915,0.42777220153343803],[3.50083741800006,0.42776518990060813],[4.00078780299998,0.41357748096657443],[4.500859477000063,0.41367781572110446],[5.000767343999996,0.4135423085017504],[5.500036114000068,0.4130136237857735],[6.000354709000021,0.41388207792029114],[6.500640171999976,0.41385466990239583],[7.000750246000052,0.41370958162376825],[7.5009807480000745,0.41380920412701994],[8.000766313999975,0.4134411365834342],[8.50084063700001,0.41368000707200725],[9.000804837000032,0.37826961725276403],[9.50091506299998,0.3783800995614984],[10.000853098999983,0.37824982174285954]],"motion":[]},"serverReceivedTimestamp":"2020-01-28T18:11:30.699Z"}