{"timestamp":"2020-01-28T18:11:30.623Z","videoElapsedSeconds":620.958128997,"metrics":{"time":[[0,0],[0.5008452869999473,0.5008452869999473],[1.0008664859999499,0.5000211990000025],[1.5007358279999607,0.4998693420000109],[2.001032793000036,0.500296965000075],[2.5009682610000254,0.49993546799998967],[3.0003470000000334,0.49937873900000795],[3.5010047319999558,0.5006577319999224],[4.001048108999953,0.5000433769999972],[4.500976456999979,0.49992834800002584],[5.0010057380000035,0.5000292810000246],[5.5009930869999835,0.49998734899998],[6.001029845999938,0.5000367589999541],[6.500984949999975,0.49995510400003695],[7.001040150999984,0.5000552010000092],[7.501023908999969,0.49998375799998485],[8.000970486000028,0.49994657700005973],[8.50014149599997,0.4991710099999409],[9.001045524999995,0.5009040290000257],[9.501145547999954,0.500100022999959],[10.000463656999955,0.49931810900000073]],"bpm":[[0,130],[0.5008452869999473,130],[1.0008664859999499,130],[1.5007358279999607,130],[2.001032793000036,130],[2.5009682610000254,130],[3.0003470000000334,129],[3.5010047319999558,129],[4.001048108999953,129],[4.500976456999979,129],[5.0010057380000035,129],[5.5009930869999835,129],[6.001029845999938,129],[6.500984949999975,129],[7.001040150999984,129],[7.501023908999969,129],[8.000970486000028,129],[8.50014149599997,127],[9.001045524999995,127],[9.501145547999954,127],[10.000463656999955,127]],"kcal":[[0,0.12132591240485291],[0.5008452869999473,0.1217743106185257],[1.0008664859999499,0.12157394385719827],[1.5007358279999607,0.12153702171384068],[2.001032793000036,0.12164099293487257],[2.5009682610000254,0.12155309942939557],[3.0003470000000334,0.12016272634951582],[3.5010047319999558,0.12047048331602066],[4.001048108999953,0.12032265449197962],[4.500976456999979,0.120294975703985],[5.0010057380000035,0.12031926264996666],[5.5009930869999835,0.12030917278619566],[6.001029845999938,0.12032106203946603],[6.500984949999975,0.12030141385133979],[7.001040150999984,0.12032549963528838],[7.501023908999969,0.12030830870385485],[8.000970486000028,0.12029936204679781],[8.50014149599997,0.11760376310566296],[9.001045524999995,0.11801205916424942],[9.501145547999954,0.1178226368434953],[10.000463656999955,0.11763841935694674]],"reps":[],"score":[[0,0.3775409202016983],[0.5008452869999473,0.37893624186754254],[1.0008664859999499,0.3783127423203316],[1.5007358279999607,0.3781978483153928],[2.001032793000036,0.37852138505774907],[2.5009682610000254,0.3782478788109812],[3.0003470000000334,0.3707710747410577],[3.5010047319999558,0.3717206818671323],[4.001048108999953,0.37126454497982525],[4.500976456999979,0.37117914001038027],[5.0010057380000035,0.371254079197742],[5.5009930869999835,0.37122294616882345],[6.001029845999938,0.37125963134855305],[6.500984949999975,0.37119900539531786],[7.001040150999984,0.3712733238821889],[7.501023908999969,0.3712202799781677],[8.000970486000028,0.3711926743990239],[8.50014149599997,0.35651154003057006],[9.001045524999995,0.35774927471516754],[9.501145547999954,0.35717504782391113],[10.000463656999955,0.3566165991986662]],"motion":[]},"serverReceivedTimestamp":"2020-01-28T18:11:41.201Z"}