{"timestamp":"2020-01-28T18:11:41.124Z","videoElapsedSeconds":631.459260982,"metrics":{"time":[[0,0],[0.4998181559999466,0.4998181559999466],[0.9998711119999371,0.5000529559999904],[1.499828920999903,0.4999578089999659],[2.0000127939999857,0.5001838730000827],[2.5001006299999062,0.5000878359999206],[3.000025042999937,0.49992441300003065],[3.5000453469999684,0.5000203040000315],[3.9999624649999532,0.49991711799998484],[4.500011687999972,0.5000492230000191],[5.000037507000002,0.5000258190000295],[5.499764920999951,0.499727413999949],[5.999004416999924,0.49923949599997286],[6.499992091999957,0.500987675000033],[7.000000530999955,0.5000084389999984],[7.500063440999952,0.5000629099999969],[7.999112817999958,0.49904937700000573],[8.500017738999986,0.5009049210000285],[8.54073901799984,0.040721278999853894]],"bpm":[[0,127],[0.4998181559999466,127],[0.9998711119999371,127],[1.499828920999903,127],[2.0000127939999857,127],[2.5001006299999062,127],[3.000025042999937,132],[3.5000453469999684,132],[3.9999624649999532,132],[4.500011687999972,132],[5.000037507000002,132],[5.499764920999951,132],[5.999004416999924,132],[6.499992091999957,132],[7.000000530999955,132],[7.500063440999952,132],[7.999112817999958,132],[8.500017738999986,132],[8.54073901799984,132]],"kcal":[[0,0.1179565284463056],[0.4998181559999466,0.11775622950165714],[0.9998711119999371,0.11781154794569572],[1.499828920999903,0.11778913148915689],[2.0000127939999857,0.1178423917478335],[2.5001006299999062,0.11781976560891477],[3.000025042999937,0.12406317693672565],[3.5000453469999684,0.12408697361836467],[3.9999624649999532,0.12406136658128411],[4.500011687999972,0.1240941502693123],[5.000037507000002,0.12408834224210612],[5.499764920999951,0.12401428890251902],[5.999004416999924,0.12389320528350069],[6.499992091999957,0.12432704014925569],[7.000000530999955,0.12408402915404129],[7.500063440999952,0.12409754688819274],[7.999112817999958,0.12384602461674664],[8.500017738999986,0.1243065035963733],[8.54073901799984,0.01010555017973954]],"reps":[],"score":[[0,0.3575809353589228],[0.4998181559999466,0.35697373637704194],[0.9998711119999371,0.35714143223264627],[1.499828920999903,0.3570734775581389],[2.0000127939999857,0.3572349340995096],[2.5001006299999062,0.357166343780477],[3.000025042999937,0.39236610718895665],[3.5000453469999684,0.39244136732310175],[3.9999624649999532,0.392360381701872],[4.500011687999972,0.3924640644252113],[5.000037507000002,0.39244569577561195],[5.499764920999951,0.3922114923536492],[5.999004416999924,0.39182854949008866],[6.499992091999957,0.3932006092877026],[7.000000530999955,0.3924320550675812],[7.500063440999952,0.39247480667896156],[7.999112817999958,0.3916793344288115],[8.500017738999986,0.3931356597393474],[8.54073901799984,0.03196013098269538]],"motion":[]},"serverReceivedTimestamp":"2020-01-28T18:11:50.175Z"}