{"timestamp":"2020-01-28T18:12:00.126Z","videoElapsedSeconds":650.459279452,"metrics":{"time":[[0,0],[0.4999563200000239,0.4999563200000239],[0.9993799509999235,0.4994236309998996],[1.499975334999931,0.5005953840000075],[2.000045247999992,0.5000699130000612],[2.5001286560000153,0.5000834080000232],[3.0001627169999665,0.5000340609999512],[3.5001170719999664,0.49995435499999985],[4.000202505999937,0.5000854339999705],[4.500228568000011,0.5000260620000745],[5.000244839999937,0.5000162719999253],[5.500138888999913,0.4998940489999768],[5.999428921999993,0.49929003300007935],[6.4993123979999154,0.49988347599992267],[6.9996592829999145,0.500346884999999],[7.5001455780000015,0.500486295000087],[8.000281677999965,0.5001360999999633],[8.499271653999926,0.49898997599996164],[9.000268278000021,0.5009966240000949],[9.499315819000003,0.4990475409999817],[10.000304383999946,0.5009885649999433]],"bpm":[[0,145],[0.4999563200000239,145],[0.9993799509999235,145],[1.499975334999931,145],[2.000045247999992,145],[2.5001286560000153,145],[3.0001627169999665,142],[3.5001170719999664,142],[4.000202505999937,142],[4.500228568000011,142],[5.000244839999937,142],[5.500138888999913,142],[5.999428921999993,142],[6.4993123979999154,142],[6.9996592829999145,142],[7.5001455780000015,142],[8.000281677999965,142],[8.499271653999926,142],[9.000268278000021,142],[9.499315819000003,142],[10.000304383999946,142]],"kcal":[[0,0.12898163417001407],[0.4999563200000239,0.14040511258755167],[0.9993799509999235,0.1402555150006333],[1.499975334999931,0.14058458397190854],[2.000045247999992,0.14043701345032983],[2.5001286560000153,0.14044080331539052],[3.0001627169999665,0.1366569701885641],[3.5001170719999664,0.13663518691156606],[4.000202505999937,0.13667101018919547],[4.500228568000011,0.13665478409930948],[5.000244839999937,0.136652108538057],[5.500138888999913,0.13661870556381378],[5.999428921999993,0.13645363081605294],[6.4993123979999154,0.1366158160123494],[6.9996592829999145,0.13674246352468467],[7.5001455780000015,0.1367805636256816],[8.000281677999965,0.13668485697002622],[8.499271653999926,0.1363716266413014],[9.000268278000021,0.13692003415455115],[9.499315819000003,0.13638735888657266],[10.000304383999946,0.13691783166750202]],"reps":[],"score":[[0,0.4448233248218056],[0.4999563200000239,0.48421986126218947],[0.9993799509999235,0.48370393900374886],[1.499975334999931,0.4848388102963965],[2.000045247999992,0.48432987884676254],[2.5001286560000153,0.48434294908259695],[3.0001627169999665,0.4631006189747585],[3.5001170719999664,0.46302680020761366],[4.000202505999937,0.4631481974698314],[4.500228568000011,0.4630932107958304],[5.000244839999937,0.4630841439032275],[5.500138888999913,0.46297094852046516],[5.999428921999993,0.4624115462612195],[6.4993123979999154,0.4629611564617808],[6.9996592829999145,0.46339033721467726],[7.5001455780000015,0.46351945013391105],[8.000281677999965,0.46319512118520934],[8.499271653999926,0.46213365202696605],[9.000268278000021,0.46399208528862795],[9.499315819000003,0.4621869651694493],[10.000304383999946,0.4639846215411562]],"motion":[]},"serverReceivedTimestamp":"2020-01-28T18:12:10.667Z"}