{"timestamp":"2020-01-28T18:12:10.624Z","videoElapsedSeconds":660.959143802,"metrics":{"time":[[0,0],[0.5002967200000512,0.5002967200000512],[1.0002818169999728,0.49998509699992155],[1.5003564439999764,0.5000746270000036],[2.0003638079999746,0.5000073639999982],[2.5004420090000394,0.5000782010000648],[3.000435326999991,0.4999933179999516],[3.499525874000028,0.4990905470000371],[4.000452974000041,0.5009271000000126],[4.500422167000011,0.4999691929999699],[5.000414557999989,0.49999239099997794],[5.500414472999978,0.4999999149999894],[6.0004610700000285,0.5000465970000505],[6.500451284000064,0.49999021400003585],[7.000446507999982,0.49999522399991747],[7.500489105000042,0.5000425970000606],[8.000526579000052,0.5000374740000098],[8.500516670000025,0.4999900909999724],[9.000461605000055,0.49994493500003045],[9.500498511000046,0.5000369059999912],[10.000069427000085,0.4995709160000388]],"bpm":[[0,142],[0.5002967200000512,142],[1.0002818169999728,142],[1.5003564439999764,142],[2.0003638079999746,142],[2.5004420090000394,142],[3.000435326999991,141],[3.499525874000028,141],[4.000452974000041,141],[4.500422167000011,141],[5.000414557999989,141],[5.500414472999978,141],[6.0004610700000285,141],[6.500451284000064,141],[7.000446507999982,141],[7.500489105000042,141],[8.000526579000052,141],[8.500516670000025,142],[9.000461605000055,142],[9.500498511000046,142],[10.000069427000085,142]],"kcal":[[0,0.1365274022424399],[0.5002967200000512,0.136728753664823],[1.0002818169999728,0.1366435885563629],[1.5003564439999764,0.1366680566866493],[2.0003638079999746,0.13664967402334008],[2.5004420090000394,0.13666903344415032],[3.000435326999991,0.13538927945231446],[3.499525874000028,0.13514482515504947],[4.000452974000041,0.13564213097572986],[4.500422167000011,0.1353827468322839],[5.000414557999989,0.1353890284372429],[5.500414472999978,0.13539106580235058],[6.0004610700000285,0.13540370645598357],[6.500451284000064,0.13538843894445787],[7.000446507999982,0.1353897955631358],[7.500489105000042,0.1354026233272758],[8.000526579000052,0.13540123611016597],[8.500516670000025,0.1366449533932196],[9.000461605000055,0.1366326124696322],[9.500498511000046,0.13665774771376882],[10.000069427000085,0.13653039482623888]],"reps":[],"score":[[0,0.4626615415097262],[0.5002967200000512,0.4633438774945529],[1.0002818169999728,0.46305527154647363],[1.5003564439999764,0.4631381886949013],[2.0003638079999746,0.4630758938646765],[2.5004420090000394,0.4631414987126974],[3.000435326999991,0.45599861552915516],[3.499525874000028,0.4551752798738956],[4.000452974000041,0.4568502335086457],[4.500422167000011,0.4559766133019348],[5.000414557999989,0.45599777009644765],[5.500414472999978,0.4560046320553278],[6.0004610700000285,0.45604720647908836],[6.500451284000064,0.455995784651995],[7.000446507999982,0.45600035381907694],[7.500489105000042,0.45604355844142097],[8.000526579000052,0.4560388862171203],[8.500516670000025,0.4630598966804297],[9.000461605000055,0.4630180759862919],[9.500498511000046,0.4631032538378254],[10.000069427000085,0.4626716827224849]],"motion":[]},"serverReceivedTimestamp":"2020-01-28T18:12:21.605Z"}