{"timestamp":"2020-01-28T18:12:21.124Z","videoElapsedSeconds":671.459676821,"metrics":{"time":[[0,0],[0.4990139960000306,0.4990139960000306],[0.9998699000000215,0.5008559039999909],[1.4999383969999371,0.5000684969999156],[1.999998593999976,0.5000601970000389],[2.5000925020000295,0.5000939080000535],[3.0000385069999993,0.4999460049999698],[3.500019910999981,0.4999814039999819],[4.000038659999973,0.5000187489999917],[4.500192114000015,0.5001534540000421],[4.999977792999971,0.49978567899995596],[5.500054622999983,0.5000768300000118],[5.999898454999993,0.4998438320000105],[6.500051073999998,0.500152619000005],[7.0000172159999465,0.4999661419999484],[7.500037814999928,0.5000205989999813],[8.000038832999962,0.5000010180000345],[8.500053169000012,0.5000143360000493],[8.54032317899987,0.0402700099998583]],"bpm":[[0,142],[0.4990139960000306,142],[0.9998699000000215,142],[1.4999383969999371,142],[1.999998593999976,142],[2.5000925020000295,142],[3.0000385069999993,137],[3.500019910999981,137],[4.000038659999973,137],[4.500192114000015,137],[4.999977792999971,137],[5.500054622999983,137],[5.999898454999993,137],[6.500051073999998,137],[7.0000172159999465,137],[7.500037814999928,137],[8.000038832999962,137],[8.500053169000012,137],[8.54032317899987,137]],"kcal":[[0,0.13677435900192988],[0.4990139960000306,0.13637819119497757],[0.9998699000000215,0.13688157603667675],[1.4999383969999371,0.13666638138629555],[1.999998593999976,0.13666411303514878],[2.5000925020000295,0.1366733260937848],[3.0000385069999993,0.13035072009329926],[3.500019910999981,0.13035994966028452],[4.000038659999973,0.13036968660706372],[4.500192114000015,0.13040480818735664],[4.999977792999971,0.13030891836002712],[5.500054622999983,0.13038483004275606],[5.999898454999993,0.13032408056825934],[6.500051073999998,0.13040459047813396],[7.0000172159999465,0.13035597040517585],[7.500037814999928,0.13037016895681428],[8.000038832999962,0.13036506361060152],[8.500053169000012,0.13036853600736992],[8.54032317899987,0.010499583453309539]],"reps":[],"score":[[0,0.46349842401942926],[0.4990139960000306,0.46215589786533445],[0.9998699000000215,0.463861759128406],[1.4999383969999371,0.46313251146797524],[1.999998593999976,0.4631248245214646],[2.5000925020000295,0.46315604556457074],[3.0000385069999993,0.4277010603214027],[3.500019910999981,0.4277313439714131],[4.000038659999973,0.4277632924137291],[4.500192114000015,0.4278785318011349],[4.999977792999971,0.42756390230930297],[5.500054622999983,0.42781298039011995],[5.999898454999993,0.4276136518813276],[6.500051073999998,0.42787781746319103],[7.0000172159999465,0.4277182874142415],[7.500037814999928,0.42776487507855543],[8.000038832999962,0.4277481236406888],[8.500053169000012,0.42775951711652566],[8.54032317899987,0.03445077229108757]],"motion":[]},"serverReceivedTimestamp":"2020-01-28T18:12:30.209Z"}