{"timestamp":"2020-01-28T18:12:40.131Z","videoElapsedSeconds":690.458898728,"metrics":{"time":[[0,0],[0.4997831020000376,0.4997831020000376],[0.9997986439999522,0.5000155419999146],[1.49980326900004,0.5000046250000878],[2.000032145999967,0.5002288769999268],[2.5000325910000356,0.5000004450000688],[3.0000991140000224,0.5000665229999868],[3.5000377279999384,0.499938613999916],[3.999993234000044,0.49995550600010574],[4.501017732000037,0.5010244979999925],[5.0010250059999635,0.5000072739999268],[5.500221578000037,0.4991965720000735],[6.001107810000008,0.5008862319999707],[6.501007068000035,0.49989925800002766],[7.001030317999948,0.5000232499999129],[7.500984947999996,0.4999546300000475],[8.001017121000018,0.5000321730000223],[8.500968372999978,0.4999512519999598],[9.001096036000035,0.5001276630000575],[9.501103457999989,0.5000074219999533],[10.001052296000012,0.499948838000023]],"bpm":[[0,138],[0.4997831020000376,138],[0.9997986439999522,138],[1.49980326900004,138],[2.000032145999967,138],[2.5000325910000356,138],[3.0000991140000224,138],[3.5000377279999384,138],[3.999993234000044,138],[4.501017732000037,138],[5.0010250059999635,138],[5.500221578000037,138],[6.001107810000008,138],[6.501007068000035,138],[7.001030317999948,138],[7.500984947999996,138],[8.001017121000018,138],[8.500968372999978,138],[9.001096036000035,131],[9.501103457999989,131],[10.001052296000012,131]],"kcal":[[0,0.12080175931736296],[0.4997831020000376,0.13156427402142976],[0.9997986439999522,0.1316254621642761],[1.49980326900004,0.13162258834331064],[2.000032145999967,0.131681621054578],[2.5000325910000356,0.13162148798864534],[3.0000991140000224,0.13163888254250924],[3.5000377279999384,0.13160521142664366],[3.999993234000044,0.13160965812308623],[4.501017732000037,0.13189106250798238],[5.0010250059999635,0.131623285673291],[5.500221578000037,0.13140987425615508],[6.001107810000008,0.13185466498705398],[6.501007068000035,0.13159485124533102],[7.001030317999948,0.1316274912393286],[7.500984947999996,0.13160942752242918],[8.001017121000018,0.1316298401543415],[8.500968372999978,0.13160853828842467],[9.001096036000035,0.12285672274985449],[9.501103457999989,0.12282718546106633],[10.001052296000012,0.12281279425904036]],"reps":[],"score":[[0,0.3990689958801689],[0.4997831020000376,0.4346229974143184],[0.9997986439999522,0.43482513263870126],[1.49980326900004,0.4348156389620073],[2.000032145999967,0.43501065371131786],[2.5000325910000356,0.434812003936873],[3.0000991140000224,0.43486946690085193],[3.5000377279999384,0.4347582342625644],[3.999993234000044,0.43477292393839656],[4.501017732000037,0.43570254421836085],[5.0010250059999635,0.43481794259381396],[5.500221578000037,0.43411293729896505],[6.001107810000008,0.4355823048922823],[6.501007068000035,0.43472400937066774],[7.001030317999948,0.4348318356945867],[7.500984947999996,0.434772162148393],[8.001017121000018,0.4348395953427981],[8.500968372999978,0.43476922456103256],[9.001096036000035,0.38545946020389055],[9.501103457999989,0.38536678780357475],[10.001052296000012,0.38532163581807116]],"motion":[]},"serverReceivedTimestamp":"2020-01-28T18:12:50.671Z"}