{"timestamp":"2020-01-28T18:12:50.624Z","videoElapsedSeconds":700.959775716,"metrics":{"time":[[0,0],[0.5000475850000612,0.5000475850000612],[1.000024111000016,0.4999765259999549],[1.500050682000051,0.5000265710000349],[2.0003325330000052,0.5002818509999543],[2.5003302449999865,0.4999977119999812],[3.0002885860000106,0.4999583410000241],[3.5002141910000546,0.499925605000044],[3.99990759100001,0.49969339999995555],[4.500286432000053,0.5003788410000425],[5.000245998000082,0.49995956600002955],[5.500254193000046,0.500008194999964],[6.000291615000037,0.5000374219999912],[6.5002036010000666,0.4999119860000292],[7.000127465999981,0.49992386499991426],[7.500282790000028,0.5001553240000476],[8.000269273000072,0.49998648300004334],[8.50034310600006,0.5000738329999876],[9.000462640000023,0.500119533999964],[9.50041649700006,0.4999538570000368],[9.999316293999982,0.4988997969999218]],"bpm":[[0,131],[0.5000475850000612,131],[1.000024111000016,131],[1.500050682000051,131],[2.0003325330000052,131],[2.5003302449999865,131],[3.0002885860000106,131],[3.5002141910000546,130],[3.99990759100001,130],[4.500286432000053,130],[5.000245998000082,130],[5.500254193000046,130],[6.000291615000037,130],[6.5002036010000666,130],[7.000127465999981,130],[7.500282790000028,130],[8.000269273000072,130],[8.50034310600006,131],[9.000462640000023,131],[9.50041649700006,131],[9.999316293999982,131]],"kcal":[[0,0.12278229770418013],[0.5000475850000612,0.12283705153114026],[1.000024111000016,0.12281959583628312],[1.500050682000051,0.1228318894268095],[2.0003325330000052,0.12289459914373567],[2.5003302449999865,0.12282480019253847],[3.0002885860000106,0.12281512867787539],[3.5002141910000546,0.12155070136346546],[3.99990759100001,0.12149424360187337],[4.500286432000053,0.12166090006729656],[5.000245998000082,0.12155895855878804],[5.500254193000046,0.12157078209610941],[6.000291615000037,0.12157788827814238],[6.5002036010000666,0.12154739007277116],[7.000127465999981,0.12155027830404613],[7.500282790000028,0.12160655468501506],[8.000269273000072,0.12156550309300983],[8.50034310600006,0.1228434993713384],[9.000462640000023,0.12285472585509219],[9.50041649700006,0.12281402718002996],[9.999316293999982,0.12255509657735335]],"reps":[],"score":[[0,0.38522595374784024],[0.5000475850000612,0.38539774231676627],[1.000024111000016,0.3853429755724928],[1.500050682000051,0.38538154636180094],[2.0003325330000052,0.3855782963083636],[2.5003302449999865,0.38535930409166536],[3.0002885860000106,0.385328959990521],[3.5002141910000546,0.3782404165302531],[3.99990759100001,0.3780647317582081],[4.500286432000053,0.3785833318994827],[5.000245998000082,0.37826611119892345],[5.500254193000046,0.3783029035796431],[6.000291615000037,0.3783250165351582],[6.5002036010000666,0.37823011248463745],[7.000127465999981,0.3782391000576274],[7.500282790000028,0.378414220411025],[8.000269273000072,0.37828647642365915],[8.50034310600006,0.38541797223130925],[9.000462640000023,0.38545319500358305],[9.50041649700006,0.38532550407247745],[9.999316293999982,0.3845131166987624]],"motion":[]},"serverReceivedTimestamp":"2020-01-28T18:13:01.267Z"}