{"timestamp":"2020-01-28T18:13:01.124Z","videoElapsedSeconds":711.460147778,"metrics":{"time":[[0,0],[0.4997727090000126,0.4997727090000126],[0.9997804770000585,0.5000077680000459],[1.499785610999993,0.5000051339999345],[1.9999711110000362,0.5001855000000432],[2.5000704720000613,0.5000993610000251],[3.0001028420000466,0.5000323699999853],[3.500169253000081,0.5000664110000343],[3.9992029160000584,0.4990336629999774],[4.499422737000032,0.5002198209999733],[4.999570819000041,0.5001480820000097],[5.4998727270000245,0.5003019079999831],[6.0000679510000055,0.500195223999981],[6.50002920999998,0.49996125899997423],[7.000108907000026,0.5000796970000465],[7.500029720000043,0.499920813000017],[7.999913612,0.4998838919999571],[8.500119938000012,0.5002063260000114],[8.539852221999922,0.03973228399991058]],"bpm":[[0,131],[0.4997727090000126,131],[0.9997804770000585,131],[1.499785610999993,131],[1.9999711110000362,131],[2.5000704720000613,131],[3.0001028420000466,131],[3.500169253000081,131],[3.9992029160000584,131],[4.499422737000032,131],[4.999570819000041,131],[5.4998727270000245,131],[6.0000679510000055,131],[6.50002920999998,131],[7.000108907000026,131],[7.500029720000043,131],[7.999913612,136],[8.500119938000012,136],[8.539852221999922,136]],"kcal":[[0,0.12308471241549009],[0.4997727090000126,0.12276952804258535],[0.9997804770000585,0.12282727045623976],[1.499785610999993,0.12282662341220411],[1.9999711110000362,0.1228709304508029],[2.5000704720000613,0.12284977034304219],[3.0001028420000466,0.1228333139553486],[3.500169253000081,0.12284167615167275],[3.9992029160000584,0.12258798085725062],[4.499422737000032,0.12287936142930067],[4.999570819000041,0.12286173869198598],[5.4998727270000245,0.12289952616032371],[6.0000679510000055,0.12287331915843244],[6.50002920999998,0.12281584548667719],[7.000108907000026,0.12284493986720121],[7.500029720000043,0.12280590989748527],[7.999913612,0.12907824453440886],[8.500119938000012,0.12916150229760404],[8.539852221999922,0.010259529366974439]],"reps":[],"score":[[0,0.38617477127096905],[0.4997727090000126,0.3851858892991464],[0.9997804770000585,0.38536705447350483],[1.499785610999993,0.38536502439131537],[1.9999711110000362,0.38550403646000203],[2.5000704720000613,0.38543764722600055],[3.0001028420000466,0.38538601577942366],[3.500169253000081,0.38541225193165923],[3.9992029160000584,0.38461629018813026],[4.499422737000032,0.38553048841434373],[4.999570819000041,0.38547519757912846],[5.4998727270000245,0.38559375468224766],[6.0000679510000055,0.3855115309619948],[6.50002920999998,0.38533120895767253],[7.000108907000026,0.3854224917459543],[7.500029720000043,0.38530003633023296],[7.999913612,0.4205851992423501],[8.500119938000012,0.4208564841753628],[8.539852221999922,0.033429384002750515]],"motion":[]},"serverReceivedTimestamp":"2020-01-28T18:13:10.187Z"}