{"timestamp":"2020-01-28T18:13:20.129Z","videoElapsedSeconds":730.460296581,"metrics":{"time":[[0,0],[0.499885387000063,0.499885387000063],[0.9998687680000558,0.49998338099999273],[1.4999202239999931,0.5000514559999374],[2.0000897649999843,0.5001695409999911],[2.500174383000058,0.5000846180000735],[3.0001574300000584,0.4999830470000006],[3.5001058380000813,0.49994840800002294],[4.000130201000047,0.5000243629999659],[4.500107831000037,0.4999776299999894],[5.000122347000001,0.5000145159999647],[5.49919619800005,0.4990738510000483],[5.999101256000017,0.49990505799996754],[6.500094908000051,0.5009936520000338],[7.000135971000077,0.500041063000026],[7.49952225100003,0.49938627999995333],[8.000159868000082,0.5006376170000522],[8.500169990000018,0.5000101219999351],[9.000123052000049,0.4999530620000314],[9.500106230000029,0.4999831779999795],[10.00010949099999,0.5000032609999607]],"bpm":[[0,140],[0.499885387000063,140],[0.9998687680000558,140],[1.4999202239999931,140],[2.0000897649999843,140],[2.500174383000058,140],[3.0001574300000584,139],[3.5001058380000813,139],[4.000130201000047,139],[4.500107831000037,139],[5.000122347000001,139],[5.49919619800005,139],[5.999101256000017,139],[6.500094908000051,139],[7.000135971000077,139],[7.49952225100003,139],[8.000159868000082,139],[8.500169990000018,139],[9.000123052000049,139],[9.500106230000029,139],[10.00010949099999,139]],"kcal":[[0,0.1234833183661037],[0.499885387000063,0.13410376904251012],[0.9998687680000558,0.13413005779804463],[1.4999202239999931,0.13414832021240514],[2.0000897649999843,0.13417999876110132],[2.500174383000058,0.13415721655009152],[3.0001574300000584,0.13287343814379873],[3.5001058380000813,0.13286423262563463],[4.000130201000047,0.13288441811401705],[4.500107831000037,0.13287199854415582],[5.000122347000001,0.1328818012157974],[5.49919619800005,0.13263181395436846],[5.999101256000017,0.13285271210791819],[6.500094908000051,0.13314201237199594],[7.000135971000077,0.1328888562373461],[7.49952225100003,0.13271484380036483],[8.000159868000082,0.1330473939747704],[8.500169990000018,0.13288063348442203],[9.000123052000049,0.13286546945353503],[9.500106230000029,0.13287347295781432],[10.00010949099999,0.13287881013328806]],"reps":[],"score":[[0,0.4132914120926147],[0.499885387000063,0.4488374365693659],[0.9998687680000558,0.448925423489711],[1.4999202239999931,0.44898654671768323],[2.0000897649999843,0.44909257295909727],[2.500174383000058,0.4490163222372717],[3.0001574300000584,0.4418609989146787],[3.5001058380000813,0.4418303866304755],[4.000130201000047,0.4418975120107234],[4.500107831000037,0.44185621163028893],[5.000122347000001,0.4418888097051494],[5.49919619800005,0.4410574951655843],[5.999101256000017,0.44179207598285986],[6.500094908000051,0.44275412306659184],[7.000135971000077,0.4419122706685474],[7.49952225100003,0.4413336049073371],[8.000159868000082,0.44243947643670234],[8.500169990000018,0.44188492649900074],[9.000123052000049,0.4418344996121157],[9.500106230000029,0.4418611146861671],[10.00010949099999,0.4418788630768099]],"motion":[]},"serverReceivedTimestamp":"2020-01-28T18:13:30.656Z"}