{"timestamp":"2020-01-28T18:13:30.625Z","videoElapsedSeconds":740.960407799,"metrics":{"time":[[0,0],[0.49936087699995824,0.49936087699995824],[0.9999446260000013,0.5005837490000431],[1.4989903150000146,0.4990456890000132],[1.9999861410000221,0.5009958260000076],[2.500042224000026,0.500056083000004],[3.000246323000056,0.5002040990000296],[3.500078924000036,0.49983260099998006],[4.000151303000052,0.5000723790000166],[4.50011516699999,0.49996386399993753],[5.000165087000028,0.5000499200000377],[5.50005955000006,0.4998944630000324],[6.000833102999991,0.5007735529999309],[6.500102456000036,0.49926935300004516],[7.0003052519999756,0.5002027959999396],[7.499185674000046,0.4988804220000702],[7.99937228400006,0.5001866100000143],[8.499579358999995,0.5002070749999348],[8.999767664000046,0.5001883050000515],[9.50011675099995,0.5003490869999041],[10.00020418400004,0.5000874330000897]],"bpm":[[0,139],[0.49936087699995824,139],[0.9999446260000013,139],[1.4989903150000146,139],[1.9999861410000221,139],[2.500042224000026,139],[3.000246323000056,139],[3.500078924000036,139],[4.000151303000052,139],[4.50011516699999,139],[5.000165087000028,139],[5.50005955000006,139],[6.000833102999991,139],[6.500102456000036,139],[7.0003052519999756,139],[7.499185674000046,139],[7.99937228400006,140],[8.499579358999995,140],[8.999767664000046,140],[9.50011675099995,140],[10.00020418400004,140]],"kcal":[[0,0.13287840246377844],[0.49936087699995824,0.1327080928035685],[0.9999446260000013,0.1330330782366467],[1.4989903150000146,0.13262432973706925],[1.9999861410000221,0.1331425901252873],[2.500042224000026,0.13289284789076303],[3.000246323000056,0.13293218401414103],[3.500078924000036,0.13283345623361664],[4.000151303000052,0.13289717864870104],[4.50011516699999,0.13286834014860152],[5.000165087000028,0.13289121003724036],[5.50005955000006,0.13284989642431255],[6.000833102999991,0.13308351976699428],[6.500102456000036,0.1326837697617892],[7.0003052519999756,0.13293183773419634],[7.499185674000046,0.13258040905890645],[7.99937228400006,0.13418457784522023],[8.499579358999995,0.1341900679709454],[8.999767664000046,0.13418503256124],[9.50011675099995,0.13422816539275528],[10.00020418400004,0.13415797172742186]],"reps":[],"score":[[0,0.4418775074013696],[0.49936087699995824,0.44131115495624257],[0.9999446260000013,0.4423918704859879],[1.4989903150000146,0.44103260694279034],[1.9999861410000221,0.4427560443433348],[2.500042224000026,0.441925544623002],[3.000246323000056,0.44205635405347987],[3.500078924000036,0.4417280419669369],[4.000151303000052,0.4419399462449911],[4.50011516699999,0.44184404590072973],[5.000165087000028,0.44192009805968796],[5.50005955000006,0.4417827126308764],[6.000833102999991,0.4425596101433455],[6.500102456000036,0.4412302704417197],[7.0003052519999756,0.4420552025245934],[7.499185674000046,0.44088655190728343],[7.99937228400006,0.44910789888462826],[8.499579358999995,0.44912627401289285],[8.999767664000046,0.4491094207924325],[9.50011675099995,0.44925378384551834],[10.00020418400004,0.4490188497714307]],"motion":[]},"serverReceivedTimestamp":"2020-01-28T18:13:41.204Z"}