{"timestamp":"2020-01-28T18:13:41.124Z","videoElapsedSeconds":751.460051496,"metrics":{"time":[[0,0],[0.5003222459999961,0.5003222459999961],[1.0001740830000472,0.4998518370000511],[1.5004024400000162,0.500228356999969],[2.0006140460000097,0.5002116059999935],[2.5006327529999908,0.5000187069999811],[3.000165747999972,0.4995329949999814],[3.5005443129999776,0.5003785650000054],[4.000581724999961,0.5000374119999833],[4.500611004999996,0.5000292800000352],[5.000617420000026,0.5000064150000298],[5.499962015000051,0.49934459500002504],[5.999828854000043,0.49986683899999207],[6.500558086999945,0.5007292329999018],[7.00059872199995,0.5000406350000048],[7.500422186000037,0.49982346400008737],[8.000740066000049,0.5003178800000114],[8.500654477000012,0.49991441099996337],[8.53994850399988,0.03929402699986895]],"bpm":[[0,140],[0.5003222459999961,140],[1.0001740830000472,140],[1.5004024400000162,140],[2.0006140460000097,140],[2.5006327529999908,140],[3.000165747999972,140],[3.5005443129999776,140],[4.000581724999961,140],[4.500611004999996,140],[5.000617420000026,140],[5.499962015000051,140],[5.999828854000043,140],[6.500558086999945,140],[7.00059872199995,140],[7.500422186000037,140],[8.000740066000049,142],[8.500654477000012,142],[8.53994850399988,142]],"kcal":[[0,0.1339841548559676],[0.5003222459999961,0.13422096478368342],[1.0001740830000472,0.13409476861647251],[1.5004024400000162,0.13419577727250045],[2.0006140460000097,0.13419128349794657],[2.5006327529999908,0.13413953466987732],[3.000165747999972,0.13400923318165014],[3.5005443129999776,0.13423607342731728],[4.000581724999961,0.13414455264212752],[4.500611004999996,0.1341423710783706],[5.000617420000026,0.1341362371069451],[5.499962015000051,0.13395869129597235],[5.999828854000043,0.1340987931884796],[6.500558086999945,0.13433014679231584],[7.00059872199995,0.1341454172732245],[7.500422186000037,0.1340871570192282],[8.000740066000049,0.1367345365938458],[8.500654477000012,0.13662427040317607],[8.53994850399988,0.010738873799059556]],"reps":[],"score":[[0,0.44843709491418055],[0.5003222459999961,0.44922968382998085],[1.0001740830000472,0.44880731267218094],[1.5004024400000162,0.4491453827097839],[2.0006140460000097,0.44913034231035526],[2.5006327529999908,0.4489571420229815],[3.000165747999972,0.4485210305969221],[3.5005443129999776,0.4492802515726109],[4.000581724999961,0.44897393688130377],[4.500611004999996,0.4489666353155733],[5.000617420000026,0.44894610527357476],[5.499962015000051,0.44835186987482634],[5.999828854000043,0.4488207826782504],[6.500558086999945,0.4495951095985775],[7.00059872199995,0.4489768307507893],[7.500422186000037,0.4487818371033752],[8.000740066000049,0.4633634745777186],[8.500654477000012,0.4629898065454135],[8.53994850399988,0.03639169737609527]],"motion":[]},"serverReceivedTimestamp":"2020-01-28T18:13:50.173Z"}