{"timestamp":"2020-01-28T18:14:00.127Z","videoElapsedSeconds":770.460810287,"metrics":{"time":[[0,0],[0.4997818300000745,0.4997818300000745],[0.9999002550000569,0.5001184249999824],[1.499508450999997,0.4996081959999401],[2.000065078000034,0.5005566270000372],[2.4996663340000396,0.4996012560000054],[3.0000670010000476,0.5004006670000081],[3.5000898550000556,0.500022854000008],[4.000049034000085,0.4999591790000295],[4.500267402000077,0.5002183679999916],[5.000124958000015,0.4998575559999381],[5.500138524000022,0.5000135660000069],[6.000118631000078,0.4999801070000558],[6.500079999000036,0.4999613679999584],[7.000102721000076,0.5000227220000397],[7.500072664000072,0.4999699429999964],[7.999958381000056,0.49988571699998374],[8.500108232999992,0.5001498519999359],[9.00014602200008,0.5000377890000891],[9.499287355000092,0.4991413330000114],[10.000093350000043,0.5008059949999506]],"bpm":[[0,146],[0.4997818300000745,146],[0.9999002550000569,146],[1.499508450999997,146],[2.000065078000034,146],[2.4996663340000396,146],[3.0000670010000476,146],[3.5000898550000556,146],[4.000049034000085,144],[4.500267402000077,144],[5.000124958000015,144],[5.500138524000022,144],[6.000118631000078,144],[6.500079999000036,144],[7.000102721000076,144],[7.500072664000072,144],[7.999958381000056,144],[8.500108232999992,144],[9.00014602200008,144],[9.499287355000092,144],[10.000093350000043,144]],"kcal":[[0,0.13056962906223607],[0.4997818300000745,0.14161213409531598],[0.9999002550000569,0.14170750758310918],[1.499508450999997,0.1415629352652774],[2.000065078000034,0.14183167120144757],[2.4996663340000396,0.14156096883084066],[3.0000670010000476,0.14178748026229793],[3.5000898550000556,0.14168042774056266],[4.000049034000085,0.13914944542549004],[4.500267402000077,0.13922158332618276],[5.000124958000015,0.13912116154812731],[5.500138524000022,0.13916458250308172],[6.000118631000078,0.13915527014022644],[6.500079999000036,0.13915005467148234],[7.000102721000076,0.13916713081578486],[7.500072664000072,0.13915244127932944],[7.999958381000056,0.13912899936310016],[8.500108232999992,0.1392025138424909],[9.00014602200008,0.13917132428755047],[9.499287355000092,0.13892182120710164],[10.000093350000043,0.13938513262099694]],"reps":[],"score":[[0,0.4528166391643566],[0.4997818300000745,0.4911121451939508],[0.9999002550000569,0.49144290130100315],[1.499508450999997,0.4909415232121861],[2.000065078000034,0.4918735018377917],[2.4996663340000396,0.49093470360000535],[3.0000670010000476,0.4917202472663345],[3.5000898550000556,0.4913489881653141],[4.000049034000085,0.4771588428148634],[4.500267402000077,0.477406211657135],[5.000124958000015,0.47706185427027065],[5.500138524000022,0.4772107495285781],[6.000118631000078,0.4771788164060973],[6.500079999000036,0.47716093198677356],[7.000102721000076,0.47721948797476327],[7.500072664000072,0.47716911592911754],[7.999958381000056,0.4770887310049296],[8.500108232999992,0.47734082028785096],[9.00014602200008,0.47723386785338184],[9.499287355000092,0.4763782941873736],[10.000093350000043,0.47796704028292]],"motion":[]},"serverReceivedTimestamp":"2020-01-28T18:14:10.676Z"}