{"timestamp":"2020-01-28T18:14:10.624Z","videoElapsedSeconds":780.95994371,"metrics":{"time":[[0,0],[0.5008799590000308,0.5008799590000308],[1.0009242370000493,0.5000442780000185],[1.50001528100006,0.4990910440000107],[2.00049428300008,0.50047900200002],[2.5008019070000955,0.5003076240000155],[3.00111395600004,0.5003120489999446],[3.5011881370000992,0.5000741810000591],[4.000273212000025,0.4990850749999254],[4.501093569000091,0.500820357000066],[5.001010350000001,0.49991678099991077],[5.5010136430000784,0.5000032930000771],[6.001054017000001,0.5000403739999228],[6.501069068000106,0.5000150510001049],[7.001039965000018,0.49997089699991193],[7.501037442000097,0.499997477000079],[8.001056664000089,0.5000192219999917],[8.501108688000045,0.500052023999956],[9.001056874000028,0.49994818599998325],[9.500434663000078,0.49937778900005014],[10.001005432000056,0.5005707689999781]],"bpm":[[0,144],[0.5008799590000308,144],[1.0009242370000493,144],[1.50001528100006,144],[2.00049428300008,144],[2.5008019070000955,144],[3.00111395600004,144],[3.5011881370000992,141],[4.000273212000025,141],[4.501093569000091,141],[5.001010350000001,141],[5.5010136430000784,141],[6.001054017000001,141],[6.501069068000106,141],[7.001039965000018,141],[7.501037442000097,141],[8.001056664000089,141],[8.501108688000045,141],[9.001056874000028,141],[9.500434663000078,141],[10.001005432000056,141]],"kcal":[[0,0.13889363836049207],[0.5008799590000308,0.1394057184008464],[1.0009242370000493,0.13917313031648135],[1.50001528100006,0.13890782469147592],[2.00049428300008,0.13929412340162553],[2.5008019070000955,0.13924642520013145],[3.00111395600004,0.13924765677325185],[3.5011881370000992,0.13541117571157388],[4.000273212000025,0.13514334343494316],[4.501093569000091,0.1356132268737567],[5.001010350000001,0.13536855459677352],[5.5010136430000784,0.13539198050457038],[6.001054017000001,0.1354020213784576],[6.501069068000106,0.13539516436142257],[7.001039965000018,0.1353832082450989],[7.501037442000097,0.13539040563542576],[8.001056664000089,0.13539629379385484],[8.501108688000045,0.13540517599083604],[9.001056874000028,0.1353770585110819],[9.500434663000078,0.13522260516932202],[10.001005432000056,0.1355456428915807]],"reps":[],"score":[[0,0.4762816520884105],[0.5008799590000308,0.47803763119948],[1.0009242370000493,0.4772400609263914],[1.50001528100006,0.47633029858682346],[2.00049428300008,0.4776549596011181],[2.5008019070000955,0.47749139719122363],[3.00111395600004,0.4774956203917055],[3.5011881370000992,0.4560723633469141],[4.000273212000025,0.45517028935825216],[4.501093569000091,0.4567528828872658],[5.001010350000001,0.4559288130642043],[5.5010136430000784,0.45600771282322566],[6.001054017000001,0.4560415310443566],[6.501069068000106,0.45601843623000143],[7.001039965000018,0.45597816736593216],[7.501037442000097,0.45600240857644564],[8.001056664000089,0.4560222402211855],[8.501108688000045,0.4560521559541199],[9.001056874000028,0.45595745472007887],[9.500434663000078,0.45543724728348367],[10.001005432000056,0.45652525628027824]],"motion":[]},"serverReceivedTimestamp":"2020-01-28T18:14:21.176Z"}