{"timestamp":"2020-01-28T18:14:21.123Z","videoElapsedSeconds":791.460947174,"metrics":{"time":[[0,0],[0.4999843839999585,0.4999843839999585],[1.0000432990000263,0.5000589150000678],[1.499996374000034,0.49995307500000763],[2.000017952999997,0.5000215789999629],[2.500114685999961,0.5000967329999639],[3.0001278359999333,0.5000131499999725],[3.500117371999977,0.4999895360000437],[4.000215123999965,0.5000977519999878],[4.500106777000042,0.499891653000077],[5.000180591999992,0.5000738149999506],[5.500139032999982,0.49995844099998976],[6.00015551499996,0.5000164819999782],[6.4999593940000295,0.4998038790000692],[7.000210408000044,0.500251014000014],[7.49993624800004,0.4997258399999964],[8.00020556100003,0.5002693129999898],[8.500155932999974,0.49995037199994385],[8.539052825999875,0.038896892999900956]],"bpm":[[0,141],[0.4999843839999585,141],[1.0000432990000263,141],[1.499996374000034,141],[2.000017952999997,141],[2.500114685999961,141],[3.0001278359999333,145],[3.500117371999977,145],[4.000215123999965,145],[4.500106777000042,145],[5.000180591999992,145],[5.500139032999982,145],[6.00015551499996,145],[6.4999593940000295,145],[7.000210408000044,145],[7.49993624800004,145],[8.00020556100003,147],[8.500155932999974,147],[8.539052825999875,147]],"kcal":[[0,0.13539055591951502],[0.4999843839999585,0.1353868602843413],[1.0000432990000263,0.13540704195085243],[1.499996374000034,0.13537838236515495],[2.000017952999997,0.13539693202743977],[2.500114685999961,0.1354172823912182],[3.0001278359999333,0.1404210724268855],[3.500117371999977,0.14041444079490886],[4.000215123999965,0.14044483160916224],[4.500106777000042,0.14038695184621283],[5.000180591999992,0.14043810926752803],[5.500139032999982,0.14040570823806572],[6.00015551499996,0.14042200816830377],[6.4999593940000295,0.140362301856083],[7.000210408000044,0.14048787290598808],[7.49993624800004,0.14034038579231278],[8.00020556100003,0.14300751086213057],[8.500155932999974,0.14291633805311912],[8.539052825999875,0.011119106656431234]],"reps":[],"score":[[0,0.4560029147416082],[0.4999843839999585,0.45599046763701073],[1.0000432990000263,0.4560584406111293],[1.499996374000034,0.45596191353415133],[2.000017952999997,0.45602438982736015],[2.500114685999961,0.45609293098324805],[3.0001278359999333,0.4842749024999733],[3.500117371999977,0.4842520317664473],[4.000215123999965,0.4843568415955926],[4.500106777000042,0.4841572296992111],[5.000180591999992,0.48433365802860207],[5.500139032999982,0.48422191550226634],[6.00015551499996,0.4842781296230557],[6.4999593940000295,0.48407221844441545],[7.000210408000044,0.4845052795719131],[7.49993624800004,0.48399663577393687],[8.00020556100003,0.49865934111356913],[8.500155932999974,0.49834142653275415],[8.539052825999875,0.03877171461583535]],"motion":[]},"serverReceivedTimestamp":"2020-01-28T18:14:30.181Z"}