{"timestamp":"2020-01-28T18:14:40.129Z","videoElapsedSeconds":810.461315197,"metrics":{"time":[[0,0],[0.4997561200000291,0.4997561200000291],[0.9998558160000357,0.5000996960000066],[1.499652243000014,0.4997964269999784],[1.9998607810000522,0.5002085380000381],[2.5001545270000634,0.5002937460000112],[3.000065536000079,0.49991100900001584],[3.500058025000044,0.49999248899996473],[4.000019971000029,0.4999619459999849],[4.500013963000015,0.49999399199998606],[4.999187781000046,0.49917381800003113],[5.4996838980000575,0.5004961170000115],[5.999728743999981,0.5000448459999234],[6.499904132999973,0.5001753889999918],[7.000161501999969,0.5002573689999963],[7.500023219000013,0.49986171700004434],[8.000043339000058,0.5000201200000447],[8.500139902,0.5000965629999428],[9.000084733999984,0.49994483199998285],[9.500007723000067,0.49992298900008336],[10.000127931000065,0.5001202079999985]],"bpm":[[0,150],[0.4997561200000291,150],[0.9998558160000357,150],[1.499652243000014,150],[1.9998607810000522,150],[2.5001545270000634,150],[3.000065536000079,150],[3.500058025000044,150],[4.000019971000029,150],[4.500013963000015,150],[4.999187781000046,150],[5.4996838980000575,150],[5.999728743999981,150],[6.499904132999973,150],[7.000161501999969,150],[7.500023219000013,150],[8.000043339000058,147],[8.500139902,147],[9.000084733999984,147],[9.500007723000067,147],[10.000127931000065,147]],"kcal":[[0,0.1353501027577744],[0.4997561200000291,0.146628688228143],[0.9998558160000357,0.14672949359333468],[1.499652243000014,0.14664051432149625],[1.9998607810000522,0.1467614278889842],[2.5001545270000634,0.14678642795754285],[3.000065536000079,0.14667413273593416],[3.500058025000044,0.14669803900747586],[4.000019971000029,0.14668907767645384],[4.500013963000015,0.1466984799884118],[4.999187781000046,0.14645784053864933],[5.4996838980000575,0.14684580370718944],[5.999728743999981,0.14671340057668186],[6.499904132999973,0.14675170195627754],[7.000161501999969,0.14677575492807826],[7.500023219000013,0.1466596704392124],[8.000043339000058,0.1429362762896306],[8.500139902,0.14295812836581073],[9.000084733999984,0.1429147543829159],[9.500007723000067,0.1429085103200397],[10.000127931000065,0.14296488755034284]],"reps":[],"score":[[0,0.4793839790489945],[0.4997561200000291,0.5193305551554461],[0.9998558160000357,0.5196875883315609],[1.499652243000014,0.5193724408989571],[1.9998607810000522,0.5198006934523157],[2.5001545270000634,0.5198892388770916],[3.000065536000079,0.5194915108438939],[3.500058025000044,0.5195761822504342],[4.000019971000029,0.5195444429429984],[4.500013963000015,0.5195777441199226],[4.999187781000046,0.5187254455653384],[5.4996838980000575,0.5200995363393368],[5.999728743999981,0.5196305899680521],[6.499904132999973,0.5197662460730683],[7.000161501999969,0.5198514370636538],[7.500023219000013,0.5194402881761057],[8.000043339000058,0.4984109500691184],[8.500139902,0.49848714705936215],[9.000084733999984,0.4983359043616784],[9.500007723000067,0.4983141316571475],[10.000127931000065,0.4985107159648337]],"motion":[]},"serverReceivedTimestamp":"2020-01-28T18:14:50.695Z"}