{"timestamp":"2020-01-28T18:14:50.624Z","videoElapsedSeconds":820.960662009,"metrics":{"time":[[0,0],[0.5006221219999816,0.5006221219999816],[1.0005620420000696,0.499939920000088],[1.5005831910000325,0.5000211489999629],[2.0007605550000562,0.5001773640000238],[2.500244103,0.49948354799994377],[3.0000914219999686,0.4998473189999686],[3.5000473759999977,0.4999559540000291],[4.000907510000047,0.5008601340000496],[4.500717589000033,0.4998100789999853],[5.00088727900004,0.500169690000007],[5.500885829000026,0.4999985499999866],[6.0002803649999805,0.4993945359999543],[6.500859547000005,0.500579182000024],[7.000974380000002,0.5001148329999978],[7.500972167999976,0.4999977879999733],[8.000973637000016,0.5000014690000398],[8.500943979999988,0.4999703429999727],[9.000890008000056,0.4999460280000676],[9.500882105000073,0.49999209700001757],[10.000695710000059,0.49981360499998573]],"bpm":[[0,147],[0.5006221219999816,147],[1.0005620420000696,147],[1.5005831910000325,147],[2.0007605550000562,147],[2.500244103,147],[3.0000914219999686,137],[3.5000473759999977,137],[4.000907510000047,137],[4.500717589000033,137],[5.00088727900004,137],[5.500885829000026,137],[6.0002803649999805,137],[6.500859547000005,137],[7.000974380000002,137],[7.500972167999976,137],[8.000973637000016,133],[8.500943979999988,133],[9.000890008000056,133],[9.500882105000073,133],[10.000695710000059,133]],"kcal":[[0,0.14270723326813395],[0.5006221219999816,0.1431083652131521],[1.0005620420000696,0.14291335023347065],[1.5005831910000325,0.1429365704406272],[2.0007605550000562,0.14298122622449702],[2.500244103,0.14278289125453303],[3.0000914219999686,0.13032498973235102],[3.5000473759999977,0.13035331409206907],[4.000907510000047,0.1305890605785254],[4.500717589000033,0.13031528016218633],[5.00088727900004,0.13040904139307424],[5.500885829000026,0.1303644201299452],[6.0002803649999805,0.13020693580351145],[6.500859547000005,0.13051580807695776],[7.000974380000002,0.13039473854960346],[7.500972167999976,0.1303642214539893],[8.000973637000016,0.12533887580143346],[8.500943979999988,0.12533107322864417],[9.000890008000056,0.12532497801704548],[9.500882105000073,0.1253365264564422],[10.000695710000059,0.12529178261465254]],"reps":[],"score":[[0,0.4976122896246589],[0.5006221219999816,0.49901101469998166],[1.0005620420000696,0.49833100816963255],[1.5005831910000325,0.49841197575749835],[2.0007605550000562,0.49856768802482754],[2.500244103,0.49787610487058764],[3.0000914219999686,0.42761663499063246],[3.5000473759999977,0.42770957163628864],[4.000907510000047,0.42848309265828416],[4.500717589000033,0.42758477637526215],[5.00088727900004,0.42789242160989605],[5.500885829000026,0.4277460122802083],[6.0002803649999805,0.4272292816219389],[6.500859547000005,0.4282427397659546],[7.000974380000002,0.4278454917478003],[7.500972167999976,0.42774536039338373],[8.000973637000016,0.3994909696194196],[8.500943979999988,0.3994661005805904],[9.000890008000056,0.39944667339189077],[9.500882105000073,0.3994834815826671],[10.000695710000059,0.39934087011733554]],"motion":[]},"serverReceivedTimestamp":"2020-01-28T18:15:01.189Z"}