{"timestamp":"2020-01-28T18:15:01.124Z","videoElapsedSeconds":831.461595498,"metrics":{"time":[[0,0],[0.4997796830000425,0.4997796830000425],[0.9988877270000103,0.4991080439999678],[1.4997522849999996,0.5008645579999893],[1.9997251530000995,0.4999728680000999],[2.5000366310000572,0.5003114779999578],[3.0000196120000737,0.4999829810000165],[3.500105020000092,0.5000854080000181],[4.000017503000095,0.4999124830000028],[4.500083219000089,0.5000657159999946],[4.999117318999993,0.49903409999990345],[5.499237921000031,0.5001206020000382],[5.999141000000009,0.4999030789999779],[6.49930392300007,0.5001629230000617],[6.999556564000045,0.5002526409999746],[7.499850175999995,0.5002936119999504],[7.9991714170000705,0.49932124100007513],[8.499574669000026,0.5004032519999555],[8.538404501999935,0.03882983299990883]],"bpm":[[0,133],[0.4997796830000425,133],[0.9988877270000103,133],[1.4997522849999996,133],[1.9997251530000995,133],[2.5000366310000572,131],[3.0000196120000737,131],[3.500105020000092,131],[4.000017503000095,131],[4.500083219000089,131],[4.999117318999993,131],[5.499237921000031,131],[5.999141000000009,131],[6.49930392300007,131],[6.999556564000045,131],[7.499850175999995,130],[7.9991714170000705,130],[8.499574669000026,130],[8.538404501999935,130]],"kcal":[[0,0.12539811328684428],[0.4997796830000425,0.1252832791489601],[0.9988877270000103,0.12511491468918737],[1.4997522849999996,0.12555523237571833],[1.9997251530000995,0.1253317061881392],[2.5000366310000572,0.12290187703775078],[3.0000196120000737,0.12282118151172479],[3.500105020000092,0.12284634277848179],[4.000017503000095,0.12280386362694684],[4.500083219000089,0.1228415054244095],[4.999117318999993,0.12258808820659907],[5.499237921000031,0.12285498821008416],[5.999141000000009,0.12280155352752768],[6.49930392300007,0.12286538439440077],[6.999556564000045,0.12288742368607852],[7.499850175999995,0.12164017769453928],[7.9991714170000705,0.12140375776357716],[8.499574669000026,0.12166683529872045],[8.538404501999935,0.009440991595068907]],"reps":[],"score":[[0,0.39967977648666864],[0.4997796830000425,0.3993137671316666],[0.9988877270000103,0.3987771412775253],[1.4997522849999996,0.400180560116318],[1.9997251530000995,0.39946811800416143],[2.5000366310000572,0.38560113049306016],[3.0000196120000737,0.38534795058392174],[3.500105020000092,0.38542689334004543],[4.000017503000095,0.38529361621483743],[4.500083219000089,0.38541171627974474],[4.999117318999993,0.38461662699364624],[5.499237921000031,0.38545401813488034],[5.999141000000009,0.3852863683438606],[6.49930392300007,0.38548663586637416],[6.999556564000045,0.3855557835148157],[7.499850175999995,0.37851884819996245],[7.9991714170000705,0.3777831587126942],[8.499574669000026,0.3786018011010652],[8.538404501999935,0.029378395626854098]],"motion":[]},"serverReceivedTimestamp":"2020-01-28T18:15:10.168Z"}