{"timestamp":"2020-01-28T18:15:50.127Z","videoElapsedSeconds":880.462150597,"metrics":{"time":[[0,0],[0.4998048329999847,0.4998048329999847],[0.999004799999966,0.49919996699998137],[1.4998529199999666,0.5008481200000006],[1.999009014999956,0.49915609499998936],[2.499510956999984,0.5005019420000281],[2.999846455000011,0.5003354980000267],[3.5001934609999807,0.50034700599997],[4.0001563219999525,0.4999628609999718],[4.500105673000007,0.4999493510000548],[5.000101367999946,0.4999956949999387],[5.4991345839999894,0.49903321600004347],[6.000122491999946,0.5009879079999564],[6.500066321999952,0.49994383000000653],[7.000035888999946,0.49996956699999373],[7.500141843000051,0.5001059540001052],[8.000168935000033,0.5000270919999821],[8.500081042000033,0.4999121070000001],[8.99923425999998,0.4991532179999467],[9.499177004999979,0.49994274499999847],[10.000104996000005,0.5009279910000259]],"bpm":[[0,103],[0.4998048329999847,103],[0.999004799999966,103],[1.4998529199999666,103],[1.999009014999956,103],[2.499510956999984,103],[2.999846455000011,103],[3.5001934609999807,103],[4.0001563219999525,110],[4.500105673000007,110],[5.000101367999946,110],[5.4991345839999894,110],[6.000122491999946,110],[6.500066321999952,110],[7.000035888999946,110],[7.500141843000051,110],[8.000168935000033,110],[8.500081042000033,110],[8.99923425999998,111],[9.499177004999979,111],[10.000104996000005,111]],"kcal":[[0,0.013922982100110157],[0.4998048329999847,0.015057372615285305],[0.999004799999966,0.0150391501169359],[1.4998529199999666,0.015088803205921316],[1.999009014999956,0.01503782840692503],[2.499510956999984,0.015078374072802466],[2.999846455000011,0.015073359696865855],[3.5001934609999807,0.015073706392679421],[4.0001563219999525,0.015062133446558528],[4.500105673000007,0.015061726437483481],[5.000101367999946,0.01506312262021054],[5.4991345839999894,0.015034126492164273],[6.000122491999946,0.015093014529749151],[6.500066321999952,0.015061560109049969],[7.000035888999946,0.015062335474899234],[7.500141843000051,0.015066444338489512],[8.000168935000033,0.015064068502077704],[8.500081042000033,0.015060604405943407],[8.99923425999998,0.015037741732969925],[9.499177004999979,0.0150615274217922],[10.000104996000005,0.015091209439973354]],"reps":[],"score":[[0,0.20796776865005315],[0.4998048329999847,0.22491217484999312],[0.999004799999966,0.22463998514999162],[1.4998529199999666,0.22538165400000026],[1.999009014999956,0.22462024274999523],[2.499510956999984,0.22522587390001264],[2.999846455000011,0.22515097410001203],[3.5001934609999807,0.22515615269998648],[4.0001563219999525,0.23699181456662713],[4.500105673000007,0.236985410572161],[5.000101367999946,0.23700737850114834],[5.4991345839999894,0.23655114532372548],[6.000122491999946,0.2374777061547674],[6.500066321999952,0.23698279351413182],[7.000035888999946,0.23699499333696722],[7.500141843000051,0.23705964334431986],[8.000168935000033,0.23702226127063517],[8.500081042000033,0.23696775621452124],[8.99923425999998,0.24366042878663025],[9.499177004999979,0.24404583447056447],[10.000104996000005,0.24452677990809749]],"motion":[]},"serverReceivedTimestamp":"2020-01-28T18:16:00.689Z"}