{"timestamp":"2020-01-28T18:16:00.624Z","videoElapsedSeconds":890.962303879,"metrics":{"time":[[0,0],[0.49985396599993237,0.49985396599993237],[0.999857211999938,0.5000032460000057],[1.49981116999993,0.49995395799999187],[1.9998821119999093,0.5000709419999794],[2.4996061919999875,0.4997240800000782],[3.000005453999961,0.5003992619999735],[3.500097729999993,0.5000922760000321],[4.0000176309999915,0.4999199009999984],[4.5000937719999,0.5000761409999086],[5.000071327000001,0.49997755500010044],[5.500163448999956,0.5000921219999555],[5.999559955999985,0.4993965070000286],[6.500138237999977,0.5005782819999922],[7.0001244640000095,0.49998622600003273],[7.499996659999965,0.4998721959999557],[7.999169837999943,0.4991731779999782],[8.50007661799998,0.5009067800000366],[9.000119627999993,0.500043010000013],[9.500117285999977,0.49999765799998386],[9.999931683,0.49981439700002284]],"bpm":[[0,111],[0.49985396599993237,111],[0.999857211999938,111],[1.49981116999993,111],[1.9998821119999093,111],[2.4996061919999875,111],[3.000005453999961,111],[3.500097729999993,112],[4.0000176309999915,112],[4.5000937719999,112],[5.000071327000001,112],[5.500163448999956,112],[5.999559955999985,112],[6.500138237999977,112],[7.0001244640000095,112],[7.499996659999965,112],[7.999169837999943,112],[8.50007661799998,112],[9.000119627999993,112],[9.500117285999977,112],[9.999931683,112]],"kcal":[[0,0.015064707003218492],[0.49985396599993237,0.015058852820835696],[0.999857211999938,0.015063350105449015],[1.49981116999993,0.015061865230288416],[1.9998821119999093,0.015065389549305629],[2.4996061919999875,0.015054939809659764],[3.000005453999961,0.015075280683305454],[3.500097729999993,0.01506603226815699],[4.0000176309999915,0.015060839211920439],[4.5000937719999,0.01506554617700107],[5.000071327000001,0.015062576125421431],[5.500163448999956,0.015066027628672965],[5.999559955999985,0.015045071180157228],[6.500138237999977,0.015080673930164814],[7.0001244640000095,0.015062837352341034],[7.499996659999965,0.015059402027015795],[7.999169837999943,0.015038343058003278],[8.50007661799998,0.015090570426683977],[9.000119627999993,0.01506454805577933],[9.500117285999977,0.01506318175854049],[9.999931683,0.01505766074517673]],"reps":[],"score":[[0,0.2440973540529226],[0.49985396599993237,0.24400249721770645],[0.999857211999938,0.24407536788650203],[1.49981116999993,0.24405130806922684],[1.9998821119999093,0.24410841352416582],[2.4996061919999875,0.24393909368292677],[3.000005453999961,0.24426868213326813],[3.500097729999993,0.2511844956141449],[4.0000176309999915,0.25109791573775436],[4.5000937719999,0.2511763913860609],[5.000071327000001,0.25112687397532524],[5.500163448999956,0.2511844182635569],[5.999559955999985,0.25083502733855445],[6.500138237999977,0.25142860490721747],[7.0001244640000095,0.2511312292130463],[7.499996659999965,0.25107395464707355],[7.999169837999943,0.2507228544758133],[8.50007661799998,0.25159360166563854],[9.000119627999993,0.2511597504701793],[9.500117285999977,0.2511369712356277],[9.999931683,0.25104492357952485]],"motion":[]},"serverReceivedTimestamp":"2020-01-28T18:16:11.177Z"}