{"timestamp":"2020-01-28T18:16:11.124Z","videoElapsedSeconds":901.462420936,"metrics":{"time":[[0,0],[0.49986548200001835,0.49986548200001835],[0.9998414770000181,0.4999759949999998],[1.4998805820000598,0.5000391050000417],[1.999892204000048,0.5000116219999882],[2.500166512000078,0.50027430800003],[3.000055395000004,0.49988888299992595],[3.500133027000061,0.5000776320000568],[4.000078120000012,0.49994509299995116],[4.5001093680000395,0.5000312480000275],[5.0000975370001015,0.49998816900006204],[5.49962564100008,0.49952810399997816],[6.000105678000068,0.5004800369999884],[6.500153339000008,0.5000476609999396],[7.000196924000079,0.5000435850000713],[7.500180432000093,0.4999835080000139],[8.000161575000106,0.4999811430000136],[8.500182396000014,0.5000208209999073],[8.999381820000053,0.49919942400003947],[9.500184802000035,0.500802981999982],[10.000174789000084,0.49998998700004904]],"bpm":[[0,112],[0.49986548200001835,112],[0.9998414770000181,112],[1.4998805820000598,112],[1.999892204000048,112],[2.500166512000078,112],[3.000055395000004,120],[3.500133027000061,120],[4.000078120000012,120],[4.5001093680000395,120],[5.0000975370001015,120],[5.49962564100008,120],[6.000105678000068,120],[6.500153339000008,120],[7.000196924000079,122],[7.500180432000093,122],[8.000161575000106,122],[8.500182396000014,122],[8.999381820000053,122],[9.500184802000035,122],[10.000174789000084,122]],"kcal":[[0,0.01506883698548095],[0.49986548200001835,0.015059199757665601],[0.9998414770000181,0.015062529128071175],[1.4998805820000598,0.015064430411779612],[1.999892204000048,0.015063602445051266],[2.500166512000078,0.015071516256047666],[3.000055395000004,0.015059904747997656],[3.500133027000061,0.015065591095623936],[4.000078120000012,0.015061598158823646],[4.5001093680000395,0.015064193707832312],[5.0000975370001015,0.015062895888140412],[5.49962564100008,0.015049035737785455],[6.000105678000068,0.015077714151717363],[6.500153339000008,0.015064688174150149],[7.000196924000079,0.11152592918960191],[7.500180432000093,0.11151253007109445],[8.000161575000106,0.111512002599429],[8.500182396000014,0.1115208520796329],[8.999381820000053,0.11133765392172873],[9.500184802000035,0.11169529933768378],[10.000174789000084,0.11151397509812971]],"reps":[],"score":[[0,0.25123125653260175],[0.49986548200001835,0.2510705823640595],[0.9998414770000181,0.25112609042425427],[1.4998805820000598,0.2511577890812612],[1.999892204000048,0.2511439850218151],[2.500166512000078,0.2512759259726996],[3.000055395000004,0.3075846902540361],[3.500133027000061,0.3077008286694228],[4.000078120000012,0.3076192766111945],[4.5001093680000395,0.30767228831022103],[5.0000975370001015,0.3076457815377933],[5.49962564100008,0.3073627007265172],[6.000105678000068,0.30794843092958474],[6.500153339000008,0.30768238732955466],[7.000196924000079,0.3218098393575812],[7.500180432000093,0.32177117598839194],[8.000161575000106,0.32176965396052676],[8.500182396000014,0.3217951892761569],[8.999381820000053,0.3212665680829139],[9.500184802000035,0.32229855960893655],[10.000174789000084,0.3217753456368447]],"motion":[]},"serverReceivedTimestamp":"2020-01-28T18:16:21.660Z"}