{"timestamp":"2020-01-28T18:16:21.624Z","videoElapsedSeconds":911.962644691,"metrics":{"time":[[0,0],[0.49980258899995533,0.49980258899995533],[0.9997569810000186,0.4999543920000633],[1.4998438100000158,0.5000868289999971],[1.9998502129999451,0.5000064029999294],[2.500025750999953,0.5001755380000077],[3.000118726999972,0.500092976000019],[3.499914791999913,0.49979606499994134],[3.999295687999961,0.49938089600004787],[4.499489626000013,0.5001939380000522],[4.999758316999987,0.5002686909999738],[5.500020297999981,0.5002619809999942],[6.000091042999998,0.5000707450000164],[6.500001429000008,0.4999103860000105],[6.999964975000012,0.4999635460000036],[7.499939691000009,0.499974715999997],[7.999982881999927,0.5000431909999179],[8.03735530899985,0.037372426999922936]],"bpm":[[0,122],[0.49980258899995533,122],[0.9997569810000186,122],[1.4998438100000158,122],[1.9998502129999451,132],[2.500025750999953,132],[3.000118726999972,132],[3.499914791999913,132],[3.999295687999961,132],[4.499489626000013,132],[4.999758316999987,132],[5.500020297999981,132],[6.000091042999998,132],[6.500001429000008,132],[6.999964975000012,137],[7.499939691000009,137],[7.999982881999927,137],[8.03735530899985,137]],"kcal":[[0,0.11152712932702187],[0.49980258899995533,0.11147217926929466],[0.9997569810000186,0.11150603625926246],[1.4998438100000158,0.11153557400341071],[1.9998502129999451,0.12408352389238529],[2.500025750999953,0.12412549708852302],[3.000118726999972,0.12410500818310756],[3.499914791999913,0.1240313256003426],[3.999295687999961,0.12392829565470875],[4.499489626000013,0.1241300633037384],[4.999758316999987,0.12414861429747796],[5.500020297999981,0.12414694911791667],[6.000091042999998,0.12409949125211742],[6.500001429000008,0.12405969594211898],[6.999964975000012,0.13035529355115805],[7.499939691000009,0.13035820590074787],[7.999982881999927,0.1303760593598391],[8.03735530899985,0.009744097807271224]],"reps":[],"score":[[0,0.3218133023731608],[0.49980258899995533,0.3216547431091549],[0.9997569810000186,0.3217524379912495],[1.4998438100000158,0.3218376696209557],[1.9998502129999451,0.39243045711116914],[2.500025750999953,0.3925632028620155],[3.000118726999972,0.39249840400503855],[3.499914791999913,0.392265373150268],[3.999295687999961,0.3919395274022355],[4.499489626000013,0.39257764411793744],[4.999758316999987,0.39263631407446936],[5.500020297999981,0.39263104772519175],[6.000091042999998,0.3924809559854917],[6.500001429000008,0.3923550980858796],[6.999964975000012,0.4277160665505525],[7.499939691000009,0.4277256224241732],[7.999982881999927,0.4277842024103693],[8.03735530899985,0.03197190595542858]],"motion":[]},"serverReceivedTimestamp":"2020-01-28T18:16:30.167Z"}