{"timestamp":"2020-01-28T18:16:40.127Z","videoElapsedSeconds":930.462383386,"metrics":{"time":[[0,0],[0.4997873699999218,0.4997873699999218],[0.9997881679998954,0.5000007979999737],[1.4998047079999424,0.5000165400000469],[1.999824801999921,0.5000200939999786],[2.499682158999917,0.4998573569999962],[3.0000679839999975,0.5003858250000803],[3.500465712999926,0.5003977289999284],[3.999966656999959,0.4995009440000331],[4.500304353999923,0.5003376969999636],[5.000487327999963,0.5001829740000403],[5.50027387099999,0.49978654300002745],[6.000137688999985,0.49986381799999435],[6.500504254999896,0.5003665659999115],[7.000425411999913,0.49992115700001705],[7.500480158999949,0.5000547470000356],[7.999804170999937,0.4993240119999882],[8.500568799999996,0.5007646290000594],[9.000476084999946,0.4999072849999493],[9.500498316999938,0.5000222319999921],[10.00051706399995,0.5000187470000128]],"bpm":[[0,149],[0.4997873699999218,149],[0.9997881679998954,149],[1.4998047079999424,149],[1.999824801999921,149],[2.499682158999917,149],[3.0000679839999975,149],[3.500465712999926,149],[3.999966656999959,149],[4.500304353999923,149],[5.000487327999963,149],[5.50027387099999,149],[6.000137688999985,149],[6.500504254999896,149],[7.000425411999913,149],[7.500480158999949,149],[7.999804170999937,149],[8.500568799999996,149],[9.000476084999946,148],[9.500498316999938,148],[10.00051706399995,148]],"kcal":[[0,0.1345014732884934],[0.4997873699999218,0.14538181870562752],[0.9997881679998954,0.14544390220887865],[1.4998047079999424,0.14544848135740873],[1.999824801999921,0.1454495151709958],[2.499682158999917,0.14540217703792507],[3.0000679839999975,0.14555590168883006],[3.500465712999926,0.14555936441168313],[3.999966656999959,0.14529850100836678],[4.500304353999923,0.14554190186288876],[5.000487327999963,0.14549689490097925],[5.50027387099999,0.14538157814182795],[6.000137688999985,0.1454040564610293],[6.500504254999896,0.14555029948949674],[7.000425411999913,0.14542073565023345],[7.500480158999949,0.14545959529001098],[7.999804170999937,0.14524703372948428],[8.500568799999996,0.1456660909768265],[9.000476084999946,0.14416036080955527],[9.500498316999938,0.14419350855814259],[10.00051706399995,0.1441925035740795]],"reps":[],"score":[[0,0.47396111756485204],[0.4997873699999218,0.5123016691388523],[0.9997881679998954,0.5125204412152007],[1.4998047079999424,0.5125365773830937],[1.999824801999921,0.5125402203725056],[2.499682158999917,0.5123734085606713],[3.0000679839999975,0.5129151090012598],[3.500465712999926,0.512927311068294],[3.999966656999959,0.5120080712477576],[4.500304353999923,0.5128657759122861],[5.000487327999963,0.5127071787650335],[5.50027387099999,0.5123008214315038],[6.000137688999985,0.5123800313392407],[6.500504254999896,0.5128953677702389],[7.000425411999913,0.5124388060646172],[7.500480158999949,0.5125757410575719],[7.999804170999937,0.5118267090037556],[8.500568799999996,0.5133033979679573],[9.000476084999946,0.505361532457955],[9.500498316999938,0.5054777335893169],[10.00051706399995,0.5054742105661825]],"motion":[]},"serverReceivedTimestamp":"2020-01-28T18:16:50.666Z"}