{"timestamp":"2020-01-28T18:16:50.623Z","videoElapsedSeconds":940.961929633,"metrics":{"time":[[0,0],[0.5008131640000784,0.5008131640000784],[1.0007852940000248,0.49997212999994645],[1.5008153900000707,0.5000300960000459],[2.0008282480000616,0.500012857999991],[2.5008532450000303,0.5000249969999686],[3.001128185000084,0.5002749400000539],[3.5010536660000753,0.4999254809999911],[4.00091416600003,0.4998604999999543],[4.50107601600007,0.5001618500000404],[5.0011016450000625,0.5000256289999925],[5.501100919999999,0.49999927499993646],[6.000058251000041,0.49895733100004236],[6.501121728000044,0.5010634770000024],[7.00120360599999,0.5000818779999463],[7.501113110999995,0.4999095050000051],[8.000234306000038,0.49912119500004337],[8.50043624400007,0.500201938000032],[9.00082614200005,0.5003898979999803],[9.500995776000082,0.5001696340000308],[10.001080894000097,0.5000851180000154]],"bpm":[[0,148],[0.5008131640000784,148],[1.0007852940000248,148],[1.5008153900000707,148],[2.0008282480000616,148],[2.5008532450000303,148],[3.001128185000084,148],[3.5010536660000753,147],[4.00091416600003,147],[4.50107601600007,147],[5.0011016450000625,147],[5.501100919999999,147],[6.000058251000041,147],[6.501121728000044,147],[7.00120360599999,147],[7.501113110999995,147],[8.000234306000038,147],[8.50043624400007,145],[9.00082614200005,145],[9.500995776000082,145],[10.001080894000097,145]],"kcal":[[0,0.14390713885231213],[0.5008131640000784,0.14442159293684548],[1.0007852940000248,0.14417906043421927],[1.5008153900000707,0.14419577633282638],[2.0008282480000616,0.14419080533843978],[2.5008532450000303,0.14419430591278456],[3.001128185000084,0.1442663830241916],[3.5010536660000753,0.14290922268574877],[4.00091416600003,0.14289064714887872],[4.50107601600007,0.14297679137617936],[5.0011016450000625,0.14293785109813756],[5.501100919999999,0.1429303175160222],[6.000058251000041,0.14263246631066034],[6.501121728000044,0.14323453141667364],[7.00120360599999,0.14295393049629943],[7.501113110999995,0.14290465576962544],[8.000234306000038,0.14267930864568093],[8.50043624400007,0.14047409065936536],[9.00082614200005,0.14052687636063366],[9.500995776000082,0.14046501857331353],[10.001080894000097,0.14044128354282606]],"reps":[],"score":[[0,0.5044738499102297],[0.5008131640000784,0.5062772950672692],[1.0007852940000248,0.5054270849504953],[1.5008153900000707,0.5054856833896852],[2.0008282480000616,0.5054682573141195],[2.5008532450000303,0.5054805287568755],[3.001128185000084,0.5057331987645756],[3.5010536660000753,0.49831661563727536],[4.00091416600003,0.4982518437597661],[4.50107601600007,0.49855222395215965],[5.0011016450000625,0.49841644133994545],[5.501100919999999,0.4983901721526055],[6.000058251000041,0.4973515813476875],[6.501121728000044,0.49945094932676853],[7.00120360599999,0.49847250931878484],[7.501113110999995,0.498300691051418],[8.000234306000038,0.4975149179988659],[8.50043624400007,0.48445774827177346],[9.00082614200005,0.48463979210531843],[9.500995776000082,0.4844264610617252],[10.001080894000097,0.4843446052591986]],"motion":[]},"serverReceivedTimestamp":"2020-01-28T18:17:01.199Z"}