{"timestamp":"2020-01-28T18:17:01.124Z","videoElapsedSeconds":951.463215115,"metrics":{"time":[[0,0],[0.4996435529999417,0.4996435529999417],[0.999721892000025,0.5000783390000834],[1.499648198999921,0.49992630699989604],[1.9996794669999645,0.5000312680000434],[2.499740453999948,0.5000609869999835],[2.9999324560000105,0.5001920020000625],[3.4999049289999675,0.49997247299995706],[3.9999190060000274,0.5000140770000598],[4.499880286999996,0.49996128099996895],[4.999955457999931,0.5000751709999349],[5.4999128739999605,0.4999574160000293],[5.999911903999987,0.4999990300000263],[6.499908945000016,0.49999704100002873],[6.999072450999961,0.4991635059999453],[7.499695612999972,0.5006231620000108],[7.999937306999982,0.5002416940000103],[8.500004839999974,0.5000675329999922],[8.999979532999987,0.49997469300001285],[9.500025312999924,0.5000457799999367],[9.99998940699993,0.4999640940000063]],"bpm":[[0,145],[0.4996435529999417,145],[0.999721892000025,145],[1.499648198999921,145],[1.9996794669999645,145],[2.499740453999948,145],[2.9999324560000105,145],[3.4999049289999675,145],[3.9999190060000274,145],[4.499880286999996,145],[4.999955457999931,145],[5.4999128739999605,145],[5.999911903999987,145],[6.499908945000016,145],[6.999072450999961,145],[7.499695612999972,145],[7.999937306999982,145],[8.500004839999974,145],[8.999979532999987,145],[9.500025312999924,145],[9.99998940699993,145]],"kcal":[[0,0.1404748348714602],[0.4996435529999417,0.14031727674249184],[0.999721892000025,0.14043937976401458],[1.499648198999921,0.14039668389389692],[1.9996794669999645,0.1404261605910672],[2.499740453999948,0.1404345067192501],[2.9999324560000105,0.14047130028520952],[3.4999049289999675,0.14040964891139343],[3.9999190060000274,0.14042133276073154],[4.499880286999996,0.14040650580877514],[4.999955457999931,0.1404384900794567],[5.4999128739999605,0.14040542038244896],[5.999911903999987,0.14041710704010496],[6.499908945000016,0.1404165484597702],[6.999072450999961,0.1401824628589874],[7.499695612999972,0.14059238499984214],[7.999937306999982,0.14048525552603408],[8.500004839999974,0.14043634506358427],[8.999979532999987,0.14041027236457385],[9.500025312999924,0.1404302360650584],[9.99998940699993,0.14040729579696243]],"reps":[],"score":[[0,0.4844603148611994],[0.4996435529999417,0.4839169388121099],[0.999721892000025,0.48433803963281225],[1.499648198999921,0.48419079294126505],[1.9996794669999645,0.4842924502239038],[2.499740453999948,0.48432123379849257],[2.9999324560000105,0.4844481250140323],[3.4999049289999675,0.48423550583567265],[3.9999190060000274,0.4842758003221144],[4.499880286999996,0.48422466611135134],[4.999955457999931,0.48433497134758213],[5.4999128739999605,0.4842209227648635],[5.999911903999987,0.4842612269364462],[6.499908945000016,0.48425930054155053],[6.999072450999961,0.4834520016117209],[7.499695612999972,0.4848657139653165],[7.999937306999982,0.48449625292512766],[8.500004839999974,0.4843275737587836],[8.999979532999987,0.48423765595974555],[9.500025312999924,0.48430650544891823],[9.99998940699993,0.48422739057033576]],"motion":[]},"serverReceivedTimestamp":"2020-01-28T18:17:11.673Z"}