{"timestamp":"2020-01-28T18:17:11.623Z","videoElapsedSeconds":961.962333404,"metrics":{"time":[[0,0],[0.5007078669999601,0.5007078669999601],[1.000650667000059,0.49994280000009894],[1.5006827810000232,0.5000321139999642],[2.000691027000016,0.500008245999993],[2.4996870029999627,0.4989959759999465],[3.00069401799999,0.5010070150000274],[3.5008619110000154,0.5001678930000253],[4.000928989000045,0.5000670780000291],[4.500919399000054,0.49999041000000943],[5.00093906699999,0.5000196679999362],[5.500951531000055,0.5000124640000649],[6.000933237000027,0.4999817059999714],[6.500938935000022,0.5000056979999954],[7.000956019,0.5000170839999782],[7.50090302600006,0.4999470070000598],[8.000896428000033,0.4999934019999728],[8.037666595999895,0.03677016799986177]],"bpm":[[0,145],[0.5007078669999601,145],[1.000650667000059,145],[1.5006827810000232,145],[2.000691027000016,145],[2.4996870029999627,148],[3.00069401799999,148],[3.5008619110000154,148],[4.000928989000045,148],[4.500919399000054,148],[5.00093906699999,148],[5.500951531000055,148],[6.000933237000027,148],[6.500938935000022,148],[7.000956019,148],[7.50090302600006,153],[8.000896428000033,153],[8.037666595999895,153]],"kcal":[[0,0.1401727392363208],[0.5007078669999601,0.1406161731080805],[1.000650667000059,0.14040131570163245],[1.5006827810000232,0.14042639817725097],[2.000691027000016,0.14041969521323366],[2.4996870029999627,0.14389756281042346],[3.00069401799999,0.1444774945628759],[3.5008619110000154,0.14423551343174765],[4.000928989000045,0.14420644098729535],[4.500919399000054,0.14418433191451918],[5.00093906699999,0.1441927691666909],[5.500951531000055,0.14419069171902835],[6.000933237000027,0.1441818219055163],[6.500938935000022,0.14418874057920597],[7.000956019,0.14419202400778353],[7.50090302600006,0.15045401300252598],[8.000896428000033,0.15046797511015422],[8.037666595999895,0.01106561146860832]],"reps":[],"score":[[0,0.4834184674253099],[0.5007078669999601,0.4849477528188781],[1.000650667000059,0.4842067668132826],[1.5006827810000232,0.4842932695954127],[2.000691027000016,0.48427015285666514],[2.4996870029999627,0.5044402806046554],[3.00069401799999,0.5064732610820528],[3.5008619110000154,0.5056249838263206],[4.000928989000045,0.505523068882447],[4.500919399000054,0.5054455643948289],[5.00093906699999,0.5054751416146922],[5.500951531000055,0.5054678590154502],[6.000933237000027,0.5054367654296413],[6.500938935000022,0.5054610191948148],[7.000956019,0.505472529421956],[7.50090302600006,0.5407197652632516],[8.000896428000033,0.5407699439684165],[8.037666595999895,0.0397689281687673]],"motion":[]},"serverReceivedTimestamp":"2020-01-28T18:17:20.175Z"}