{"timestamp":"2020-01-28T18:17:30.126Z","videoElapsedSeconds":980.462595093,"metrics":{"time":[[0,0],[0.5006179849999626,0.5006179849999626],[1.0006328719999829,0.5000148870000203],[1.4999107180000237,0.4992778460000409],[1.9996872230000236,0.4997765049999998],[2.4999518959999705,0.5002646729999469],[3.000490941999942,0.5005390459999717],[3.500843545999942,0.5003526039999997],[4.000918494999951,0.5000749490000089],[4.50091992199998,0.5000014270000293],[5.000902738000036,0.4999828160000561],[5.500968110000031,0.5000653719999946],[6.000865372000021,0.4998972619999904],[6.500889217000008,0.500023844999987],[7.0008641240000316,0.49997490700002345],[7.500825230000032,0.49996110600000065],[8.00043047600002,0.49960524599998735],[8.500931193000042,0.5005007170000226],[9.000871311999958,0.4999401189999162],[9.500217614000007,0.49934630200004904],[10.000980981999987,0.5007633679999799]],"bpm":[[0,154],[0.5006179849999626,154],[1.0006328719999829,154],[1.4999107180000237,154],[1.9996872230000236,154],[2.4999518959999705,154],[3.000490941999942,154],[3.500843545999942,154],[4.000918494999951,153],[4.50091992199998,153],[5.000902738000036,153],[5.500968110000031,153],[6.000865372000021,153],[6.500889217000008,153],[7.0008641240000316,153],[7.500825230000032,153],[8.00043047600002,153],[8.500931193000042,153],[9.000871311999958,148],[9.500217614000007,148],[10.000980981999987,148]],"kcal":[[0,0.14037589962930597],[0.5006179849999626,0.15191406281294514],[1.0006328719999829,0.15173105087531852],[1.4999107180000237,0.15150739352356232],[1.9996872230000236,0.1516587131263569],[2.4999518959999705,0.1518068492030247],[3.000490941999942,0.1518901085313126],[3.500843545999942,0.15183353213465214],[4.000918494999951,0.15049251585793744],[4.50091992199998,0.15047039015304065],[5.000902738000036,0.1504647893601711],[5.500968110000031,0.15048963375630564],[6.000865372000021,0.15043904274611386],[6.500889217000008,0.15047713662418638],[7.0008641240000316,0.15046240922632273],[7.500825230000032,0.1504582559544603],[8.00043047600002,0.15035116347401853],[8.500931193000042,0.15062064644640621],[9.000871311999958,0.14416982928785932],[9.500217614000007,0.1439985877886367],[10.000980981999987,0.14440723305541053]],"reps":[],"score":[[0,0.5068575277228139],[0.5006179849999626,0.5485185598598491],[1.0006328719999829,0.5478577557011997],[1.4999107180000237,0.5470501924893697],[1.9996872230000236,0.5475965646228412],[2.4999518959999705,0.548131441947116],[3.000490941999942,0.5484320677483207],[3.500843545999942,0.5482277864392461],[4.000918494999951,0.5408581414655513],[4.50091992199998,0.5407786234406126],[5.000902738000036,0.5407584946361675],[5.500968110000031,0.5408477834213443],[6.000865372000021,0.5406659633514811],[6.500889217000008,0.5408028697217285],[7.0008641240000316,0.5407499406242798],[7.500825230000032,0.5407350140952912],[8.00043047600002,0.5403501322318546],[8.500931193000042,0.5413186326172146],[9.000871311999958,0.5053947246938713],[9.500217614000007,0.5047944288429066],[10.000980981999987,0.5062269557670126]],"motion":[]},"serverReceivedTimestamp":"2020-01-28T18:17:40.670Z"}