{"timestamp":"2020-01-28T18:17:40.624Z","videoElapsedSeconds":990.963553669,"metrics":{"time":[[0,0],[0.49987835499996436,0.49987835499996436],[0.9998358560000042,0.4999575010000399],[1.499283599000023,0.4994477430000188],[1.9994030079999447,0.5001194089999217],[2.4999131399999897,0.5005101320000449],[3.0000457339999684,0.5001325939999788],[3.5000073390000352,0.4999616050000668],[3.9999711440000283,0.49996380499999304],[4.500074810000001,0.5001036659999727],[5.000017786999933,0.4999429769999324],[5.500010893999956,0.499993107000023],[6.000083936999999,0.5000730430000431],[6.500027918000001,0.49994398100000126],[7.000129959999981,0.5001020419999804],[7.49964077300001,0.499510813000029],[8.000093988000003,0.5004532149999932],[8.500067187000013,0.49997319900001],[9.000178770999923,0.5001115839999102],[9.49919060000002,0.49901182900009644],[9.999162576000003,0.49997197599998344]],"bpm":[[0,148],[0.49987835499996436,148],[0.9998358560000042,148],[1.499283599000023,148],[1.9994030079999447,148],[2.4999131399999897,148],[3.0000457339999684,148],[3.5000073390000352,149],[3.9999711440000283,149],[4.500074810000001,149],[5.000017786999933,149],[5.500010893999956,149],[6.000083936999999,149],[6.500027918000001,149],[7.000129959999981,149],[7.49964077300001,148],[8.000093988000003,148],[8.500067187000013,148],[9.000178770999923,148],[9.49919060000002,148],[9.999162576000003,148]],"kcal":[[0,0.1441806361108437],[0.49987835499996436,0.1441520181441027],[0.9998358560000042,0.14417484180814982],[1.499283599000023,0.14402784075532737],[1.9994030079999447,0.14422153189725487],[2.4999131399999897,0.14433420632782323],[3.0000457339999684,0.14422533411103036],[3.5000073390000352,0.14543250146138278],[3.9999711440000283,0.14543314141350966],[4.500074810000001,0.1454738252077861],[5.000017786999933,0.14542708281197114],[5.500010893999956,0.1454416649943598],[6.000083936999999,0.14546491736478878],[6.500027918000001,0.14542737486288068],[7.000129959999981,0.1454733528067479],[7.49964077300001,0.14404602851579923],[8.000093988000003,0.14431779293376024],[8.500067187000013,0.1441793687062519],[9.000178770999923,0.14421927536917684],[9.49919060000002,0.14390213440657762],[9.999162576000003,0.1441790160246039]],"reps":[],"score":[[0,0.5054326085656494],[0.49987835499996436,0.5053322868166829],[0.9998358560000042,0.5054122963406211],[1.499283599000023,0.5048969766167379],[1.9994030079999447,0.5055759708406586],[2.4999131399999897,0.5059709568311286],[3.0000457339999684,0.5055892996958968],[3.5000073390000352,0.5124802668521093],[3.9999711440000283,0.512482521938376],[4.500074810000001,0.5126258849524054],[5.000017786999933,0.5124611724208884],[5.500010893999956,0.5125125576384066],[6.000083936999999,0.5125944951756329],[6.500027918000001,0.5124622015603624],[7.000129959999981,0.512624220288677],[7.49964077300001,0.5049607347431219],[8.000093988000003,0.5059134188371202],[8.500067187000013,0.5054281656139034],[9.000178770999923,0.5055680604658432],[9.49919060000002,0.5044563065692497],[9.999162576000003,0.5054269292703129]],"motion":[]},"serverReceivedTimestamp":"2020-01-28T18:17:51.179Z"}